NOM_USUEL;AAAAMMJJ;RR;TN;TX;DG;FFM
TOUROUVRE_SAPC;20071002;5.0;14.5;19.6;0;
TOUROUVRE_SAPC;20071003;1.6;15.0;19.5;0;
TOUROUVRE_SAPC;20071004;0.0;12.2;16.1;0;
TOUROUVRE_SAPC;20071005;0.0;9.5;18.8;0;
TOUROUVRE_SAPC;20071006;0.0;8.8;18.8;0;
TOUROUVRE_SAPC;20071007;0.2;7.1;20.2;0;
TOUROUVRE_SAPC;20071008;0.0;9.2;17.7;0;
TOUROUVRE_SAPC;20071009;10.9;7.5;17.8;0;
TOUROUVRE_SAPC;20071010;0.2;10.2;16.5;0;
TOUROUVRE_SAPC;20071011;0.0;8.3;17.1;0;
TOUROUVRE_SAPC;20071012;0.0;3.3;17.4;0;
TOUROUVRE_SAPC;20071013;0.0;11.6;17.2;0;
TOUROUVRE_SAPC;20071014;0.0;5.4;18.1;0;
TOUROUVRE_SAPC;20071015;0.2;4.7;12.3;0;
TOUROUVRE_SAPC;20071016;1.0;3.6;17.7;0;
TOUROUVRE_SAPC;20071017;0.0;8.4;14.2;0;
TOUROUVRE_SAPC;20071018;0.0;4.4;13.1;0;
TOUROUVRE_SAPC;20071019;0.0;3.4;13.2;0;
TOUROUVRE_SAPC;20071020;0.0;3.7;11.1;0;
TOUROUVRE_SAPC;20071021;0.0;-0.5;12.1;226;
TOUROUVRE_SAPC;20071022;0.0;-1.3;11.3;313;
TOUROUVRE_SAPC;20071023;0.0;-0.2;10.4;67;
TOUROUVRE_SAPC;20071024;0.0;1.3;10.1;0;
TOUROUVRE_SAPC;20071025;0.0;4.9;8.1;0;
TOUROUVRE_SAPC;20071026;0.0;6.9;9.7;0;
TOUROUVRE_SAPC;20071027;0.0;7.3;11.5;0;
TOUROUVRE_SAPC;20071028;21.4;6.7;10.8;0;
TOUROUVRE_SAPC;20071029;4.4;8.3;12.9;0;
TOUROUVRE_SAPC;20071030;0.6;4.9;12.6;0;
TOUROUVRE_SAPC;20071031;0.2;1.3;12.9;0;
TOUROUVRE_SAPC;20071101;0.0;1.6;13.4;0;
TOUROUVRE_SAPC;20071102;0.0;11.0;12.6;0;
TOUROUVRE_SAPC;20071103;0.4;11.0;13.4;0;
TOUROUVRE_SAPC;20071104;0.0;7.6;13.2;0;
TOUROUVRE_SAPC;20071105;0.2;2.3;11.5;0;
TOUROUVRE_SAPC;20071106;0.0;4.3;11.4;0;
TOUROUVRE_SAPC;20071107;0.0;0.2;11.6;0;
TOUROUVRE_SAPC;20071108;3.2;8.7;12.1;0;
TOUROUVRE_SAPC;20071109;0.0;3.8;10.6;0;
TOUROUVRE_SAPC;20071110;0.0;3.3;12.7;0;
TOUROUVRE_SAPC;20071111;1.2;8.1;13.1;0;
TOUROUVRE_SAPC;20071112;0.0;2.2;8.9;197;
TOUROUVRE_SAPC;20071113;2.8;-2.0;8.2;472;
TOUROUVRE_SAPC;20071114;1.0;4.7;7.8;0;
TOUROUVRE_SAPC;20071115;0.0;0.1;5.5;252;
TOUROUVRE_SAPC;20071116;0.2;-3.7;4.3;898;
TOUROUVRE_SAPC;20071117;0.0;-5.6;7.1;964;
TOUROUVRE_SAPC;20071118;10.0;-3.1;4.7;782;
TOUROUVRE_SAPC;20071119;9.0;0.5;7.6;0;
TOUROUVRE_SAPC;20071120;30.3;6.0;10.5;0;
TOUROUVRE_SAPC;20071121;0.2;7.8;11.5;0;
TOUROUVRE_SAPC;20071122;0.0;3.8;10.2;0;
TOUROUVRE_SAPC;20071123;0.4;2.8;7.3;0;
TOUROUVRE_SAPC;20071124;0.6;0.6;7.3;1;
TOUROUVRE_SAPC;20071125;0.2;0.0;10.4;0;
TOUROUVRE_SAPC;20071126;0.0;2.1;8.8;0;
TOUROUVRE_SAPC;20071127;0.0;4.5;8.6;0;
TOUROUVRE_SAPC;20071128;0.2;3.8;6.9;0;
TOUROUVRE_SAPC;20071129;1.4;3.9;9.8;0;
TOUROUVRE_SAPC;20071130;4.2;0.2;9.8;0;
TOUROUVRE_SAPC;20071201;5.9;5.4;10.3;0;
TOUROUVRE_SAPC;20071202;25.8;4.4;11.3;0;
TOUROUVRE_SAPC;20071203;0.6;6.7;11.0;0;
TOUROUVRE_SAPC;20071204;0.2;4.2;11.0;0;
TOUROUVRE_SAPC;20071205;1.8;9.8;12.0;0;
TOUROUVRE_SAPC;20071206;8.4;7.0;12.6;0;
TOUROUVRE_SAPC;20071207;7.7;5.3;11.3;0;
TOUROUVRE_SAPC;20071208;13.3;2.7;11.5;0;
TOUROUVRE_SAPC;20071209;15.1;5.9;7.8;0;
TOUROUVRE_SAPC;20071210;3.0;5.7;7.2;0;
TOUROUVRE_SAPC;20071211;0.0;2.7;6.1;33;
TOUROUVRE_SAPC;20071212;0.4;-2.9;5.4;658;
TOUROUVRE_SAPC;20071213;0.0;-1.0;3.6;440;
TOUROUVRE_SAPC;20071214;0.0;0.4;1.4;267;
TOUROUVRE_SAPC;20071215;0.0;-1.4;1.3;1090;
TOUROUVRE_SAPC;20071216;0.0;-4.4;0.1;1424;
TOUROUVRE_SAPC;20071217;0.0;-3.3;-1.0;1440;
TOUROUVRE_SAPC;20071218;0.0;-5.0;0.7;1333;
TOUROUVRE_SAPC;20071219;0.4;-6.2;2.8;1184;
TOUROUVRE_SAPC;20071220;0.0;-6.0;3.9;1167;
TOUROUVRE_SAPC;20071221;0.2;-4.9;7.1;928;
TOUROUVRE_SAPC;20071222;0.0;-4.4;9.4;882;
TOUROUVRE_SAPC;20071223;0.2;-5.0;10.1;926;
TOUROUVRE_SAPC;20071224;0.0;-5.7;7.5;973;
TOUROUVRE_SAPC;20071225;4.0;-3.2;2.9;441;
TOUROUVRE_SAPC;20071226;0.6;1.2;3.8;0;
TOUROUVRE_SAPC;20071227;0.6;2.2;6.9;0;
TOUROUVRE_SAPC;20071228;0.2;2.4;6.2;0;
TOUROUVRE_SAPC;20071229;2.6;3.2;8.8;0;
TOUROUVRE_SAPC;20071230;0.4;2.0;8.3;0;
TOUROUVRE_SAPC;20071231;1.4;2.7;5.9;47;
TOUROUVRE_SAPC;20080101;0.0;-0.5;7.5;106;
TOUROUVRE_SAPC;20080102;3.0;-0.8;0.2;1335;
TOUROUVRE_SAPC;20080103;0.6;-2.0;6.0;300;
TOUROUVRE_SAPC;20080104;12.5;2.8;9.0;0;
TOUROUVRE_SAPC;20080105;1.0;4.0;8.3;0;
TOUROUVRE_SAPC;20080106;2.8;0.1;11.6;0;
TOUROUVRE_SAPC;20080107;0.4;6.0;9.6;0;
TOUROUVRE_SAPC;20080108;0.2;4.7;8.1;0;
TOUROUVRE_SAPC;20080109;2.0;3.7;8.9;0;
TOUROUVRE_SAPC;20080110;4.0;3.0;10.0;0;
TOUROUVRE_SAPC;20080111;5.2;6.5;9.4;0;
TOUROUVRE_SAPC;20080112;0.0;0.8;8.0;0;
TOUROUVRE_SAPC;20080113;4.0;5.0;8.0;0;
TOUROUVRE_SAPC;20080114;1.0;4.5;8.5;0;
TOUROUVRE_SAPC;20080115;20.0;7.0;8.0;0;
TOUROUVRE_SAPC;20080116;3.0;4.5;8.0;0;
TOUROUVRE_SAPC;20080117;2.2;4.5;11.0;0;
TOUROUVRE_SAPC;20080118;1.2;5.9;11.8;0;
TOUROUVRE_SAPC;20080119;0.0;10.4;13.1;0;
TOUROUVRE_SAPC;20080120;0.0;9.0;11.2;0;
TOUROUVRE_SAPC;20080121;2.0;7.1;10.6;0;
TOUROUVRE_SAPC;20080122;0.0;6.2;10.1;0;
TOUROUVRE_SAPC;20080123;0.0;2.0;9.0;0;
TOUROUVRE_SAPC;20080124;0.2;7.1;9.4;0;
TOUROUVRE_SAPC;20080125;0.2;-2.4;8.2;675;
TOUROUVRE_SAPC;20080126;0.0;-4.6;8.2;946;
TOUROUVRE_SAPC;20080127;0.2;-5.0;11.8;824;
TOUROUVRE_SAPC;20080128;0.2;-4.7;8.8;929;
TOUROUVRE_SAPC;20080129;0.0;-4.3;1.8;761;
TOUROUVRE_SAPC;20080130;1.4;0.5;5.3;303;
TOUROUVRE_SAPC;20080131;9.5;-3.7;7.7;504;
TOUROUVRE_SAPC;20080201;11.3;2.3;6.1;0;
TOUROUVRE_SAPC;20080202;0.2;-2.1;6.2;502;
TOUROUVRE_SAPC;20080203;6.0;-1.1;7.6;447;
TOUROUVRE_SAPC;20080204;9.1;3.2;7.4;0;
TOUROUVRE_SAPC;20080205;7.8;2.3;11.5;0;
TOUROUVRE_SAPC;20080206;0.0;5.2;11.3;5;
TOUROUVRE_SAPC;20080207;0.2;-1.1;12.2;422;
TOUROUVRE_SAPC;20080208;0.0;-0.4;14.4;53;
TOUROUVRE_SAPC;20080209;0.0;-0.6;13.5;123;
TOUROUVRE_SAPC;20080210;0.0;-0.7;12.8;146;
TOUROUVRE_SAPC;20080211;0.0;0.3;11.1;0;
TOUROUVRE_SAPC;20080212;0.0;-0.6;10.6;86;
TOUROUVRE_SAPC;20080213;0.0;1.5;10.5;0;
TOUROUVRE_SAPC;20080214;0.2;-1.4;3.3;568;
TOUROUVRE_SAPC;20080215;0.0;-1.9;1.2;979;
TOUROUVRE_SAPC;20080216;0.0;-2.7;4.5;690;
TOUROUVRE_SAPC;20080217;0.2;-3.5;7.4;814;
TOUROUVRE_SAPC;20080218;0.0;-3.0;9.8;500;
TOUROUVRE_SAPC;20080219;2.0;-2.0;10.8;269;
TOUROUVRE_SAPC;20080220;0.8;4.7;8.5;0;
TOUROUVRE_SAPC;20080221;0.0;4.4;9.7;0;
TOUROUVRE_SAPC;20080222;0.0;6.3;12.2;0;
TOUROUVRE_SAPC;20080223;0.0;2.6;11.5;0;
TOUROUVRE_SAPC;20080224;4.4;-1.6;15.1;183;
TOUROUVRE_SAPC;20080225;0.0;7.6;11.6;0;
TOUROUVRE_SAPC;20080226;4.8;7.3;11.2;0;
TOUROUVRE_SAPC;20080227;3.6;0.7;10.0;0;
TOUROUVRE_SAPC;20080228;1.2;6.6;12.5;0;
TOUROUVRE_SAPC;20080229;0.8;7.8;11.1;0;
TOUROUVRE_SAPC;20080301;0.0;8.8;12.7;0;
TOUROUVRE_SAPC;20080302;2.8;6.4;12.7;0;
TOUROUVRE_SAPC;20080303;2.6;5.9;9.7;0;
TOUROUVRE_SAPC;20080304;2.6;0.8;7.0;0;
TOUROUVRE_SAPC;20080305;0.0;-0.2;6.5;308;
TOUROUVRE_SAPC;20080306;0.0;-2.7;7.9;300;
TOUROUVRE_SAPC;20080307;2.4;4.7;8.5;55;
TOUROUVRE_SAPC;20080308;2.6;-1.9;8.5;500;
TOUROUVRE_SAPC;20080309;10.5;5.3;9.5;0;
TOUROUVRE_SAPC;20080310;16.3;1.8;9.9;0;
TOUROUVRE_SAPC;20080311;11.2;5.0;14.0;0;
TOUROUVRE_SAPC;20080312;1.6;6.3;9.6;0;
TOUROUVRE_SAPC;20080313;0.2;2.4;10.5;0;
TOUROUVRE_SAPC;20080314;0.0;8.9;16.1;0;
TOUROUVRE_SAPC;20080315;2.8;4.2;16.8;0;
TOUROUVRE_SAPC;20080316;2.4;7.3;11.1;0;
TOUROUVRE_SAPC;20080317;0.0;5.1;8.1;0;
TOUROUVRE_SAPC;20080318;0.0;-0.9;6.5;157;
TOUROUVRE_SAPC;20080319;0.2;-0.4;7.4;58;
TOUROUVRE_SAPC;20080320;4.2;-1.8;8.4;358;
TOUROUVRE_SAPC;20080321;7.3;3.4;9.1;0;
TOUROUVRE_SAPC;20080322;5.6;-0.1;5.1;16;
TOUROUVRE_SAPC;20080323;2.2;-1.6;5.2;369;
TOUROUVRE_SAPC;20080324;2.6;-0.2;5.1;71;
TOUROUVRE_SAPC;20080325;0.0;0.2;9.6;0;
TOUROUVRE_SAPC;20080326;10.1;3.6;9.5;0;
TOUROUVRE_SAPC;20080327;1.0;0.0;10.1;120;
TOUROUVRE_SAPC;20080328;7.3;-1.1;10.5;165;
TOUROUVRE_SAPC;20080329;0.4;1.2;12.5;0;
TOUROUVRE_SAPC;20080330;3.8;7.4;9.7;0;
TOUROUVRE_SAPC;20080331;0.8;3.7;11.9;0;
TOUROUVRE_SAPC;20080401;0.0;2.9;15.0;0;
TOUROUVRE_SAPC;20080402;0.0;3.2;14.3;0;
TOUROUVRE_SAPC;20080403;0.0;9.2;15.0;0;
TOUROUVRE_SAPC;20080404;0.0;0.8;15.1;0;
TOUROUVRE_SAPC;20080405;1.8;5.0;10.1;0;
TOUROUVRE_SAPC;20080406;3.2;0.1;7.0;268;
TOUROUVRE_SAPC;20080407;0.4;-2.1;8.8;630;
TOUROUVRE_SAPC;20080408;0.0;-1.4;8.8;381;
TOUROUVRE_SAPC;20080409;0.0;1.3;9.2;0;
TOUROUVRE_SAPC;20080410;0.0;1.4;11.6;0;
TOUROUVRE_SAPC;20080411;0.2;-0.4;13.4;28;
TOUROUVRE_SAPC;20080412;11.9;2.2;13.4;0;
TOUROUVRE_SAPC;20080413;1.6;5.3;12.2;0;
TOUROUVRE_SAPC;20080414;2.2;3.8;11.9;0;
TOUROUVRE_SAPC;20080415;0.2;0.0;12.4;7;
TOUROUVRE_SAPC;20080416;0.2;-1.3;12.9;267;
TOUROUVRE_SAPC;20080417;1.4;1.5;10.7;0;
TOUROUVRE_SAPC;20080418;4.0;5.6;12.2;0;
TOUROUVRE_SAPC;20080419;2.0;8.4;14.8;0;
TOUROUVRE_SAPC;20080420;11.5;6.2;16.5;0;
TOUROUVRE_SAPC;20080421;1.6;9.7;12.5;0;
TOUROUVRE_SAPC;20080422;0.2;7.0;16.3;0;
TOUROUVRE_SAPC;20080423;1.0;5.9;16.8;0;
TOUROUVRE_SAPC;20080424;4.0;1.9;15.5;0;
TOUROUVRE_SAPC;20080425;0.0;2.2;17.9;0;
TOUROUVRE_SAPC;20080426;0.0;3.8;20.5;0;
TOUROUVRE_SAPC;20080427;1.6;8.2;21.2;0;
TOUROUVRE_SAPC;20080428;7.6;7.0;13.4;0;
TOUROUVRE_SAPC;20080429;17.6;4.4;12.1;0;
TOUROUVRE_SAPC;20080430;3.4;6.8;12.5;0;
TOUROUVRE_SAPC;20080501;7.1;5.6;13.2;0;
TOUROUVRE_SAPC;20080502;0.2;2.9;17.1;0;
TOUROUVRE_SAPC;20080503;0.0;8.5;22.5;0;
TOUROUVRE_SAPC;20080504;0.0;9.7;23.3;0;
TOUROUVRE_SAPC;20080505;0.0;11.6;19.6;0;
TOUROUVRE_SAPC;20080506;0.0;8.6;21.5;0;
TOUROUVRE_SAPC;20080507;0.0;6.8;23.9;0;
TOUROUVRE_SAPC;20080508;0.0;9.2;23.3;0;
TOUROUVRE_SAPC;20080509;0.0;13.5;22.7;0;
TOUROUVRE_SAPC;20080510;0.0;12.4;22.0;0;
TOUROUVRE_SAPC;20080511;0.0;11.9;24.3;0;
TOUROUVRE_SAPC;20080512;0.0;10.4;24.2;0;
TOUROUVRE_SAPC;20080513;0.2;10.1;24.6;0;
TOUROUVRE_SAPC;20080514;0.0;9.3;23.8;0;
TOUROUVRE_SAPC;20080515;0.2;11.4;20.2;0;
TOUROUVRE_SAPC;20080516;0.0;6.6;19.6;0;
TOUROUVRE_SAPC;20080517;5.2;10.3;18.6;0;
TOUROUVRE_SAPC;20080518;3.4;5.3;17.3;0;
TOUROUVRE_SAPC;20080519;0.2;5.8;16.6;0;
TOUROUVRE_SAPC;20080520;0.0;5.2;17.8;0;
TOUROUVRE_SAPC;20080521;0.2;6.5;20.5;0;
TOUROUVRE_SAPC;20080522;0.0;6.8;21.4;0;
TOUROUVRE_SAPC;20080523;0.0;9.5;22.0;0;
TOUROUVRE_SAPC;20080524;1.8;13.0;19.8;0;
TOUROUVRE_SAPC;20080525;9.1;11.4;21.2;0;
TOUROUVRE_SAPC;20080526;0.2;12.5;20.3;0;
TOUROUVRE_SAPC;20080527;25.0;7.1;17.2;0;
TOUROUVRE_SAPC;20080528;0.6;12.6;21.0;0;
TOUROUVRE_SAPC;20080529;6.1;10.2;20.8;0;
TOUROUVRE_SAPC;20080530;0.0;9.1;23.1;0;
TOUROUVRE_SAPC;20080531;0.2;13.2;20.7;0;
TOUROUVRE_SAPC;20080601;0.2;13.3;21.2;0;
TOUROUVRE_SAPC;20080602;13.5;14.4;21.4;0;
TOUROUVRE_SAPC;20080603;3.8;11.2;13.9;0;
TOUROUVRE_SAPC;20080604;0.0;10.2;19.2;0;
TOUROUVRE_SAPC;20080605;0.0;6.8;21.9;0;
TOUROUVRE_SAPC;20080606;0.0;10.5;17.3;0;
TOUROUVRE_SAPC;20080607;0.0;6.1;18.9;0;
TOUROUVRE_SAPC;20080608;0.0;7.3;19.6;0;
TOUROUVRE_SAPC;20080609;0.0;12.4;26.1;0;
TOUROUVRE_SAPC;20080610;0.0;12.6;26.4;0;
TOUROUVRE_SAPC;20080611;0.2;13.3;22.2;0;
TOUROUVRE_SAPC;20080612;2.8;7.2;17.9;0;
TOUROUVRE_SAPC;20080613;0.2;4.4;17.7;0;
TOUROUVRE_SAPC;20080614;0.2;4.9;18.7;0;
TOUROUVRE_SAPC;20080615;1.6;9.1;17.3;0;
TOUROUVRE_SAPC;20080616;0.0;7.5;20.0;0;
TOUROUVRE_SAPC;20080617;0.0;7.5;22.7;0;
TOUROUVRE_SAPC;20080618;0.0;6.4;20.9;0;
TOUROUVRE_SAPC;20080619;5.2;10.4;19.9;0;
TOUROUVRE_SAPC;20080620;0.0;12.9;22.5;0;
TOUROUVRE_SAPC;20080621;0.0;12.3;24.9;0;
TOUROUVRE_SAPC;20080622;0.2;13.2;24.4;0;
TOUROUVRE_SAPC;20080623;0.2;7.1;23.3;0;
TOUROUVRE_SAPC;20080624;0.0;11.5;28.7;0;
TOUROUVRE_SAPC;20080625;0.0;13.7;24.0;0;
TOUROUVRE_SAPC;20080626;0.0;8.6;24.0;0;
TOUROUVRE_SAPC;20080627;0.0;8.8;23.2;0;
TOUROUVRE_SAPC;20080628;0.0;15.2;24.0;0;
TOUROUVRE_SAPC;20080629;0.0;12.5;22.9;0;
TOUROUVRE_SAPC;20080630;0.0;9.1;25.7;0;
TOUROUVRE_SAPC;20080701;0.2;10.0;30.2;0;
TOUROUVRE_SAPC;20080702;4.1;14.8;19.5;0;
TOUROUVRE_SAPC;20080703;0.0;10.9;21.4;0;
TOUROUVRE_SAPC;20080704;0.6;4.6;23.3;0;
TOUROUVRE_SAPC;20080705;4.6;14.1;21.8;0;
TOUROUVRE_SAPC;20080706;0.4;9.8;21.4;0;
TOUROUVRE_SAPC;20080707;15.6;11.8;18.6;0;
TOUROUVRE_SAPC;20080708;0.2;11.7;18.8;0;
TOUROUVRE_SAPC;20080709;0.0;7.8;22.4;0;
TOUROUVRE_SAPC;20080710;2.0;11.8;22.4;0;
TOUROUVRE_SAPC;20080711;3.6;12.9;20.8;0;
TOUROUVRE_SAPC;20080712;0.0;12.1;19.5;0;
TOUROUVRE_SAPC;20080713;1.2;6.0;19.6;0;
TOUROUVRE_SAPC;20080714;0.0;5.4;23.2;0;
TOUROUVRE_SAPC;20080715;0.0;8.7;25.6;0;
TOUROUVRE_SAPC;20080716;0.0;12.4;21.0;0;
TOUROUVRE_SAPC;20080717;0.2;9.9;22.2;0;
TOUROUVRE_SAPC;20080718;0.0;11.9;19.7;0;
TOUROUVRE_SAPC;20080719;0.8;14.6;22.5;0;
TOUROUVRE_SAPC;20080720;0.0;9.2;21.2;0;
TOUROUVRE_SAPC;20080721;0.0;7.1;20.7;0;
TOUROUVRE_SAPC;20080722;0.0;6.7;25.2;0;
TOUROUVRE_SAPC;20080723;0.0;9.6;27.8;0;
TOUROUVRE_SAPC;20080724;0.0;13.9;28.8;0;
TOUROUVRE_SAPC;20080725;4.4;14.7;24.3;0;
TOUROUVRE_SAPC;20080726;0.2;15.3;25.1;0;
TOUROUVRE_SAPC;20080727;0.0;15.2;27.7;0;
TOUROUVRE_SAPC;20080728;0.4;14.7;30.1;0;
TOUROUVRE_SAPC;20080729;0.0;13.0;24.5;0;
TOUROUVRE_SAPC;20080730;0.0;9.2;28.6;0;
TOUROUVRE_SAPC;20080731;8.8;15.3;30.2;0;
TOUROUVRE_SAPC;20080801;1.6;13.7;22.2;0;
TOUROUVRE_SAPC;20080802;3.6;12.0;24.4;0;
TOUROUVRE_SAPC;20080803;5.6;15.5;24.0;0;
TOUROUVRE_SAPC;20080804;0.0;15.7;23.3;0;
TOUROUVRE_SAPC;20080805;0.0;13.4;25.6;0;
TOUROUVRE_SAPC;20080806;0.4;12.0;31.2;0;
TOUROUVRE_SAPC;20080807;9.9;17.4;23.3;0;
TOUROUVRE_SAPC;20080808;1.4;15.0;21.5;0;
TOUROUVRE_SAPC;20080809;0.2;8.7;23.1;0;
TOUROUVRE_SAPC;20080810;0.8;14.3;22.6;0;
TOUROUVRE_SAPC;20080811;4.0;10.0;20.3;0;
TOUROUVRE_SAPC;20080812;0.0;14.8;21.2;0;
TOUROUVRE_SAPC;20080813;0.8;13.4;21.2;0;
TOUROUVRE_SAPC;20080814;0.6;6.5;20.5;0;
TOUROUVRE_SAPC;20080815;0.0;7.3;22.3;0;
TOUROUVRE_SAPC;20080816;0.0;8.0;20.3;0;
TOUROUVRE_SAPC;20080817;0.0;13.5;21.9;0;
TOUROUVRE_SAPC;20080818;1.2;13.0;23.1;0;
TOUROUVRE_SAPC;20080819;3.0;14.2;21.3;0;
TOUROUVRE_SAPC;20080820;0.0;13.7;20.8;0;
TOUROUVRE_SAPC;20080821;13.4;11.2;19.2;0;
TOUROUVRE_SAPC;20080822;7.9;13.1;18.3;0;
TOUROUVRE_SAPC;20080823;0.2;8.6;19.6;0;
TOUROUVRE_SAPC;20080824;2.2;9.6;15.3;0;
TOUROUVRE_SAPC;20080825;0.0;9.2;20.9;0;
TOUROUVRE_SAPC;20080826;0.0;10.5;18.2;0;
TOUROUVRE_SAPC;20080827;0.0;9.9;22.9;0;
TOUROUVRE_SAPC;20080828;0.0;13.4;17.8;0;
TOUROUVRE_SAPC;20080829;0.2;14.6;23.5;0;
TOUROUVRE_SAPC;20080830;3.7;12.1;29.0;0;
TOUROUVRE_SAPC;20080831;1.6;15.0;23.5;0;
TOUROUVRE_SAPC;20080901;0.4;11.8;20.6;0;
TOUROUVRE_SAPC;20080902;4.2;13.6;20.2;0;
TOUROUVRE_SAPC;20080903;0.2;8.3;17.2;0;
TOUROUVRE_SAPC;20080904;0.2;8.2;17.5;0;
TOUROUVRE_SAPC;20080905;10.9;11.2;17.9;0;
TOUROUVRE_SAPC;20080906;3.2;13.0;19.2;0;
TOUROUVRE_SAPC;20080907;0.4;12.4;18.3;0;
TOUROUVRE_SAPC;20080908;0.2;9.9;19.6;0;
TOUROUVRE_SAPC;20080909;1.8;9.1;23.2;0;
TOUROUVRE_SAPC;20080910;0.0;14.3;22.9;0;
TOUROUVRE_SAPC;20080911;4.4;13.1;20.5;0;
TOUROUVRE_SAPC;20080912;4.9;10.9;17.7;0;
TOUROUVRE_SAPC;20080913;0.0;4.7;19.2;0;
TOUROUVRE_SAPC;20080914;0.0;11.9;18.8;0;
TOUROUVRE_SAPC;20080915;0.0;8.2;18.0;0;
TOUROUVRE_SAPC;20080916;0.0;6.7;17.1;0;
TOUROUVRE_SAPC;20080917;0.0;6.7;16.1;0;
TOUROUVRE_SAPC;20080918;0.2;7.3;16.8;0;
TOUROUVRE_SAPC;20080919;0.0;5.2;19.2;0;
TOUROUVRE_SAPC;20080920;0.0;6.5;19.3;0;
TOUROUVRE_SAPC;20080921;0.0;5.3;17.9;0;
TOUROUVRE_SAPC;20080922;0.0;7.1;18.3;0;
TOUROUVRE_SAPC;20080923;2.4;7.3;17.7;0;
TOUROUVRE_SAPC;20080924;0.2;11.5;16.7;0;
TOUROUVRE_SAPC;20080925;0.2;10.0;18.3;0;
TOUROUVRE_SAPC;20080926;0.0;7.5;18.3;0;
TOUROUVRE_SAPC;20080927;0.0;6.3;19.4;0;
TOUROUVRE_SAPC;20080928;0.2;5.2;20.3;0;
TOUROUVRE_SAPC;20080929;0.0;3.5;17.6;0;
TOUROUVRE_SAPC;20080930;1.0;3.6;13.4;0;
TOUROUVRE_SAPC;20081001;0.6;11.9;16.4;0;
TOUROUVRE_SAPC;20081002;3.6;7.2;14.3;0;
TOUROUVRE_SAPC;20081003;4.8;2.3;11.1;0;
TOUROUVRE_SAPC;20081004;0.2;1.1;12.9;0;
TOUROUVRE_SAPC;20081005;3.0;9.9;15.5;0;
TOUROUVRE_SAPC;20081006;2.0;12.3;17.4;0;
TOUROUVRE_SAPC;20081007;6.5;12.5;19.4;0;
TOUROUVRE_SAPC;20081008;0.0;6.9;15.6;0;
TOUROUVRE_SAPC;20081009;0.2;4.9;15.7;0;
TOUROUVRE_SAPC;20081010;0.2;1.8;19.0;0;
TOUROUVRE_SAPC;20081011;0.0;4.8;21.9;0;
TOUROUVRE_SAPC;20081012;0.2;7.2;21.5;0;
TOUROUVRE_SAPC;20081013;0.0;8.6;19.2;0;
TOUROUVRE_SAPC;20081014;0.6;12.1;14.9;0;
TOUROUVRE_SAPC;20081015;2.2;12.4;15.4;0;
TOUROUVRE_SAPC;20081016;0.2;9.0;14.1;0;
TOUROUVRE_SAPC;20081017;0.4;0.6;15.4;0;
TOUROUVRE_SAPC;20081018;0.0;0.9;15.6;0;
TOUROUVRE_SAPC;20081019;0.2;-0.4;15.6;166;
TOUROUVRE_SAPC;20081020;5.6;0.1;16.2;0;
TOUROUVRE_SAPC;20081021;1.5;8.7;12.0;0;
TOUROUVRE_SAPC;20081022;0.0;4.7;14.1;0;
TOUROUVRE_SAPC;20081023;0.2;-0.7;14.0;235;
TOUROUVRE_SAPC;20081024;0.0;3.3;11.7;0;
TOUROUVRE_SAPC;20081025;0.0;5.3;12.1;0;
TOUROUVRE_SAPC;20081026;13.3;8.8;13.1;0;
TOUROUVRE_SAPC;20081027;0.8;6.3;12.4;0;
TOUROUVRE_SAPC;20081028;0.2;-1.1;10.5;352;
TOUROUVRE_SAPC;20081029;1.0;-1.5;7.4;362;
TOUROUVRE_SAPC;20081030;11.3;0.2;3.2;0;
TOUROUVRE_SAPC;20081031;7.7;2.0;5.5;0;
TOUROUVRE_SAPC;20081101;3.4;4.6;9.6;0;
TOUROUVRE_SAPC;20081102;4.8;6.1;10.8;0;
TOUROUVRE_SAPC;20081103;0.2;6.0;13.5;0;
TOUROUVRE_SAPC;20081104;0.0;2.0;13.5;0;
TOUROUVRE_SAPC;20081105;1.6;8.3;9.4;0;
TOUROUVRE_SAPC;20081106;0.6;7.3;8.6;0;
TOUROUVRE_SAPC;20081107;1.6;6.0;12.5;0;
TOUROUVRE_SAPC;20081108;9.9;1.5;12.6;0;
TOUROUVRE_SAPC;20081109;6.1;6.6;12.9;0;
TOUROUVRE_SAPC;20081110;15.0;10.1;14.2;0;
TOUROUVRE_SAPC;20081111;0.4;6.2;12.3;0;
TOUROUVRE_SAPC;20081112;0.0;5.7;10.2;0;
TOUROUVRE_SAPC;20081113;0.8;0.2;11.7;0;
TOUROUVRE_SAPC;20081114;0.4;4.8;10.8;0;
TOUROUVRE_SAPC;20081115;0.0;9.2;11.4;0;
TOUROUVRE_SAPC;20081116;0.0;9.6;11.2;0;
TOUROUVRE_SAPC;20081117;4.6;7.4;9.5;0;
TOUROUVRE_SAPC;20081118;1.8;7.7;12.3;0;
TOUROUVRE_SAPC;20081119;0.0;3.9;10.9;0;
TOUROUVRE_SAPC;20081120;1.0;7.2;12.1;0;
TOUROUVRE_SAPC;20081121;4.0;7.5;11.3;0;
TOUROUVRE_SAPC;20081122;2.4;3.1;5.6;0;
TOUROUVRE_SAPC;20081123;15.5;0.0;8.8;3;
TOUROUVRE_SAPC;20081124;1.6;0.5;7.6;0;
TOUROUVRE_SAPC;20081125;1.2;0.1;6.5;0;
TOUROUVRE_SAPC;20081126;0.0;1.0;7.8;0;
TOUROUVRE_SAPC;20081127;0.6;3.5;4.6;0;
TOUROUVRE_SAPC;20081128;0.6;2.1;6.3;0;
TOUROUVRE_SAPC;20081129;1.8;2.4;6.2;0;
TOUROUVRE_SAPC;20081130;1.2;0.2;3.6;0;
TOUROUVRE_SAPC;20081201;0.0;2.2;5.9;5;
TOUROUVRE_SAPC;20081202;9.3;-1.6;6.7;245;
TOUROUVRE_SAPC;20081203;1.0;-0.5;7.1;390;
TOUROUVRE_SAPC;20081204;9.0;-3.0;10.3;208;
TOUROUVRE_SAPC;20081205;10.0;4.7;8.3;0;
TOUROUVRE_SAPC;20081206;0.0;2.9;7.4;160;
TOUROUVRE_SAPC;20081207;0.0;-1.3;4.5;322;
TOUROUVRE_SAPC;20081208;0.0;-0.3;3.0;473;
TOUROUVRE_SAPC;20081209;0.4;-1.4;5.7;634;
TOUROUVRE_SAPC;20081210;0.0;0.5;5.0;160;
TOUROUVRE_SAPC;20081211;0.0;-1.5;3.0;1210;
TOUROUVRE_SAPC;20081212;0.0;-2.5;0.8;1436;
TOUROUVRE_SAPC;20081213;5.0;-1.5;5.0;239;
TOUROUVRE_SAPC;20081214;5.6;2.3;3.7;0;
TOUROUVRE_SAPC;20081215;0.0;0.4;6.0;0;
TOUROUVRE_SAPC;20081216;0.4;1.2;2.5;0;
TOUROUVRE_SAPC;20081217;0.0;1.3;7.8;96;
TOUROUVRE_SAPC;20081218;0.2;-0.4;7.9;0;
TOUROUVRE_SAPC;20081219;0.0;4.3;9.6;0;
TOUROUVRE_SAPC;20081220;0.0;3.6;10.5;0;
TOUROUVRE_SAPC;20081221;0.0;7.4;9.0;0;
TOUROUVRE_SAPC;20081222;0.0;6.6;8.6;0;
TOUROUVRE_SAPC;20081223;0.0;4.1;10.3;0;
TOUROUVRE_SAPC;20081224;0.0;0.4;4.9;0;
TOUROUVRE_SAPC;20081225;0.0;3.9;5.7;0;
TOUROUVRE_SAPC;20081226;0.0;-1.4;1.8;705;
TOUROUVRE_SAPC;20081227;0.0;-2.7;0.5;1273;
TOUROUVRE_SAPC;20081228;0.0;-4.8;-0.5;1440;
TOUROUVRE_SAPC;20081229;0.0;-6.3;2.1;1216;
TOUROUVRE_SAPC;20081230;0.0;-3.6;1.5;1079;
TOUROUVRE_SAPC;20081231;0.0;-1.6;0.3;1324;
TOUROUVRE_SAPC;20090101;0.0;-0.8;1.2;434;
TOUROUVRE_SAPC;20090102;0.0;-4.7;-0.5;1440;
TOUROUVRE_SAPC;20090103;0.0;-2.5;0.5;1277;
TOUROUVRE_SAPC;20090104;0.0;-8.2;-0.6;1440;
TOUROUVRE_SAPC;20090105;4.0;-7.8;0.5;1249;
TOUROUVRE_SAPC;20090106;0.0;-11.2;-3.4;1440;
TOUROUVRE_SAPC;20090107;0.2;-10.7;1.2;1298;
TOUROUVRE_SAPC;20090108;0.0;-3.2;0.7;768;
TOUROUVRE_SAPC;20090109;0.0;-10.6;-0.3;1440;
TOUROUVRE_SAPC;20090110;0.0;-11.6;4.0;1152;
TOUROUVRE_SAPC;20090111;0.2;-10.8;4.0;706;
TOUROUVRE_SAPC;20090112;3.4;-3.0;4.7;237;
TOUROUVRE_SAPC;20090113;3.2;2.6;3.7;0;
TOUROUVRE_SAPC;20090114;0.0;1.5;3.7;0;
TOUROUVRE_SAPC;20090115;0.0;0.1;4.0;0;
TOUROUVRE_SAPC;20090116;0.0;0.1;6.3;0;
TOUROUVRE_SAPC;20090117;15.5;4.7;9.2;0;
TOUROUVRE_SAPC;20090118;15.3;3.1;8.4;0;
TOUROUVRE_SAPC;20090119;1.6;3.8;9.9;0;
TOUROUVRE_SAPC;20090120;0.4;0.4;4.3;131;
TOUROUVRE_SAPC;20090121;4.8;-0.9;5.2;149;
TOUROUVRE_SAPC;20090122;13.7;1.3;10.7;0;
TOUROUVRE_SAPC;20090123;8.3;3.8;10.6;0;
TOUROUVRE_SAPC;20090124;3.2;0.9;6.6;136;
TOUROUVRE_SAPC;20090125;5.0;-0.4;5.5;0;
TOUROUVRE_SAPC;20090126;0.0;1.9;4.8;0;
TOUROUVRE_SAPC;20090127;0.0;1.7;3.2;0;
TOUROUVRE_SAPC;20090128;0.0;1.6;3.3;4;
TOUROUVRE_SAPC;20090129;0.0;-2.0;3.0;1196;
TOUROUVRE_SAPC;20090130;0.0;-2.1;4.9;536;
TOUROUVRE_SAPC;20090131;0.0;0.0;3.6;236;
TOUROUVRE_SAPC;20090201;0.0;-3.9;0.7;1246;
TOUROUVRE_SAPC;20090202;2.0;-2.5;-0.7;1440;
TOUROUVRE_SAPC;20090203;0.2;-6.7;1.5;1205;
TOUROUVRE_SAPC;20090204;2.0;-6.7;4.8;696;
TOUROUVRE_SAPC;20090205;0.6;0.2;9.4;0;
TOUROUVRE_SAPC;20090206;0.0;3.1;9.0;0;
TOUROUVRE_SAPC;20090207;0.2;-0.1;3.6;299;
TOUROUVRE_SAPC;20090208;0.4;-2.9;4.0;643;
TOUROUVRE_SAPC;20090209;12.5;2.0;10.5;0;
TOUROUVRE_SAPC;20090210;1.0;3.8;7.3;0;
TOUROUVRE_SAPC;20090211;1.0;-1.1;6.3;339;
TOUROUVRE_SAPC;20090212;0.0;-0.1;5.2;31;
TOUROUVRE_SAPC;20090213;1.2;0.2;6.3;0;
TOUROUVRE_SAPC;20090214;0.0;-1.6;4.9;678;
TOUROUVRE_SAPC;20090215;0.0;-4.9;5.2;771;
TOUROUVRE_SAPC;20090216;0.0;-1.1;8.2;1;
TOUROUVRE_SAPC;20090217;0.0;4.5;11.1;0;
TOUROUVRE_SAPC;20090218;0.0;5.6;7.1;0;
TOUROUVRE_SAPC;20090219;0.0;3.0;9.6;0;
TOUROUVRE_SAPC;20090220;0.0;1.6;9.4;0;
TOUROUVRE_SAPC;20090221;0.0;3.9;10.4;0;
TOUROUVRE_SAPC;20090222;0.2;2.3;8.3;0;
TOUROUVRE_SAPC;20090223;0.0;4.6;7.7;0;
TOUROUVRE_SAPC;20090224;0.6;5.9;8.5;0;
TOUROUVRE_SAPC;20090225;0.0;-2.2;10.7;447;
TOUROUVRE_SAPC;20090226;0.2;-2.2;7.5;506;
TOUROUVRE_SAPC;20090227;0.2;0.4;7.6;0;
TOUROUVRE_SAPC;20090228;0.0;0.0;13.9;9;
TOUROUVRE_SAPC;20090301;0.0;2.8;9.2;0;
TOUROUVRE_SAPC;20090302;0.0;4.0;10.9;46;
TOUROUVRE_SAPC;20090303;13.1;-2.5;9.7;477;
TOUROUVRE_SAPC;20090304;1.8;2.5;6.1;177;
TOUROUVRE_SAPC;20090305;1.0;-1.0;6.2;499;
TOUROUVRE_SAPC;20090306;0.2;0.3;9.2;205;
TOUROUVRE_SAPC;20090307;0.4;-0.9;9.1;202;
TOUROUVRE_SAPC;20090308;4.0;5.3;11.1;0;
TOUROUVRE_SAPC;20090309;2.6;1.9;9.6;0;
TOUROUVRE_SAPC;20090310;5.0;1.9;11.7;0;
TOUROUVRE_SAPC;20090311;0.0;4.8;13.1;0;
TOUROUVRE_SAPC;20090312;0.2;5.3;11.9;0;
TOUROUVRE_SAPC;20090313;0.0;6.9;13.1;0;
TOUROUVRE_SAPC;20090314;0.0;2.6;11.9;0;
TOUROUVRE_SAPC;20090315;0.2;0.4;13.3;0;
TOUROUVRE_SAPC;20090316;0.0;1.2;15.2;0;
TOUROUVRE_SAPC;20090317;0.2;2.2;15.7;0;
TOUROUVRE_SAPC;20090318;0.0;4.2;16.4;0;
TOUROUVRE_SAPC;20090319;0.0;2.1;15.5;0;
TOUROUVRE_SAPC;20090320;0.0;1.9;12.2;29;
TOUROUVRE_SAPC;20090321;0.0;-2.9;12.6;414;
TOUROUVRE_SAPC;20090322;0.4;-0.8;11.2;43;
TOUROUVRE_SAPC;20090323;1.4;0.1;14.4;0;
TOUROUVRE_SAPC;20090324;0.4;3.6;10.0;52;
TOUROUVRE_SAPC;20090325;1.6;-0.5;11.0;0;
TOUROUVRE_SAPC;20090326;0.4;2.3;9.3;0;
TOUROUVRE_SAPC;20090327;5.6;3.7;11.1;0;
TOUROUVRE_SAPC;20090328;0.4;3.2;10.1;0;
TOUROUVRE_SAPC;20090329;0.0;0.4;9.8;0;
TOUROUVRE_SAPC;20090330;0.0;0.1;11.4;5;
TOUROUVRE_SAPC;20090331;0.0;-0.5;13.7;129;
TOUROUVRE_SAPC;20090401;0.0;2.7;15.9;0;
TOUROUVRE_SAPC;20090402;0.0;5.3;17.8;0;
TOUROUVRE_SAPC;20090403;0.0;2.1;16.5;0;
TOUROUVRE_SAPC;20090404;0.0;3.7;10.6;0;
TOUROUVRE_SAPC;20090405;0.0;7.1;13.7;0;
TOUROUVRE_SAPC;20090406;0.6;4.9;18.3;0;
TOUROUVRE_SAPC;20090407;0.8;7.6;14.3;0;
TOUROUVRE_SAPC;20090408;3.0;5.2;12.4;0;
TOUROUVRE_SAPC;20090409;0.0;10.0;18.3;0;
TOUROUVRE_SAPC;20090410;2.6;9.5;13.4;0;
TOUROUVRE_SAPC;20090411;5.6;7.4;15.0;0;
TOUROUVRE_SAPC;20090412;0.0;8.3;15.7;0;
TOUROUVRE_SAPC;20090413;0.0;6.7;15.8;0;
TOUROUVRE_SAPC;20090414;0.2;6.6;17.7;0;
TOUROUVRE_SAPC;20090415;2.6;9.1;18.2;0;
TOUROUVRE_SAPC;20090416;0.2;6.8;14.0;0;
TOUROUVRE_SAPC;20090417;0.2;1.4;15.4;0;
TOUROUVRE_SAPC;20090418;5.8;2.8;12.0;0;
TOUROUVRE_SAPC;20090419;0.2;8.4;13.2;0;
TOUROUVRE_SAPC;20090420;0.2;5.8;17.6;0;
TOUROUVRE_SAPC;20090421;0.0;6.6;18.2;0;
TOUROUVRE_SAPC;20090422;0.2;3.5;19.8;0;
TOUROUVRE_SAPC;20090423;0.0;4.4;18.6;0;
TOUROUVRE_SAPC;20090424;0.0;5.8;18.4;0;
TOUROUVRE_SAPC;20090425;0.0;5.7;14.7;0;
TOUROUVRE_SAPC;20090426;0.0;3.3;15.9;0;
TOUROUVRE_SAPC;20090427;10.7;5.1;11.1;0;
TOUROUVRE_SAPC;20090428;5.0;2.6;12.3;0;
TOUROUVRE_SAPC;20090429;1.2;6.4;15.3;0;
TOUROUVRE_SAPC;20090430;0.2;5.9;14.6;0;
TOUROUVRE_SAPC;20090501;0.2;5.0;17.9;0;
TOUROUVRE_SAPC;20090502;0.2;2.2;18.8;0;
TOUROUVRE_SAPC;20090503;0.2;4.2;13.4;0;
TOUROUVRE_SAPC;20090504;0.0;4.6;15.7;0;
TOUROUVRE_SAPC;20090505;0.0;4.0;16.0;0;
TOUROUVRE_SAPC;20090506;0.2;5.7;17.4;0;
TOUROUVRE_SAPC;20090507;0.0;3.5;21.9;0;
TOUROUVRE_SAPC;20090508;0.0;7.8;17.0;0;
TOUROUVRE_SAPC;20090509;0.0;4.8;18.2;0;
TOUROUVRE_SAPC;20090510;3.6;7.4;21.3;0;
TOUROUVRE_SAPC;20090511;15.5;11.9;16.9;0;
TOUROUVRE_SAPC;20090512;0.4;10.7;15.0;0;
TOUROUVRE_SAPC;20090513;0.0;9.0;21.0;0;
TOUROUVRE_SAPC;20090514;0.4;11.5;18.5;0;
TOUROUVRE_SAPC;20090515;2.8;8.4;14.0;0;
TOUROUVRE_SAPC;20090516;0.2;8.2;17.2;0;
TOUROUVRE_SAPC;20090517;1.0;9.2;16.0;0;
TOUROUVRE_SAPC;20090518;0.8;8.2;16.5;0;
TOUROUVRE_SAPC;20090519;0.0;4.7;17.9;0;
TOUROUVRE_SAPC;20090520;0.0;3.2;21.3;0;
TOUROUVRE_SAPC;20090521;0.2;9.8;20.6;0;
TOUROUVRE_SAPC;20090522;0.0;3.7;20.7;0;
TOUROUVRE_SAPC;20090523;1.0;8.1;20.6;0;
TOUROUVRE_SAPC;20090524;10.3;10.8;28.6;0;
TOUROUVRE_SAPC;20090525;5.0;15.3;26.2;0;
TOUROUVRE_SAPC;20090526;3.6;11.6;16.5;0;
TOUROUVRE_SAPC;20090527;0.4;3.4;15.0;0;
TOUROUVRE_SAPC;20090528;0.2;11.8;17.3;0;
TOUROUVRE_SAPC;20090529;0.0;9.9;21.4;0;
TOUROUVRE_SAPC;20090530;0.0;8.8;22.9;0;
TOUROUVRE_SAPC;20090531;0.0;10.8;23.7;0;
TOUROUVRE_SAPC;20090601;0.0;12.6;24.5;0;
TOUROUVRE_SAPC;20090602;0.0;12.8;23.9;0;
TOUROUVRE_SAPC;20090603;0.0;11.3;24.3;0;
TOUROUVRE_SAPC;20090604;0.0;8.7;19.3;0;
TOUROUVRE_SAPC;20090605;0.0;5.6;19.2;0;
TOUROUVRE_SAPC;20090606;9.1;9.9;18.3;0;
TOUROUVRE_SAPC;20090607;4.9;7.7;16.2;0;
TOUROUVRE_SAPC;20090608;11.9;5.2;13.6;0;
TOUROUVRE_SAPC;20090609;7.1;9.6;17.8;0;
TOUROUVRE_SAPC;20090610;12.1;10.1;15.8;0;
TOUROUVRE_SAPC;20090611;0.0;9.5;20.0;0;
TOUROUVRE_SAPC;20090612;0.0;9.5;21.2;0;
TOUROUVRE_SAPC;20090613;0.2;11.7;25.6;0;
TOUROUVRE_SAPC;20090614;4.2;12.2;25.1;0;
TOUROUVRE_SAPC;20090615;11.7;12.8;18.7;0;
TOUROUVRE_SAPC;20090616;0.2;7.9;21.9;0;
TOUROUVRE_SAPC;20090617;0.0;8.7;24.6;0;
TOUROUVRE_SAPC;20090618;0.0;11.3;20.2;0;
TOUROUVRE_SAPC;20090619;0.2;10.8;19.4;0;
TOUROUVRE_SAPC;20090620;0.2;7.5;18.7;0;
TOUROUVRE_SAPC;20090621;0.2;4.5;20.0;0;
TOUROUVRE_SAPC;20090622;0.2;6.5;20.8;0;
TOUROUVRE_SAPC;20090623;0.0;7.5;22.0;0;
TOUROUVRE_SAPC;20090624;0.0;11.8;23.5;0;
TOUROUVRE_SAPC;20090625;0.0;14.0;26.8;0;
TOUROUVRE_SAPC;20090626;4.9;11.8;25.2;0;
TOUROUVRE_SAPC;20090627;0.0;11.2;24.9;0;
TOUROUVRE_SAPC;20090628;0.2;14.9;28.2;0;
TOUROUVRE_SAPC;20090629;0.0;15.1;30.0;0;
TOUROUVRE_SAPC;20090630;0.0;16.3;30.9;0;
TOUROUVRE_SAPC;20090701;0.0;16.8;30.3;0;
TOUROUVRE_SAPC;20090702;0.0;15.5;30.5;0;
TOUROUVRE_SAPC;20090703;0.0;15.3;25.6;0;
TOUROUVRE_SAPC;20090704;0.0;14.8;27.9;0;
TOUROUVRE_SAPC;20090705;0.2;13.1;24.9;0;
TOUROUVRE_SAPC;20090706;5.8;11.5;22.3;0;
TOUROUVRE_SAPC;20090707;12.0;11.1;21.1;0;
TOUROUVRE_SAPC;20090708;2.4;11.0;21.2;0;
TOUROUVRE_SAPC;20090709;0.2;8.3;19.2;0;
TOUROUVRE_SAPC;20090710;0.0;8.0;21.4;0;
TOUROUVRE_SAPC;20090711;1.0;13.0;21.1;0;
TOUROUVRE_SAPC;20090712;0.8;14.0;25.7;0;
TOUROUVRE_SAPC;20090713;0.2;9.0;24.5;0;
TOUROUVRE_SAPC;20090714;1.6;8.6;24.1;0;
TOUROUVRE_SAPC;20090715;0.0;11.7;24.9;0;
TOUROUVRE_SAPC;20090716;6.1;9.2;28.9;0;
TOUROUVRE_SAPC;20090717;2.0;12.8;19.7;0;
TOUROUVRE_SAPC;20090718;2.6;11.2;20.1;0;
TOUROUVRE_SAPC;20090719;0.0;12.5;21.6;0;
TOUROUVRE_SAPC;20090720;0.0;9.2;22.7;0;
TOUROUVRE_SAPC;20090721;0.0;14.9;28.6;0;
TOUROUVRE_SAPC;20090722;8.9;15.4;22.8;0;
TOUROUVRE_SAPC;20090723;4.4;14.4;21.8;0;
TOUROUVRE_SAPC;20090724;4.9;13.4;20.6;0;
TOUROUVRE_SAPC;20090725;0.2;10.0;23.1;0;
TOUROUVRE_SAPC;20090726;0.0;8.5;25.8;0;
TOUROUVRE_SAPC;20090727;2.0;9.3;20.8;0;
TOUROUVRE_SAPC;20090728;0.0;10.6;23.2;0;
TOUROUVRE_SAPC;20090729;1.0;9.8;25.1;0;
TOUROUVRE_SAPC;20090730;0.0;10.1;22.2;0;
TOUROUVRE_SAPC;20090731;0.0;11.7;25.3;0;
TOUROUVRE_SAPC;20090801;7.1;13.0;24.0;0;
TOUROUVRE_SAPC;20090802;0.2;12.6;20.7;0;
TOUROUVRE_SAPC;20090803;0.0;11.9;22.9;0;
TOUROUVRE_SAPC;20090804;0.4;10.9;27.2;0;
TOUROUVRE_SAPC;20090805;0.0;14.5;30.5;0;
TOUROUVRE_SAPC;20090806;0.6;14.4;31.3;0;
TOUROUVRE_SAPC;20090807;0.2;15.1;20.5;0;
TOUROUVRE_SAPC;20090808;0.0;10.6;24.4;0;
TOUROUVRE_SAPC;20090809;0.0;14.8;26.7;0;
TOUROUVRE_SAPC;20090810;0.0;11.5;25.3;0;
TOUROUVRE_SAPC;20090811;0.8;16.7;22.4;0;
TOUROUVRE_SAPC;20090812;0.0;8.3;27.7;0;
TOUROUVRE_SAPC;20090813;0.2;16.1;22.6;0;
TOUROUVRE_SAPC;20090814;0.2;11.9;27.3;0;
TOUROUVRE_SAPC;20090815;0.0;10.2;32.0;0;
TOUROUVRE_SAPC;20090816;0.0;15.1;28.2;0;
TOUROUVRE_SAPC;20090817;0.2;14.5;23.7;0;
TOUROUVRE_SAPC;20090818;0.0;6.6;27.9;0;
TOUROUVRE_SAPC;20090819;0.0;13.1;34.0;0;
TOUROUVRE_SAPC;20090820;0.2;15.2;26.4;0;
TOUROUVRE_SAPC;20090821;0.0;10.3;23.1;0;
TOUROUVRE_SAPC;20090822;0.0;10.9;26.2;0;
TOUROUVRE_SAPC;20090823;0.0;11.1;29.5;0;
TOUROUVRE_SAPC;20090824;5.5;10.8;22.3;0;
TOUROUVRE_SAPC;20090825;0.2;12.1;23.2;0;
TOUROUVRE_SAPC;20090826;0.2;7.8;25.2;0;
TOUROUVRE_SAPC;20090827;0.0;13.1;22.3;0;
TOUROUVRE_SAPC;20090828;0.2;13.3;21.9;0;
TOUROUVRE_SAPC;20090829;0.2;5.8;22.0;0;
TOUROUVRE_SAPC;20090830;0.0;4.2;24.2;0;
TOUROUVRE_SAPC;20090831;1.6;7.7;30.1;0;
TOUROUVRE_SAPC;20090901;1.6;15.2;23.3;0;
TOUROUVRE_SAPC;20090902;9.7;9.6;21.3;0;
TOUROUVRE_SAPC;20090903;3.4;12.3;18.4;0;
TOUROUVRE_SAPC;20090904;0.4;9.9;17.3;0;
TOUROUVRE_SAPC;20090905;0.0;4.4;19.2;0;
TOUROUVRE_SAPC;20090906;0.2;4.4;21.9;0;
TOUROUVRE_SAPC;20090907;0.2;6.6;26.8;0;
TOUROUVRE_SAPC;20090908;0.0;8.1;30.5;0;
TOUROUVRE_SAPC;20090909;0.0;13.4;25.5;0;
TOUROUVRE_SAPC;20090910;0.0;14.4;23.3;0;
TOUROUVRE_SAPC;20090911;0.0;10.2;21.1;0;
TOUROUVRE_SAPC;20090912;0.0;11.2;20.7;0;
TOUROUVRE_SAPC;20090913;0.0;10.3;20.1;0;
TOUROUVRE_SAPC;20090914;0.6;12.1;19.8;0;
TOUROUVRE_SAPC;20090915;1.8;11.5;15.8;0;
TOUROUVRE_SAPC;20090916;0.0;8.4;18.4;0;
TOUROUVRE_SAPC;20090917;0.4;13.6;16.8;0;
TOUROUVRE_SAPC;20090918;0.0;14.3;23.6;0;
TOUROUVRE_SAPC;20090919;0.2;13.1;24.3;0;
TOUROUVRE_SAPC;20090920;4.7;11.1;22.1;0;
TOUROUVRE_SAPC;20090921;0.2;14.1;23.1;0;
TOUROUVRE_SAPC;20090922;0.2;8.3;22.0;0;
TOUROUVRE_SAPC;20090923;0.2;6.8;23.8;0;
TOUROUVRE_SAPC;20090924;0.0;11.9;20.8;0;
TOUROUVRE_SAPC;20090925;0.2;8.5;21.1;0;
TOUROUVRE_SAPC;20090926;0.2;9.1;21.8;0;
TOUROUVRE_SAPC;20090927;0.2;8.6;22.7;0;
TOUROUVRE_SAPC;20090928;0.0;9.5;22.1;0;
TOUROUVRE_SAPC;20090929;0.2;9.8;21.7;0;
TOUROUVRE_SAPC;20090930;0.2;8.5;20.9;0;
TOUROUVRE_SAPC;20091001;0.2;10.0;20.1;0;
TOUROUVRE_SAPC;20091002;0.2;4.5;16.8;0;
TOUROUVRE_SAPC;20091003;0.0;1.7;17.6;0;
TOUROUVRE_SAPC;20091004;3.6;12.0;18.3;0;
TOUROUVRE_SAPC;20091005;13.6;12.1;19.9;0;
TOUROUVRE_SAPC;20091006;2.2;13.1;21.0;0;
TOUROUVRE_SAPC;20091007;3.9;14.2;23.3;0;
TOUROUVRE_SAPC;20091008;2.2;15.1;21.5;0;
TOUROUVRE_SAPC;20091009;0.8;12.4;18.1;0;
TOUROUVRE_SAPC;20091010;1.6;13.3;18.4;0;
TOUROUVRE_SAPC;20091011;1.6;9.2;17.5;0;
TOUROUVRE_SAPC;20091012;0.2;8.6;15.6;0;
TOUROUVRE_SAPC;20091013;0.2;3.2;15.3;0;
TOUROUVRE_SAPC;20091014;0.0;6.5;13.5;0;
TOUROUVRE_SAPC;20091015;0.2;0.5;11.0;0;
TOUROUVRE_SAPC;20091016;0.0;0.8;13.8;0;
TOUROUVRE_SAPC;20091017;0.2;6.8;12.1;0;
TOUROUVRE_SAPC;20091018;0.0;0.7;13.0;0;
TOUROUVRE_SAPC;20091019;0.2;-0.4;11.4;96;
TOUROUVRE_SAPC;20091020;12.9;4.1;14.6;0;
TOUROUVRE_SAPC;20091021;2.4;10.1;11.0;0;
TOUROUVRE_SAPC;20091022;0.2;8.6;14.7;0;
TOUROUVRE_SAPC;20091023;3.8;8.9;14.7;0;
TOUROUVRE_SAPC;20091024;2.6;11.9;17.0;0;
TOUROUVRE_SAPC;20091025;0.2;7.3;15.1;0;
TOUROUVRE_SAPC;20091026;0.2;4.2;14.7;0;
TOUROUVRE_SAPC;20091027;0.4;3.6;16.3;0;
TOUROUVRE_SAPC;20091028;0.2;4.7;19.7;0;
TOUROUVRE_SAPC;20091029;0.4;7.8;16.7;0;
TOUROUVRE_SAPC;20091030;0.0;6.0;13.1;0;
TOUROUVRE_SAPC;20091031;0.4;7.6;14.4;0;
TOUROUVRE_SAPC;20091101;17.5;9.1;15.4;0;
TOUROUVRE_SAPC;20091102;3.4;5.8;10.8;0;
TOUROUVRE_SAPC;20091103;8.4;6.2;12.3;0;
TOUROUVRE_SAPC;20091104;3.0;6.5;11.2;0;
TOUROUVRE_SAPC;20091105;0.0;5.6;12.0;0;
TOUROUVRE_SAPC;20091106;3.6;1.0;9.5;0;
TOUROUVRE_SAPC;20091107;2.2;5.1;10.4;0;
TOUROUVRE_SAPC;20091108;0.0;4.6;10.4;0;
TOUROUVRE_SAPC;20091109;0.0;3.4;10.9;0;
TOUROUVRE_SAPC;20091110;0.2;-0.6;8.1;135;
TOUROUVRE_SAPC;20091111;1.6;4.8;9.7;0;
TOUROUVRE_SAPC;20091112;0.0;7.2;13.2;0;
TOUROUVRE_SAPC;20091113;2.4;12.0;16.6;0;
TOUROUVRE_SAPC;20091114;3.0;9.6;13.5;0;
TOUROUVRE_SAPC;20091115;2.6;8.9;13.4;0;
TOUROUVRE_SAPC;20091116;0.0;9.8;14.4;0;
TOUROUVRE_SAPC;20091117;1.2;9.2;10.9;0;
TOUROUVRE_SAPC;20091118;0.0;8.8;13.1;0;
TOUROUVRE_SAPC;20091119;0.0;6.9;14.2;0;
TOUROUVRE_SAPC;20091120;0.0;8.4;13.3;0;
TOUROUVRE_SAPC;20091121;2.4;10.8;15.0;0;
TOUROUVRE_SAPC;20091122;4.1;7.9;11.8;0;
TOUROUVRE_SAPC;20091123;9.6;6.8;12.8;0;
TOUROUVRE_SAPC;20091124;0.4;11.6;13.1;0;
TOUROUVRE_SAPC;20091125;1.4;8.1;10.3;0;
TOUROUVRE_SAPC;20091126;8.1;5.9;10.6;0;
TOUROUVRE_SAPC;20091127;5.2;4.6;9.9;0;
TOUROUVRE_SAPC;20091128;24.2;5.4;9.8;0;
TOUROUVRE_SAPC;20091129;0.8;4.9;8.7;0;
TOUROUVRE_SAPC;20091130;6.7;3.5;6.3;0;
TOUROUVRE_SAPC;20091201;1.6;0.6;7.2;0;
TOUROUVRE_SAPC;20091202;5.6;2.5;9.4;0;
TOUROUVRE_SAPC;20091203;4.4;2.9;8.7;0;
TOUROUVRE_SAPC;20091204;3.0;-0.6;9.3;107;
TOUROUVRE_SAPC;20091205;3.8;4.7;12.2;0;
TOUROUVRE_SAPC;20091206;4.2;5.5;12.7;0;
TOUROUVRE_SAPC;20091207;11.1;1.7;9.3;0;
TOUROUVRE_SAPC;20091208;9.2;0.7;10.8;0;
TOUROUVRE_SAPC;20091209;4.6;7.2;12.3;0;
TOUROUVRE_SAPC;20091210;0.0;4.7;11.3;0;
TOUROUVRE_SAPC;20091211;0.0;2.0;8.0;0;
TOUROUVRE_SAPC;20091212;0.0;1.9;5.1;0;
TOUROUVRE_SAPC;20091213;0.0;-0.7;1.5;662;
TOUROUVRE_SAPC;20091214;0.0;-2.7;-0.4;1440;
TOUROUVRE_SAPC;20091215;0.0;-6.0;-1.2;1440;
TOUROUVRE_SAPC;20091216;0.0;-5.6;0.2;1433;
TOUROUVRE_SAPC;20091217;3.0;-8.3;2.6;869;
TOUROUVRE_SAPC;20091218;0.5;-5.7;-0.5;1440;
TOUROUVRE_SAPC;20091219;2.0;-6.1;0.6;1430;
TOUROUVRE_SAPC;20091220;4.0;-9.9;1.8;958;
TOUROUVRE_SAPC;20091221;7.0;-6.7;1.7;380;
TOUROUVRE_SAPC;20091222;0.0;-0.6;0.6;450;
TOUROUVRE_SAPC;20091223;0.0;-6.5;2.3;737;
TOUROUVRE_SAPC;20091224;11.7;0.7;2.9;0;
TOUROUVRE_SAPC;20091225;0.2;1.0;6.2;28;
TOUROUVRE_SAPC;20091226;0.6;-3.1;5.4;545;
TOUROUVRE_SAPC;20091227;0.2;0.9;7.7;0;
TOUROUVRE_SAPC;20091228;11.0;-0.8;6.4;188;
TOUROUVRE_SAPC;20091229;0.8;3.8;12.5;0;
TOUROUVRE_SAPC;20091230;12.3;7.8;9.6;0;
TOUROUVRE_SAPC;20091231;0.0;2.5;6.7;0;
TOUROUVRE_SAPC;20100101;0.0;-0.9;1.9;1054;
TOUROUVRE_SAPC;20100102;0.0;-5.1;2.3;1081;
TOUROUVRE_SAPC;20100103;0.2;-3.6;2.3;1049;
TOUROUVRE_SAPC;20100104;0.0;-6.9;-1.7;1440;
TOUROUVRE_SAPC;20100105;1.0;-6.8;1.0;1206;
TOUROUVRE_SAPC;20100106;15.0;-6.6;-2.5;1440;
TOUROUVRE_SAPC;20100107;0.0;-8.1;-1.7;1440;
TOUROUVRE_SAPC;20100108;0.0;-13.7;-3.1;1440;
TOUROUVRE_SAPC;20100109;0.0;-7.4;-2.1;1440;
TOUROUVRE_SAPC;20100110;0.0;-3.1;-1.4;1440;
TOUROUVRE_SAPC;20100111;0.0;-3.0;-0.1;1440;
TOUROUVRE_SAPC;20100112;6.0;-6.2;-0.7;1440;
TOUROUVRE_SAPC;20100113;9.0;-2.7;3.8;504;
TOUROUVRE_SAPC;20100114;0.0;0.8;2.9;0;
TOUROUVRE_SAPC;20100115;0.0;0.4;2.0;0;
TOUROUVRE_SAPC;20100116;10.4;0.7;8.2;0;
TOUROUVRE_SAPC;20100117;0.0;1.9;9.4;143;
TOUROUVRE_SAPC;20100118;0.0;-0.9;7.7;210;
TOUROUVRE_SAPC;20100119;5.0;-0.1;3.7;223;
TOUROUVRE_SAPC;20100120;5.6;-0.7;7.6;403;
TOUROUVRE_SAPC;20100121;0.2;2.6;6.7;0;
TOUROUVRE_SAPC;20100122;3.8;3.3;6.8;0;
TOUROUVRE_SAPC;20100123;11.5;3.7;5.4;0;
TOUROUVRE_SAPC;20100124;0.0;3.4;5.4;0;
TOUROUVRE_SAPC;20100125;0.2;-1.4;4.8;346;
TOUROUVRE_SAPC;20100126;0.0;-1.8;0.4;1083;
TOUROUVRE_SAPC;20100127;0.2;-5.8;3.0;725;
TOUROUVRE_SAPC;20100128;0.8;0.1;5.6;0;
TOUROUVRE_SAPC;20100129;13.0;1.3;6.9;36;
TOUROUVRE_SAPC;20100130;2.0;-1.9;1.9;1049;
TOUROUVRE_SAPC;20100131;0.2;-7.8;2.8;1031;
TOUROUVRE_SAPC;20100201;2.0;-3.9;3.9;830;
TOUROUVRE_SAPC;20100202;2.6;-2.3;6.8;283;
TOUROUVRE_SAPC;20100203;1.2;6.0;9.1;0;
TOUROUVRE_SAPC;20100204;5.0;1.3;8.4;0;
TOUROUVRE_SAPC;20100205;3.8;4.5;10.3;0;
TOUROUVRE_SAPC;20100206;1.6;4.8;8.4;0;
TOUROUVRE_SAPC;20100207;0.0;2.6;5.3;0;
TOUROUVRE_SAPC;20100208;0.0;1.6;2.6;0;
TOUROUVRE_SAPC;20100209;0.4;-3.0;-1.3;1294;
TOUROUVRE_SAPC;20100210;1.0;-3.3;3.3;1070;
TOUROUVRE_SAPC;20100211;0.0;-4.8;-1.4;1440;
TOUROUVRE_SAPC;20100212;0.0;-5.0;1.5;1106;
TOUROUVRE_SAPC;20100213;0.0;-3.6;-1.1;1440;
TOUROUVRE_SAPC;20100214;0.0;-5.8;1.0;1178;
TOUROUVRE_SAPC;20100215;0.0;-2.3;2.8;983;
TOUROUVRE_SAPC;20100216;1.0;-5.8;4.3;984;
TOUROUVRE_SAPC;20100217;2.0;-4.0;3.9;466;
TOUROUVRE_SAPC;20100218;3.6;0.4;9.4;0;
TOUROUVRE_SAPC;20100219;1.0;0.4;6.7;322;
TOUROUVRE_SAPC;20100220;0.2;-2.1;4.4;499;
TOUROUVRE_SAPC;20100221;1.2;0.7;6.6;0;
TOUROUVRE_SAPC;20100222;6.2;3.7;13.2;0;
TOUROUVRE_SAPC;20100223;15.8;7.4;12.9;0;
TOUROUVRE_SAPC;20100224;7.6;6.6;11.3;0;
TOUROUVRE_SAPC;20100225;18.6;6.9;11.7;0;
TOUROUVRE_SAPC;20100226;2.2;4.7;10.1;0;
TOUROUVRE_SAPC;20100227;15.1;4.3;12.1;0;
TOUROUVRE_SAPC;20100228;6.3;4.4;9.7;0;
TOUROUVRE_SAPC;20100301;8.7;-2.3;8.0;441;
TOUROUVRE_SAPC;20100302;0.0;2.5;10.3;0;
TOUROUVRE_SAPC;20100303;0.0;2.1;9.1;0;
TOUROUVRE_SAPC;20100304;0.0;0.1;6.6;37;
TOUROUVRE_SAPC;20100305;0.0;-2.2;6.0;764;
TOUROUVRE_SAPC;20100306;0.2;-1.6;6.8;433;
TOUROUVRE_SAPC;20100307;0.0;-3.9;2.0;1060;
TOUROUVRE_SAPC;20100308;0.0;-3.6;4.2;614;
TOUROUVRE_SAPC;20100309;0.0;-3.3;3.5;766;
TOUROUVRE_SAPC;20100310;0.0;-3.1;6.8;563;
TOUROUVRE_SAPC;20100311;0.0;-1.1;7.4;504;
TOUROUVRE_SAPC;20100312;0.4;0.9;6.1;0;
TOUROUVRE_SAPC;20100313;0.0;2.9;6.4;49;
TOUROUVRE_SAPC;20100314;0.0;-0.8;9.9;0;
TOUROUVRE_SAPC;20100315;0.0;-1.1;12.4;226;
TOUROUVRE_SAPC;20100316;0.2;-2.9;13.2;455;
TOUROUVRE_SAPC;20100317;0.0;0.4;16.7;0;
TOUROUVRE_SAPC;20100318;0.0;1.9;18.2;0;
TOUROUVRE_SAPC;20100319;13.0;9.3;16.5;0;
TOUROUVRE_SAPC;20100320;3.0;11.1;15.1;0;
TOUROUVRE_SAPC;20100321;0.0;6.4;12.9;0;
TOUROUVRE_SAPC;20100322;0.2;0.1;13.9;0;
TOUROUVRE_SAPC;20100323;0.0;4.0;12.6;0;
TOUROUVRE_SAPC;20100324;3.2;5.8;17.3;0;
TOUROUVRE_SAPC;20100325;14.9;9.3;15.3;0;
TOUROUVRE_SAPC;20100326;7.0;5.5;11.5;0;
TOUROUVRE_SAPC;20100327;2.2;6.1;11.3;0;
TOUROUVRE_SAPC;20100328;3.6;7.4;12.4;0;
TOUROUVRE_SAPC;20100329;8.5;9.3;16.4;0;
TOUROUVRE_SAPC;20100330;7.3;2.1;11.7;0;
TOUROUVRE_SAPC;20100331;2.0;3.9;9.4;0;
TOUROUVRE_SAPC;20100401;0.0;-0.6;10.7;69;
TOUROUVRE_SAPC;20100402;4.2;3.2;11.6;0;
TOUROUVRE_SAPC;20100403;13.5;5.1;10.9;0;
TOUROUVRE_SAPC;20100404;0.4;5.0;11.1;26;
TOUROUVRE_SAPC;20100405;0.2;-1.6;12.2;379;
TOUROUVRE_SAPC;20100406;0.0;1.8;17.2;0;
TOUROUVRE_SAPC;20100407;0.2;3.5;13.0;0;
TOUROUVRE_SAPC;20100408;0.0;5.8;13.9;0;
TOUROUVRE_SAPC;20100409;0.0;3.0;15.9;0;
TOUROUVRE_SAPC;20100410;0.0;6.1;15.2;0;
TOUROUVRE_SAPC;20100411;0.0;2.6;12.9;0;
TOUROUVRE_SAPC;20100412;2.8;2.5;12.8;0;
TOUROUVRE_SAPC;20100413;0.0;5.1;15.1;0;
TOUROUVRE_SAPC;20100414;0.2;2.8;12.7;0;
TOUROUVRE_SAPC;20100415;0.0;3.6;15.0;0;
TOUROUVRE_SAPC;20100416;0.2;3.5;13.8;0;
TOUROUVRE_SAPC;20100417;0.0;2.6;16.7;0;
TOUROUVRE_SAPC;20100418;0.0;2.7;20.1;0;
TOUROUVRE_SAPC;20100419;0.0;3.1;19.8;0;
TOUROUVRE_SAPC;20100420;0.0;3.1;15.5;0;
TOUROUVRE_SAPC;20100421;0.0;-1.5;14.7;166;
TOUROUVRE_SAPC;20100422;0.0;3.4;14.6;0;
TOUROUVRE_SAPC;20100423;0.0;2.6;17.5;0;
TOUROUVRE_SAPC;20100424;0.0;1.6;21.7;0;
TOUROUVRE_SAPC;20100425;0.0;4.9;19.7;0;
TOUROUVRE_SAPC;20100426;0.2;2.4;17.9;0;
TOUROUVRE_SAPC;20100427;0.2;2.3;19.7;0;
TOUROUVRE_SAPC;20100428;0.0;4.9;24.1;0;
TOUROUVRE_SAPC;20100429;2.0;7.2;24.8;0;
TOUROUVRE_SAPC;20100430;0.0;9.4;16.3;0;
TOUROUVRE_SAPC;20100501;1.2;6.7;15.5;0;
TOUROUVRE_SAPC;20100502;4.7;6.0;13.2;0;
TOUROUVRE_SAPC;20100503;0.2;5.1;9.9;0;
TOUROUVRE_SAPC;20100504;0.0;2.5;11.6;0;
TOUROUVRE_SAPC;20100505;0.0;1.9;11.5;0;
TOUROUVRE_SAPC;20100506;0.0;4.3;14.7;0;
TOUROUVRE_SAPC;20100507;0.2;2.2;11.4;0;
TOUROUVRE_SAPC;20100508;1.4;4.1;15.7;0;
TOUROUVRE_SAPC;20100509;0.0;6.6;16.1;0;
TOUROUVRE_SAPC;20100510;8.4;6.9;12.0;0;
TOUROUVRE_SAPC;20100511;7.3;4.8;7.0;0;
TOUROUVRE_SAPC;20100512;0.2;2.8;9.5;0;
TOUROUVRE_SAPC;20100513;0.2;-0.2;9.8;57;
TOUROUVRE_SAPC;20100514;0.0;-1.9;14.6;334;
TOUROUVRE_SAPC;20100515;0.4;0.2;15.4;0;
TOUROUVRE_SAPC;20100516;0.6;0.9;15.0;0;
TOUROUVRE_SAPC;20100517;0.0;5.7;17.3;0;
TOUROUVRE_SAPC;20100518;0.0;2.5;18.4;0;
TOUROUVRE_SAPC;20100519;0.0;5.1;19.4;0;
TOUROUVRE_SAPC;20100520;0.2;6.4;20.2;0;
TOUROUVRE_SAPC;20100521;0.2;9.7;22.2;0;
TOUROUVRE_SAPC;20100522;0.0;9.9;22.6;0;
TOUROUVRE_SAPC;20100523;0.0;9.9;25.7;0;
TOUROUVRE_SAPC;20100524;0.0;8.7;27.8;0;
TOUROUVRE_SAPC;20100525;0.2;9.5;26.6;0;
TOUROUVRE_SAPC;20100526;5.3;14.4;20.8;0;
TOUROUVRE_SAPC;20100527;15.8;12.4;18.3;0;
TOUROUVRE_SAPC;20100528;0.0;6.8;19.1;0;
TOUROUVRE_SAPC;20100529;3.6;6.1;15.9;0;
TOUROUVRE_SAPC;20100530;0.2;11.8;16.9;0;
TOUROUVRE_SAPC;20100531;0.0;10.1;18.6;0;
TOUROUVRE_SAPC;20100601;10.3;7.0;16.4;0;
TOUROUVRE_SAPC;20100602;0.0;10.8;20.0;0;
TOUROUVRE_SAPC;20100603;0.0;8.9;22.7;0;
TOUROUVRE_SAPC;20100604;0.2;10.0;26.7;0;
TOUROUVRE_SAPC;20100605;15.0;10.9;27.7;0;
TOUROUVRE_SAPC;20100606;1.6;14.9;21.4;0;
TOUROUVRE_SAPC;20100607;0.0;7.6;21.1;0;
TOUROUVRE_SAPC;20100608;1.6;12.9;20.8;0;
TOUROUVRE_SAPC;20100609;0.6;13.1;20.3;0;
TOUROUVRE_SAPC;20100610;36.4;15.0;22.0;0;
TOUROUVRE_SAPC;20100611;23.5;13.3;22.8;0;
TOUROUVRE_SAPC;20100612;0.2;13.7;20.6;0;
TOUROUVRE_SAPC;20100613;4.0;8.7;20.1;0;
TOUROUVRE_SAPC;20100614;0.6;10.7;19.8;0;
TOUROUVRE_SAPC;20100615;0.0;11.0;19.2;0;
TOUROUVRE_SAPC;20100616;0.0;7.5;20.1;0;
TOUROUVRE_SAPC;20100617;0.0;10.8;21.6;0;
TOUROUVRE_SAPC;20100618;2.0;12.2;19.6;0;
TOUROUVRE_SAPC;20100619;0.6;9.2;16.4;0;
TOUROUVRE_SAPC;20100620;0.0;7.0;16.1;0;
TOUROUVRE_SAPC;20100621;0.2;6.0;18.2;0;
TOUROUVRE_SAPC;20100622;0.0;6.7;22.6;0;
TOUROUVRE_SAPC;20100623;0.0;9.7;25.0;0;
TOUROUVRE_SAPC;20100624;0.0;10.8;26.2;0;
TOUROUVRE_SAPC;20100625;0.0;8.1;26.1;0;
TOUROUVRE_SAPC;20100626;0.2;13.3;29.4;0;
TOUROUVRE_SAPC;20100627;8.7;14.1;29.9;0;
TOUROUVRE_SAPC;20100628;5.3;14.9;26.5;0;
TOUROUVRE_SAPC;20100629;0.0;12.7;27.8;0;
TOUROUVRE_SAPC;20100630;0.2;10.5;28.6;0;
TOUROUVRE_SAPC;20100701;0.0;15.1;29.1;0;
TOUROUVRE_SAPC;20100702;1.2;14.6;28.4;0;
TOUROUVRE_SAPC;20100703;0.0;14.8;21.4;0;
TOUROUVRE_SAPC;20100704;0.2;8.8;26.4;0;
TOUROUVRE_SAPC;20100705;0.0;9.5;23.8;0;
TOUROUVRE_SAPC;20100706;0.0;7.8;25.1;0;
TOUROUVRE_SAPC;20100707;0.0;10.2;28.4;0;
TOUROUVRE_SAPC;20100708;0.0;10.8;32.2;0;
TOUROUVRE_SAPC;20100709;0.0;16.4;31.6;0;
TOUROUVRE_SAPC;20100710;0.2;15.9;30.2;0;
TOUROUVRE_SAPC;20100711;0.0;12.7;27.8;0;
TOUROUVRE_SAPC;20100712;0.0;16.6;26.4;0;
TOUROUVRE_SAPC;20100713;0.0;14.7;26.3;0;
TOUROUVRE_SAPC;20100714;3.0;10.7;22.7;0;
TOUROUVRE_SAPC;20100715;0.0;12.9;23.1;0;
TOUROUVRE_SAPC;20100716;1.0;14.5;22.3;0;
TOUROUVRE_SAPC;20100717;0.0;11.9;23.8;0;
TOUROUVRE_SAPC;20100718;0.0;5.3;26.7;0;
TOUROUVRE_SAPC;20100719;0.0;9.7;30.2;0;
TOUROUVRE_SAPC;20100720;0.0;10.8;30.9;0;
TOUROUVRE_SAPC;20100721;3.0;13.3;23.5;0;
TOUROUVRE_SAPC;20100722;0.4;7.4;23.9;0;
TOUROUVRE_SAPC;20100723;3.0;7.8;22.6;0;
TOUROUVRE_SAPC;20100724;0.0;8.7;24.4;0;
TOUROUVRE_SAPC;20100725;0.2;13.1;24.8;0;
TOUROUVRE_SAPC;20100726;0.0;12.2;26.1;0;
TOUROUVRE_SAPC;20100727;0.0;15.5;28.4;0;
TOUROUVRE_SAPC;20100728;0.0;16.3;26.5;0;
TOUROUVRE_SAPC;20100729;0.0;11.3;24.0;0;
TOUROUVRE_SAPC;20100730;0.0;9.1;25.5;0;
TOUROUVRE_SAPC;20100731;0.6;13.4;29.1;0;
TOUROUVRE_SAPC;20100801;0.2;13.4;23.3;0;
TOUROUVRE_SAPC;20100802;7.3;13.5;23.2;0;
TOUROUVRE_SAPC;20100803;0.0;8.3;22.8;0;
TOUROUVRE_SAPC;20100804;2.8;14.2;20.8;0;
TOUROUVRE_SAPC;20100805;0.0;12.6;22.6;0;
TOUROUVRE_SAPC;20100806;0.2;5.9;23.6;0;
TOUROUVRE_SAPC;20100807;1.8;11.2;23.4;0;
TOUROUVRE_SAPC;20100808;0.0;10.1;24.8;0;
TOUROUVRE_SAPC;20100809;0.0;14.4;27.1;0;
TOUROUVRE_SAPC;20100810;4.0;8.6;20.8;0;
TOUROUVRE_SAPC;20100811;0.6;16.2;24.2;0;
TOUROUVRE_SAPC;20100812;0.4;7.9;22.5;0;
TOUROUVRE_SAPC;20100813;1.4;7.1;19.9;0;
TOUROUVRE_SAPC;20100814;7.3;11.1;19.0;0;
TOUROUVRE_SAPC;20100815;6.6;11.9;17.4;0;
TOUROUVRE_SAPC;20100816;0.0;13.7;22.7;0;
TOUROUVRE_SAPC;20100817;1.0;12.7;17.5;0;
TOUROUVRE_SAPC;20100818;0.2;13.6;19.4;0;
TOUROUVRE_SAPC;20100819;0.0;6.7;24.1;0;
TOUROUVRE_SAPC;20100820;0.2;9.5;28.0;0;
TOUROUVRE_SAPC;20100821;0.2;10.8;27.5;0;
TOUROUVRE_SAPC;20100822;1.4;15.1;27.6;0;
TOUROUVRE_SAPC;20100823;2.6;17.4;23.4;0;
TOUROUVRE_SAPC;20100824;0.0;8.9;21.5;0;
TOUROUVRE_SAPC;20100825;0.4;10.7;20.3;0;
TOUROUVRE_SAPC;20100826;3.0;18.8;25.2;0;
TOUROUVRE_SAPC;20100827;1.6;15.9;23.5;0;
TOUROUVRE_SAPC;20100828;0.0;9.7;21.0;0;
TOUROUVRE_SAPC;20100829;1.6;7.7;20.4;0;
TOUROUVRE_SAPC;20100830;0.2;8.4;18.8;0;
TOUROUVRE_SAPC;20100831;0.0;7.3;21.3;0;
TOUROUVRE_SAPC;20100901;0.0;8.7;23.1;0;
TOUROUVRE_SAPC;20100902;0.0;10.6;24.6;0;
TOUROUVRE_SAPC;20100903;0.0;10.3;25.6;0;
TOUROUVRE_SAPC;20100904;0.0;9.8;24.0;0;
TOUROUVRE_SAPC;20100905;0.0;8.8;25.5;0;
TOUROUVRE_SAPC;20100906;1.8;14.3;22.2;0;
TOUROUVRE_SAPC;20100907;7.8;11.1;22.2;0;
TOUROUVRE_SAPC;20100908;3.6;13.2;19.3;0;
TOUROUVRE_SAPC;20100909;5.9;9.1;19.9;0;
TOUROUVRE_SAPC;20100910;0.2;6.3;21.8;0;
TOUROUVRE_SAPC;20100911;1.6;7.4;23.4;0;
TOUROUVRE_SAPC;20100912;0.2;13.4;21.0;0;
TOUROUVRE_SAPC;20100913;0.2;5.8;21.0;0;
TOUROUVRE_SAPC;20100914;6.5;10.2;22.0;0;
TOUROUVRE_SAPC;20100915;0.2;11.7;17.9;0;
TOUROUVRE_SAPC;20100916;0.2;6.3;17.4;0;
TOUROUVRE_SAPC;20100917;0.0;6.2;17.8;0;
TOUROUVRE_SAPC;20100918;0.0;1.0;17.5;0;
TOUROUVRE_SAPC;20100919;0.2;0.9;19.9;0;
TOUROUVRE_SAPC;20100920;0.0;1.8;22.0;0;
TOUROUVRE_SAPC;20100921;0.2;7.1;23.6;0;
TOUROUVRE_SAPC;20100922;0.6;4.1;26.5;0;
TOUROUVRE_SAPC;20100923;12.6;12.1;21.1;0;
TOUROUVRE_SAPC;20100924;4.8;10.6;17.0;0;
TOUROUVRE_SAPC;20100925;0.2;8.2;12.6;0;
TOUROUVRE_SAPC;20100926;8.1;1.5;12.6;0;
TOUROUVRE_SAPC;20100927;0.0;8.6;16.5;0;
TOUROUVRE_SAPC;20100928;0.2;9.8;15.9;0;
TOUROUVRE_SAPC;20100929;2.8;5.4;17.3;0;
TOUROUVRE_SAPC;20100930;0.2;8.3;15.0;0;
TOUROUVRE_SAPC;20101001;12.9;5.0;15.3;0;
TOUROUVRE_SAPC;20101002;3.0;12.6;18.1;0;
TOUROUVRE_SAPC;20101003;10.9;11.9;19.4;0;
TOUROUVRE_SAPC;20101004;20.2;12.9;16.8;0;
TOUROUVRE_SAPC;20101005;4.8;8.2;15.5;0;
TOUROUVRE_SAPC;20101006;1.4;13.0;15.9;0;
TOUROUVRE_SAPC;20101007;0.6;12.1;20.6;0;
TOUROUVRE_SAPC;20101008;0.0;10.6;23.2;0;
TOUROUVRE_SAPC;20101009;0.2;10.5;23.5;0;
TOUROUVRE_SAPC;20101010;0.0;12.7;19.0;0;
TOUROUVRE_SAPC;20101011;0.0;7.7;18.2;0;
TOUROUVRE_SAPC;20101012;0.2;5.7;16.3;0;
TOUROUVRE_SAPC;20101013;0.0;4.9;14.3;0;
TOUROUVRE_SAPC;20101014;0.0;6.5;14.2;0;
TOUROUVRE_SAPC;20101015;4.8;9.0;15.5;0;
TOUROUVRE_SAPC;20101016;1.2;8.3;12.9;0;
TOUROUVRE_SAPC;20101017;0.0;1.6;10.8;0;
TOUROUVRE_SAPC;20101018;0.6;0.2;13.1;0;
TOUROUVRE_SAPC;20101019;2.2;8.7;12.4;0;
TOUROUVRE_SAPC;20101020;0.0;4.1;10.8;0;
TOUROUVRE_SAPC;20101021;0.4;-1.5;12.0;378;
TOUROUVRE_SAPC;20101022;0.0;0.8;12.8;0;
TOUROUVRE_SAPC;20101023;2.4;1.6;12.7;0;
TOUROUVRE_SAPC;20101024;0.2;2.6;11.0;0;
TOUROUVRE_SAPC;20101025;0.0;1.6;10.8;0;
TOUROUVRE_SAPC;20101026;0.2;-2.4;10.3;379;
TOUROUVRE_SAPC;20101027;0.0;4.6;12.7;0;
TOUROUVRE_SAPC;20101028;0.0;8.5;11.5;0;
TOUROUVRE_SAPC;20101029;3.0;7.7;14.2;0;
TOUROUVRE_SAPC;20101030;2.4;7.8;13.8;0;
TOUROUVRE_SAPC;20101031;0.2;8.5;14.7;0;
TOUROUVRE_SAPC;20101101;0.4;8.5;12.2;0;
TOUROUVRE_SAPC;20101102;0.2;2.9;12.5;0;
TOUROUVRE_SAPC;20101103;0.0;9.9;15.4;0;
TOUROUVRE_SAPC;20101104;0.2;12.7;15.1;0;
TOUROUVRE_SAPC;20101105;0.0;8.8;15.4;0;
TOUROUVRE_SAPC;20101106;12.9;10.0;11.9;0;
TOUROUVRE_SAPC;20101107;0.2;3.7;7.6;0;
TOUROUVRE_SAPC;20101108;8.5;1.4;9.6;0;
TOUROUVRE_SAPC;20101109;5.0;4.9;10.8;0;
TOUROUVRE_SAPC;20101110;0.6;4.5;9.1;136;
TOUROUVRE_SAPC;20101111;5.6;-2.0;14.3;259;
TOUROUVRE_SAPC;20101112;4.4;10.0;14.4;0;
TOUROUVRE_SAPC;20101113;28.7;12.7;13.4;0;
TOUROUVRE_SAPC;20101114;0.8;8.2;12.1;0;
TOUROUVRE_SAPC;20101115;2.2;0.7;11.0;0;
TOUROUVRE_SAPC;20101116;0.0;0.4;11.0;0;
TOUROUVRE_SAPC;20101117;2.0;3.4;5.1;0;
TOUROUVRE_SAPC;20101118;0.4;4.1;7.1;0;
TOUROUVRE_SAPC;20101119;0.0;3.3;7.5;0;
TOUROUVRE_SAPC;20101120;1.6;4.0;9.6;0;
TOUROUVRE_SAPC;20101121;0.8;4.7;6.4;0;
TOUROUVRE_SAPC;20101122;0.0;2.9;4.5;0;
TOUROUVRE_SAPC;20101123;0.6;0.8;7.8;0;
TOUROUVRE_SAPC;20101124;5.4;-0.2;6.7;32;
TOUROUVRE_SAPC;20101125;0.5;0.7;4.6;245;
TOUROUVRE_SAPC;20101126;0.2;-1.1;3.1;1091;
TOUROUVRE_SAPC;20101127;0.0;-2.0;1.0;1150;
TOUROUVRE_SAPC;20101128;0.0;-1.4;-0.6;1440;
TOUROUVRE_SAPC;20101129;0.0;-2.5;2.0;;
TOUROUVRE_SAPC;20101130;0.0;-6.8;-2.7;1440;
TOUROUVRE_SAPC;20101201;1.0;-3.8;-2.5;1440;
TOUROUVRE_SAPC;20101202;4.0;-3.4;-2.0;1440;
TOUROUVRE_SAPC;20101203;0.0;-9.8;-2.0;1440;
TOUROUVRE_SAPC;20101204;5.0;-12.7;2.7;625;
TOUROUVRE_SAPC;20101205;1.0;0.5;2.2;0;
TOUROUVRE_SAPC;20101206;0.5;0.1;0.8;208;
TOUROUVRE_SAPC;20101207;8.0;-0.8;0.1;;
TOUROUVRE_SAPC;20101208;5.0;-0.6;1.6;923;
TOUROUVRE_SAPC;20101209;0.0;-3.4;2.5;838;
TOUROUVRE_SAPC;20101210;0.0;-7.5;3.0;502;
TOUROUVRE_SAPC;20101211;0.0;0.7;5.1;0;
TOUROUVRE_SAPC;20101212;0.0;1.2;5.7;0;
TOUROUVRE_SAPC;20101213;0.0;-2.2;1.7;1203;
TOUROUVRE_SAPC;20101214;0.2;-3.3;2.1;651;
TOUROUVRE_SAPC;20101215;0.8;-6.2;3.2;585;
TOUROUVRE_SAPC;20101216;14.0;1.1;4.3;0;
TOUROUVRE_SAPC;20101217;0.0;-6.4;0.2;1305;
TOUROUVRE_SAPC;20101218;9.0;-4.5;0.1;1349;
TOUROUVRE_SAPC;20101219;16.0;-2.9;5.5;675;
TOUROUVRE_SAPC;20101220;3.0;-1.6;3.2;555;
TOUROUVRE_SAPC;20101221;0.5;-0.2;2.2;209;
TOUROUVRE_SAPC;20101222;2.0;-0.4;1.0;199;
TOUROUVRE_SAPC;20101223;2.0;-0.1;0.9;;
TOUROUVRE_SAPC;20101224;0.0;-0.3;1.7;424;
TOUROUVRE_SAPC;20101225;0.0;-3.3;0.6;1192;
TOUROUVRE_SAPC;20101226;0.0;-10.7;1.4;1226;
TOUROUVRE_SAPC;20101227;2.0;-2.9;1.4;1206;
TOUROUVRE_SAPC;20101228;0.2;-3.3;2.2;216;
TOUROUVRE_SAPC;20101229;1.0;0.8;5.5;0;
TOUROUVRE_SAPC;20101230;0.0;2.0;3.3;0;
TOUROUVRE_SAPC;20101231;0.0;-0.8;0.7;635;
TOUROUVRE_SAPC;20110101;0.4;-2.4;2.2;763;
TOUROUVRE_SAPC;20110102;0.0;-1.1;3.9;424;
TOUROUVRE_SAPC;20110103;0.2;-3.7;3.2;976;
TOUROUVRE_SAPC;20110104;0.0;-1.0;0.0;1440;
TOUROUVRE_SAPC;20110105;9.3;-3.4;9.6;625;
TOUROUVRE_SAPC;20110106;7.0;3.4;11.9;0;
TOUROUVRE_SAPC;20110107;6.0;9.5;11.5;0;
TOUROUVRE_SAPC;20110108;10.7;8.2;10.9;0;
TOUROUVRE_SAPC;20110109;0.0;2.1;7.9;0;
TOUROUVRE_SAPC;20110110;3.0;-2.1;6.3;476;
TOUROUVRE_SAPC;20110111;0.4;1.4;9.2;0;
TOUROUVRE_SAPC;20110112;1.4;4.2;11.3;0;
TOUROUVRE_SAPC;20110113;0.0;10.6;12.8;0;
TOUROUVRE_SAPC;20110114;4.4;8.0;11.1;0;
TOUROUVRE_SAPC;20110115;0.0;7.1;10.3;0;
TOUROUVRE_SAPC;20110116;0.0;5.0;12.2;0;
TOUROUVRE_SAPC;20110117;0.4;5.0;9.6;0;
TOUROUVRE_SAPC;20110118;0.2;4.9;7.4;0;
TOUROUVRE_SAPC;20110119;0.2;-1.8;5.7;175;
TOUROUVRE_SAPC;20110120;0.4;0.1;5.1;0;
TOUROUVRE_SAPC;20110121;0.0;-0.6;3.3;453;
TOUROUVRE_SAPC;20110122;0.4;-0.5;4.2;9;
TOUROUVRE_SAPC;20110123;0.4;2.6;5.2;0;
TOUROUVRE_SAPC;20110124;0.2;3.6;6.1;0;
TOUROUVRE_SAPC;20110125;0.8;1.2;6.3;0;
TOUROUVRE_SAPC;20110126;7.9;3.5;5.2;0;
TOUROUVRE_SAPC;20110127;0.0;0.5;2.2;174;
TOUROUVRE_SAPC;20110128;0.0;-2.0;-0.1;1440;
TOUROUVRE_SAPC;20110129;0.0;-2.5;0.8;1367;
TOUROUVRE_SAPC;20110130;0.0;-3.4;-1.0;1440;
TOUROUVRE_SAPC;20110131;0.0;-5.4;-2.8;1440;
TOUROUVRE_SAPC;20110201;0.0;-6.6;-0.3;1440;
TOUROUVRE_SAPC;20110202;0.8;-1.8;4.2;553;
TOUROUVRE_SAPC;20110203;0.2;1.9;9.2;23;
TOUROUVRE_SAPC;20110204;0.0;-0.3;9.6;0;
TOUROUVRE_SAPC;20110205;0.0;8.1;10.4;0;
TOUROUVRE_SAPC;20110206;0.0;7.0;8.9;0;
TOUROUVRE_SAPC;20110207;0.8;0.5;7.9;0;
TOUROUVRE_SAPC;20110208;0.6;6.0;9.9;0;
TOUROUVRE_SAPC;20110209;0.0;5.4;11.7;0;
TOUROUVRE_SAPC;20110210;1.0;1.8;11.9;0;
TOUROUVRE_SAPC;20110211;0.0;5.9;15.4;0;
TOUROUVRE_SAPC;20110212;0.4;3.8;10.7;17;
TOUROUVRE_SAPC;20110213;2.8;-0.2;9.5;0;
TOUROUVRE_SAPC;20110214;1.4;3.4;8.9;0;
TOUROUVRE_SAPC;20110215;3.0;2.8;9.3;0;
TOUROUVRE_SAPC;20110216;0.0;2.3;9.7;0;
TOUROUVRE_SAPC;20110217;0.0;2.1;10.4;0;
TOUROUVRE_SAPC;20110218;3.6;-2.3;4.4;515;
TOUROUVRE_SAPC;20110219;6.9;3.1;7.4;0;
TOUROUVRE_SAPC;20110220;0.2;4.1;8.5;0;
TOUROUVRE_SAPC;20110221;1.0;-0.6;7.9;44;
TOUROUVRE_SAPC;20110222;0.4;3.4;7.4;0;
TOUROUVRE_SAPC;20110223;2.0;4.3;8.7;0;
TOUROUVRE_SAPC;20110224;0.2;5.8;12.8;0;
TOUROUVRE_SAPC;20110225;0.2;1.0;11.5;0;
TOUROUVRE_SAPC;20110226;3.4;7.2;11.1;0;
TOUROUVRE_SAPC;20110227;0.0;4.2;8.2;0;
TOUROUVRE_SAPC;20110228;0.4;2.7;5.3;0;
TOUROUVRE_SAPC;20110301;0.0;2.0;6.8;0;
TOUROUVRE_SAPC;20110302;0.0;1.7;8.9;0;
TOUROUVRE_SAPC;20110303;0.0;-0.7;7.2;200;
TOUROUVRE_SAPC;20110304;0.0;-1.2;8.5;327;
TOUROUVRE_SAPC;20110305;0.0;-0.4;9.1;102;
TOUROUVRE_SAPC;20110306;0.0;0.6;7.7;0;
TOUROUVRE_SAPC;20110307;0.0;-1.3;9.0;552;
TOUROUVRE_SAPC;20110308;0.2;-4.4;14.3;469;
TOUROUVRE_SAPC;20110309;0.2;0.9;11.4;0;
TOUROUVRE_SAPC;20110310;0.0;0.6;10.8;0;
TOUROUVRE_SAPC;20110311;0.0;6.4;10.5;0;
TOUROUVRE_SAPC;20110312;2.2;1.5;11.6;0;
TOUROUVRE_SAPC;20110313;1.0;8.0;11.5;0;
TOUROUVRE_SAPC;20110314;0.2;3.3;14.6;0;
TOUROUVRE_SAPC;20110315;0.0;6.2;18.2;0;
TOUROUVRE_SAPC;20110316;0.0;8.1;13.9;0;
TOUROUVRE_SAPC;20110317;0.0;4.9;7.4;0;
TOUROUVRE_SAPC;20110318;6.2;2.5;11.6;0;
TOUROUVRE_SAPC;20110319;0.0;3.6;6.6;0;
TOUROUVRE_SAPC;20110320;0.0;0.4;11.5;0;
TOUROUVRE_SAPC;20110321;0.2;1.2;13.6;0;
TOUROUVRE_SAPC;20110322;0.0;1.9;15.4;0;
TOUROUVRE_SAPC;20110323;0.0;4.2;17.2;0;
TOUROUVRE_SAPC;20110324;0.0;5.0;19.0;0;
TOUROUVRE_SAPC;20110325;0.0;1.7;20.8;0;
TOUROUVRE_SAPC;20110326;0.4;4.2;17.5;0;
TOUROUVRE_SAPC;20110327;2.0;8.9;12.6;0;
TOUROUVRE_SAPC;20110328;0.0;5.4;16.6;0;
TOUROUVRE_SAPC;20110329;0.4;4.8;15.4;0;
TOUROUVRE_SAPC;20110330;11.2;8.5;12.0;0;
TOUROUVRE_SAPC;20110331;0.4;8.8;13.8;0;
TOUROUVRE_SAPC;20110401;0.4;10.6;16.7;0;
TOUROUVRE_SAPC;20110402;0.0;6.9;19.7;0;
TOUROUVRE_SAPC;20110403;0.2;8.4;12.6;0;
TOUROUVRE_SAPC;20110404;0.0;3.1;13.7;0;
TOUROUVRE_SAPC;20110405;0.0;1.3;16.5;0;
TOUROUVRE_SAPC;20110406;0.0;4.6;22.9;0;
TOUROUVRE_SAPC;20110407;0.0;5.6;23.0;0;
TOUROUVRE_SAPC;20110408;0.0;5.6;21.1;0;
TOUROUVRE_SAPC;20110409;0.0;7.3;20.4;0;
TOUROUVRE_SAPC;20110410;0.0;7.6;25.4;0;
TOUROUVRE_SAPC;20110411;0.0;5.4;18.9;0;
TOUROUVRE_SAPC;20110412;0.0;6.5;13.0;0;
TOUROUVRE_SAPC;20110413;0.0;-1.9;12.1;322;
TOUROUVRE_SAPC;20110414;0.0;0.5;14.5;0;
TOUROUVRE_SAPC;20110415;0.0;8.1;14.0;0;
TOUROUVRE_SAPC;20110416;0.0;2.3;15.9;0;
TOUROUVRE_SAPC;20110417;0.0;4.1;17.0;0;
TOUROUVRE_SAPC;20110418;0.0;4.4;21.0;0;
TOUROUVRE_SAPC;20110419;0.0;6.2;23.7;0;
TOUROUVRE_SAPC;20110420;0.0;6.1;23.6;0;
TOUROUVRE_SAPC;20110421;0.0;5.4;22.4;0;
TOUROUVRE_SAPC;20110422;0.0;6.1;23.0;0;
TOUROUVRE_SAPC;20110423;3.0;5.3;24.4;0;
TOUROUVRE_SAPC;20110424;0.0;8.6;22.7;0;
TOUROUVRE_SAPC;20110425;0.0;8.2;23.4;0;
TOUROUVRE_SAPC;20110426;0.0;8.3;21.1;0;
TOUROUVRE_SAPC;20110427;0.0;8.3;18.5;0;
TOUROUVRE_SAPC;20110428;0.0;5.0;10.1;0;
TOUROUVRE_SAPC;20110429;0.0;8.9;15.2;0;
TOUROUVRE_SAPC;20110430;0.0;7.0;20.4;0;
TOUROUVRE_SAPC;20110501;9.0;9.3;19.4;0;
TOUROUVRE_SAPC;20110502;0.0;10.5;16.3;0;
TOUROUVRE_SAPC;20110503;0.0;5.8;15.7;0;
TOUROUVRE_SAPC;20110504;0.0;2.4;18.6;0;
TOUROUVRE_SAPC;20110505;0.0;2.3;20.0;0;
TOUROUVRE_SAPC;20110506;1.0;5.9;23.7;0;
TOUROUVRE_SAPC;20110507;0.0;11.8;23.5;0;
TOUROUVRE_SAPC;20110508;2.0;14.5;20.4;0;
TOUROUVRE_SAPC;20110509;0.2;4.6;21.0;0;
TOUROUVRE_SAPC;20110510;0.0;10.4;21.2;0;
TOUROUVRE_SAPC;20110511;0.0;7.8;21.1;0;
TOUROUVRE_SAPC;20110512;0.2;8.0;17.9;0;
TOUROUVRE_SAPC;20110513;0.0;0.7;19.8;0;
TOUROUVRE_SAPC;20110514;0.0;7.9;16.9;0;
TOUROUVRE_SAPC;20110515;0.0;2.8;16.3;0;
TOUROUVRE_SAPC;20110516;0.0;5.7;18.2;0;
TOUROUVRE_SAPC;20110517;0.0;8.4;21.2;0;
TOUROUVRE_SAPC;20110518;0.2;4.7;23.1;0;
TOUROUVRE_SAPC;20110519;0.0;8.4;22.0;0;
TOUROUVRE_SAPC;20110520;0.0;9.4;20.0;0;
TOUROUVRE_SAPC;20110521;0.0;5.7;23.6;0;
TOUROUVRE_SAPC;20110522;0.0;5.5;20.0;0;
TOUROUVRE_SAPC;20110523;0.0;2.3;24.4;0;
TOUROUVRE_SAPC;20110524;0.0;7.9;18.5;0;
TOUROUVRE_SAPC;20110525;0.0;3.8;23.6;0;
TOUROUVRE_SAPC;20110526;1.0;6.5;16.2;0;
TOUROUVRE_SAPC;20110527;0.2;9.0;15.2;0;
TOUROUVRE_SAPC;20110528;0.2;1.6;20.1;0;
TOUROUVRE_SAPC;20110529;0.2;3.8;24.8;0;
TOUROUVRE_SAPC;20110530;1.0;9.4;20.9;0;
TOUROUVRE_SAPC;20110531;0.2;7.5;16.4;0;
TOUROUVRE_SAPC;20110601;0.0;5.1;20.5;0;
TOUROUVRE_SAPC;20110602;0.0;7.4;24.3;0;
TOUROUVRE_SAPC;20110603;0.0;12.0;26.8;0;
TOUROUVRE_SAPC;20110604;14.4;15.7;28.1;0;
TOUROUVRE_SAPC;20110605;6.0;16.0;22.8;0;
TOUROUVRE_SAPC;20110606;3.0;12.7;16.5;0;
TOUROUVRE_SAPC;20110607;0.0;10.9;19.9;0;
TOUROUVRE_SAPC;20110608;0.2;8.0;17.9;0;
TOUROUVRE_SAPC;20110609;0.0;6.4;17.9;0;
TOUROUVRE_SAPC;20110610;1.2;6.5;16.7;0;
TOUROUVRE_SAPC;20110611;0.0;5.8;17.0;0;
TOUROUVRE_SAPC;20110612;4.6;3.0;17.1;0;
TOUROUVRE_SAPC;20110613;8.0;11.6;22.4;0;
TOUROUVRE_SAPC;20110614;0.0;15.3;21.9;0;
TOUROUVRE_SAPC;20110615;0.6;9.8;21.4;0;
TOUROUVRE_SAPC;20110616;0.0;13.8;19.2;0;
TOUROUVRE_SAPC;20110617;4.0;8.2;16.7;0;
TOUROUVRE_SAPC;20110618;5.4;9.2;18.2;0;
TOUROUVRE_SAPC;20110619;6.7;9.7;17.2;0;
TOUROUVRE_SAPC;20110620;2.6;11.7;19.5;0;
TOUROUVRE_SAPC;20110621;0.4;13.9;22.0;0;
TOUROUVRE_SAPC;20110622;6.4;10.4;20.5;0;
TOUROUVRE_SAPC;20110623;0.2;10.8;18.5;0;
TOUROUVRE_SAPC;20110624;0.0;5.1;19.6;0;
TOUROUVRE_SAPC;20110625;0.2;10.8;25.4;0;
TOUROUVRE_SAPC;20110626;0.0;12.6;30.8;0;
TOUROUVRE_SAPC;20110627;3.8;14.6;34.2;0;
TOUROUVRE_SAPC;20110628;0.0;18.5;29.4;0;
TOUROUVRE_SAPC;20110629;0.2;11.1;21.2;0;
TOUROUVRE_SAPC;20110630;0.0;5.9;20.2;0;
TOUROUVRE_SAPC;20110701;0.0;5.7;23.1;0;
TOUROUVRE_SAPC;20110702;0.0;8.6;23.3;0;
TOUROUVRE_SAPC;20110703;0.0;9.0;24.2;0;
TOUROUVRE_SAPC;20110704;0.0;9.7;27.4;0;
TOUROUVRE_SAPC;20110705;4.4;8.7;28.2;0;
TOUROUVRE_SAPC;20110706;0.6;13.7;22.0;0;
TOUROUVRE_SAPC;20110707;0.6;10.7;21.5;0;
TOUROUVRE_SAPC;20110708;5.8;12.6;22.0;0;
TOUROUVRE_SAPC;20110709;0.2;12.5;19.0;0;
TOUROUVRE_SAPC;20110710;0.0;11.9;22.4;0;
TOUROUVRE_SAPC;20110711;6.7;10.7;26.5;0;
TOUROUVRE_SAPC;20110712;7.2;14.6;17.7;0;
TOUROUVRE_SAPC;20110713;0.2;13.8;18.4;0;
TOUROUVRE_SAPC;20110714;0.0;6.9;22.6;0;
TOUROUVRE_SAPC;20110715;0.0;6.3;25.2;0;
TOUROUVRE_SAPC;20110716;30.0;13.2;17.8;0;
TOUROUVRE_SAPC;20110717;2.2;11.1;17.0;0;
TOUROUVRE_SAPC;20110718;0.4;11.4;18.5;0;
TOUROUVRE_SAPC;20110719;2.4;9.7;20.4;0;
TOUROUVRE_SAPC;20110720;6.2;11.7;17.1;0;
TOUROUVRE_SAPC;20110721;0.6;13.6;21.3;0;
TOUROUVRE_SAPC;20110722;0.2;12.9;22.3;0;
TOUROUVRE_SAPC;20110723;0.0;9.0;20.2;0;
TOUROUVRE_SAPC;20110724;5.0;8.3;20.1;0;
TOUROUVRE_SAPC;20110725;0.4;13.8;23.5;0;
TOUROUVRE_SAPC;20110726;0.2;10.0;22.1;0;
TOUROUVRE_SAPC;20110727;0.4;11.1;19.2;0;
TOUROUVRE_SAPC;20110728;0.0;10.4;24.5;0;
TOUROUVRE_SAPC;20110729;0.0;11.7;24.9;0;
TOUROUVRE_SAPC;20110730;0.0;11.5;24.2;0;
TOUROUVRE_SAPC;20110731;0.0;8.4;25.9;0;
TOUROUVRE_SAPC;20110801;0.0;11.0;27.5;0;
TOUROUVRE_SAPC;20110802;0.2;12.4;27.6;0;
TOUROUVRE_SAPC;20110803;0.0;16.3;27.4;0;
TOUROUVRE_SAPC;20110804;8.8;13.8;20.9;0;
TOUROUVRE_SAPC;20110805;3.9;15.3;24.4;0;
TOUROUVRE_SAPC;20110806;5.2;14.3;17.9;0;
TOUROUVRE_SAPC;20110807;12.7;9.8;20.6;0;
TOUROUVRE_SAPC;20110808;0.6;11.8;19.6;0;
TOUROUVRE_SAPC;20110809;0.2;10.6;21.1;0;
TOUROUVRE_SAPC;20110810;0.0;5.3;22.6;0;
TOUROUVRE_SAPC;20110811;0.4;7.4;23.4;0;
TOUROUVRE_SAPC;20110812;0.2;16.2;23.8;0;
TOUROUVRE_SAPC;20110813;21.6;12.1;20.4;0;
TOUROUVRE_SAPC;20110814;0.0;14.9;20.7;0;
TOUROUVRE_SAPC;20110815;0.2;8.1;22.5;0;
TOUROUVRE_SAPC;20110816;0.0;12.7;25.2;0;
TOUROUVRE_SAPC;20110817;0.0;14.4;26.2;0;
TOUROUVRE_SAPC;20110818;0.0;16.9;22.3;0;
TOUROUVRE_SAPC;20110819;0.2;15.6;24.6;0;
TOUROUVRE_SAPC;20110820;2.2;11.9;29.1;0;
TOUROUVRE_SAPC;20110821;0.0;18.6;28.6;0;
TOUROUVRE_SAPC;20110822;21.3;15.7;19.0;0;
TOUROUVRE_SAPC;20110823;0.0;15.8;21.9;0;
TOUROUVRE_SAPC;20110824;0.2;13.2;21.3;0;
TOUROUVRE_SAPC;20110825;28.1;11.1;21.2;0;
TOUROUVRE_SAPC;20110826;4.0;13.7;17.5;0;
TOUROUVRE_SAPC;20110827;0.0;9.1;18.0;0;
TOUROUVRE_SAPC;20110828;0.2;9.4;18.9;0;
TOUROUVRE_SAPC;20110829;0.2;5.2;19.6;0;
TOUROUVRE_SAPC;20110830;0.0;7.2;19.6;0;
TOUROUVRE_SAPC;20110831;0.2;8.9;21.3;0;
TOUROUVRE_SAPC;20110901;0.2;12.4;24.5;0;
TOUROUVRE_SAPC;20110902;0.2;11.6;27.5;0;
TOUROUVRE_SAPC;20110903;27.9;12.1;28.7;0;
TOUROUVRE_SAPC;20110904;4.2;14.7;20.1;0;
TOUROUVRE_SAPC;20110905;0.2;10.5;18.9;0;
TOUROUVRE_SAPC;20110906;1.4;11.6;19.9;0;
TOUROUVRE_SAPC;20110907;0.0;11.7;18.2;0;
TOUROUVRE_SAPC;20110908;0.6;11.8;19.3;0;
TOUROUVRE_SAPC;20110909;0.6;17.6;21.3;0;
TOUROUVRE_SAPC;20110910;0.4;14.6;25.7;0;
TOUROUVRE_SAPC;20110911;7.5;14.2;19.3;0;
TOUROUVRE_SAPC;20110912;0.4;13.9;21.3;0;
TOUROUVRE_SAPC;20110913;0.0;14.1;19.9;0;
TOUROUVRE_SAPC;20110914;0.4;5.2;18.7;0;
TOUROUVRE_SAPC;20110915;0.0;6.9;20.3;0;
TOUROUVRE_SAPC;20110916;0.8;9.9;23.4;0;
TOUROUVRE_SAPC;20110917;6.1;10.1;16.5;0;
TOUROUVRE_SAPC;20110918;7.2;7.6;14.8;0;
TOUROUVRE_SAPC;20110919;0.0;10.9;18.1;0;
TOUROUVRE_SAPC;20110920;0.0;12.9;16.3;0;
TOUROUVRE_SAPC;20110921;0.0;12.8;18.2;0;
TOUROUVRE_SAPC;20110922;0.2;7.3;18.1;0;
TOUROUVRE_SAPC;20110923;0.2;6.4;19.3;0;
TOUROUVRE_SAPC;20110924;0.0;7.5;21.6;0;
TOUROUVRE_SAPC;20110925;0.2;10.1;22.5;0;
TOUROUVRE_SAPC;20110926;0.2;9.1;22.5;0;
TOUROUVRE_SAPC;20110927;0.2;11.2;25.3;0;
TOUROUVRE_SAPC;20110928;0.2;12.4;26.7;0;
TOUROUVRE_SAPC;20110929;0.2;9.9;27.5;0;
TOUROUVRE_SAPC;20110930;0.0;10.1;27.2;0;
TOUROUVRE_SAPC;20111001;0.2;9.8;27.8;0;
TOUROUVRE_SAPC;20111002;0.0;8.5;26.9;0;
TOUROUVRE_SAPC;20111003;0.0;7.9;26.1;0;
TOUROUVRE_SAPC;20111004;0.2;10.3;21.4;0;
TOUROUVRE_SAPC;20111005;2.4;12.9;19.2;0;
TOUROUVRE_SAPC;20111006;2.4;11.0;17.5;0;
TOUROUVRE_SAPC;20111007;3.4;6.9;13.9;0;
TOUROUVRE_SAPC;20111008;0.2;9.0;13.8;0;
TOUROUVRE_SAPC;20111009;0.0;11.3;17.3;0;
TOUROUVRE_SAPC;20111010;0.0;13.3;16.4;0;
TOUROUVRE_SAPC;20111011;0.6;13.2;15.3;0;
TOUROUVRE_SAPC;20111012;0.2;12.1;16.2;0;
TOUROUVRE_SAPC;20111013;0.2;12.2;20.3;0;
TOUROUVRE_SAPC;20111014;0.0;9.1;15.8;0;
TOUROUVRE_SAPC;20111015;0.2;3.1;16.3;0;
TOUROUVRE_SAPC;20111016;0.4;-0.2;17.6;54;
TOUROUVRE_SAPC;20111017;0.0;3.3;16.9;0;
TOUROUVRE_SAPC;20111018;4.4;8.6;13.6;0;
TOUROUVRE_SAPC;20111019;3.6;5.5;12.1;0;
TOUROUVRE_SAPC;20111020;0.0;1.9;11.6;0;
TOUROUVRE_SAPC;20111021;0.2;-1.2;11.8;202;
TOUROUVRE_SAPC;20111022;0.0;-0.1;14.4;17;
TOUROUVRE_SAPC;20111023;0.0;3.4;18.0;0;
TOUROUVRE_SAPC;20111024;7.5;6.1;18.0;0;
TOUROUVRE_SAPC;20111025;1.4;9.7;13.4;0;
TOUROUVRE_SAPC;20111026;0.0;6.7;14.1;0;
TOUROUVRE_SAPC;20111027;0.0;8.8;13.3;0;
TOUROUVRE_SAPC;20111028;0.0;6.3;17.9;0;
TOUROUVRE_SAPC;20111029;0.0;11.5;14.1;0;
TOUROUVRE_SAPC;20111030;0.0;8.4;15.2;0;
TOUROUVRE_SAPC;20111031;0.2;11.0;16.4;0;
TOUROUVRE_SAPC;20111101;4.0;6.1;14.7;0;
TOUROUVRE_SAPC;20111102;1.4;4.3;17.5;0;
TOUROUVRE_SAPC;20111103;20.4;14.0;16.2;0;
TOUROUVRE_SAPC;20111104;0.6;9.3;15.2;0;
TOUROUVRE_SAPC;20111105;0.0;8.7;14.2;0;
TOUROUVRE_SAPC;20111106;0.0;12.0;13.1;0;
TOUROUVRE_SAPC;20111107;0.0;9.0;11.3;0;
TOUROUVRE_SAPC;20111108;1.0;8.0;10.3;0;
TOUROUVRE_SAPC;20111109;0.2;9.0;14.4;0;
TOUROUVRE_SAPC;20111110;0.0;5.8;16.9;0;
TOUROUVRE_SAPC;20111111;0.0;7.9;11.2;0;
TOUROUVRE_SAPC;20111112;0.0;6.5;16.8;0;
TOUROUVRE_SAPC;20111113;0.2;7.6;15.8;0;
TOUROUVRE_SAPC;20111114;0.4;4.8;9.8;0;
TOUROUVRE_SAPC;20111115;0.0;1.2;9.8;0;
TOUROUVRE_SAPC;20111116;0.0;1.5;11.5;0;
TOUROUVRE_SAPC;20111117;0.2;3.1;13.0;0;
TOUROUVRE_SAPC;20111118;0.0;0.3;13.1;0;
TOUROUVRE_SAPC;20111119;0.0;1.4;14.2;0;
TOUROUVRE_SAPC;20111120;0.0;-0.1;15.2;34;
TOUROUVRE_SAPC;20111121;0.0;3.9;15.0;0;
TOUROUVRE_SAPC;20111122;0.0;3.2;17.5;0;
TOUROUVRE_SAPC;20111123;0.0;8.0;13.7;0;
TOUROUVRE_SAPC;20111124;0.0;7.0;11.0;0;
TOUROUVRE_SAPC;20111125;0.0;6.1;9.1;0;
TOUROUVRE_SAPC;20111126;0.0;2.0;9.0;0;
TOUROUVRE_SAPC;20111127;0.2;5.8;12.8;0;
TOUROUVRE_SAPC;20111128;0.0;0.6;9.2;0;
TOUROUVRE_SAPC;20111129;1.0;4.6;10.8;0;
TOUROUVRE_SAPC;20111130;0.2;0.7;10.9;0;
TOUROUVRE_SAPC;20111201;5.0;3.7;13.0;0;
TOUROUVRE_SAPC;20111202;3.8;5.8;9.8;0;
TOUROUVRE_SAPC;20111203;11.3;5.2;11.5;0;
TOUROUVRE_SAPC;20111204;3.4;10.5;12.0;0;
TOUROUVRE_SAPC;20111205;4.4;1.9;7.1;0;
TOUROUVRE_SAPC;20111206;4.4;3.5;9.4;0;
TOUROUVRE_SAPC;20111207;0.8;5.7;11.1;0;
TOUROUVRE_SAPC;20111208;2.4;0.6;10.8;0;
TOUROUVRE_SAPC;20111209;2.2;6.6;8.1;0;
TOUROUVRE_SAPC;20111210;0.2;-1.1;8.4;501;
TOUROUVRE_SAPC;20111211;6.2;-3.9;9.2;544;
TOUROUVRE_SAPC;20111212;10.3;2.3;10.9;0;
TOUROUVRE_SAPC;20111213;13.3;6.0;11.1;0;
TOUROUVRE_SAPC;20111214;0.2;4.7;7.4;0;
TOUROUVRE_SAPC;20111215;27.3;3.8;12.8;0;
TOUROUVRE_SAPC;20111216;3.8;2.8;9.2;0;
TOUROUVRE_SAPC;20111217;2.6;1.1;6.7;0;
TOUROUVRE_SAPC;20111218;1.4;-1.0;5.9;96;
TOUROUVRE_SAPC;20111219;9.3;-0.1;8.9;44;
TOUROUVRE_SAPC;20111220;4.4;4.4;8.8;0;
TOUROUVRE_SAPC;20111221;0.2;6.0;11.7;0;
TOUROUVRE_SAPC;20111222;0.0;8.5;10.8;0;
TOUROUVRE_SAPC;20111223;3.6;7.5;8.7;0;
TOUROUVRE_SAPC;20111224;0.0;1.5;8.0;0;
TOUROUVRE_SAPC;20111225;0.0;3.0;7.8;0;
TOUROUVRE_SAPC;20111226;0.0;2.4;9.9;93;
TOUROUVRE_SAPC;20111227;0.2;-1.9;8.4;525;
TOUROUVRE_SAPC;20111228;1.0;-0.4;6.4;144;
TOUROUVRE_SAPC;20111229;3.0;-1.0;8.9;143;
TOUROUVRE_SAPC;20111230;11.7;5.9;11.0;0;
TOUROUVRE_SAPC;20111231;0.4;8.1;12.0;0;
TOUROUVRE_SAPC;20120101;14.5;11.4;12.7;0;
TOUROUVRE_SAPC;20120102;0.6;2.7;8.1;0;
TOUROUVRE_SAPC;20120103;7.3;2.4;11.7;0;
TOUROUVRE_SAPC;20120104;2.0;2.1;8.6;0;
TOUROUVRE_SAPC;20120105;3.4;7.2;11.4;0;
TOUROUVRE_SAPC;20120106;0.2;1.9;8.5;0;
TOUROUVRE_SAPC;20120107;1.4;1.1;11.8;0;
TOUROUVRE_SAPC;20120108;0.0;5.7;7.6;0;
TOUROUVRE_SAPC;20120109;0.0;5.3;9.7;0;
TOUROUVRE_SAPC;20120110;0.0;5.4;9.9;0;
TOUROUVRE_SAPC;20120111;0.0;6.6;9.4;0;
TOUROUVRE_SAPC;20120112;0.6;4.0;10.1;0;
TOUROUVRE_SAPC;20120113;0.0;2.5;7.4;0;
TOUROUVRE_SAPC;20120114;0.2;-0.5;4.4;257;
TOUROUVRE_SAPC;20120115;0.0;-2.5;4.2;631;
TOUROUVRE_SAPC;20120116;0.0;-2.7;3.9;874;
TOUROUVRE_SAPC;20120117;0.0;-4.9;3.4;1013;
TOUROUVRE_SAPC;20120118;1.8;-3.6;9.8;206;
TOUROUVRE_SAPC;20120119;2.2;5.0;11.5;0;
TOUROUVRE_SAPC;20120120;1.0;4.9;9.9;0;
TOUROUVRE_SAPC;20120121;0.6;7.3;11.6;0;
TOUROUVRE_SAPC;20120122;0.0;6.5;10.1;0;
TOUROUVRE_SAPC;20120123;1.8;3.3;8.9;0;
TOUROUVRE_SAPC;20120124;3.6;3.5;9.4;0;
TOUROUVRE_SAPC;20120125;0.4;7.8;9.5;0;
TOUROUVRE_SAPC;20120126;1.2;3.4;9.1;130;
TOUROUVRE_SAPC;20120127;1.4;-3.0;8.7;554;
TOUROUVRE_SAPC;20120128;1.8;0.9;6.3;0;
TOUROUVRE_SAPC;20120129;0.0;0.5;5.1;54;
TOUROUVRE_SAPC;20120130;1.0;-0.5;0.8;551;
TOUROUVRE_SAPC;20120131;0.0;-2.4;-0.1;1438;
TOUROUVRE_SAPC;20120201;0.0;-4.7;-1.6;1440;
TOUROUVRE_SAPC;20120202;0.0;-8.2;-1.6;1440;
TOUROUVRE_SAPC;20120203;0.0;-9.2;-0.5;1440;
TOUROUVRE_SAPC;20120204;2.0;-5.2;0.2;1437;
TOUROUVRE_SAPC;20120205;4.0;-6.9;-5.2;1440;
TOUROUVRE_SAPC;20120206;0.2;-7.0;-0.7;1440;
TOUROUVRE_SAPC;20120207;0.0;-9.7;-4.9;1440;
TOUROUVRE_SAPC;20120208;0.0;-10.6;-4.8;1440;
TOUROUVRE_SAPC;20120209;0.0;-10.8;-1.2;1440;
TOUROUVRE_SAPC;20120210;0.0;-8.4;-3.3;1440;
TOUROUVRE_SAPC;20120211;0.0;-10.3;-2.9;1440;
TOUROUVRE_SAPC;20120212;0.2;-10.8;2.2;1261;
TOUROUVRE_SAPC;20120213;1.2;-1.4;4.6;0;
TOUROUVRE_SAPC;20120214;0.2;1.6;5.1;0;
TOUROUVRE_SAPC;20120215;0.4;1.2;8.0;0;
TOUROUVRE_SAPC;20120216;0.0;4.7;8.0;0;
TOUROUVRE_SAPC;20120217;0.0;0.2;7.6;0;
TOUROUVRE_SAPC;20120218;3.0;6.1;9.6;0;
TOUROUVRE_SAPC;20120219;0.0;0.6;7.2;253;
TOUROUVRE_SAPC;20120220;0.0;-4.2;6.9;848;
TOUROUVRE_SAPC;20120221;0.0;-4.1;7.9;814;
TOUROUVRE_SAPC;20120222;0.0;-4.5;7.2;534;
TOUROUVRE_SAPC;20120223;0.0;4.0;11.5;0;
TOUROUVRE_SAPC;20120224;0.0;7.0;15.5;0;
TOUROUVRE_SAPC;20120225;0.0;7.9;14.0;0;
TOUROUVRE_SAPC;20120226;0.0;4.3;11.1;0;
TOUROUVRE_SAPC;20120227;0.0;0.2;11.3;0;
TOUROUVRE_SAPC;20120228;0.0;5.6;10.7;0;
TOUROUVRE_SAPC;20120229;0.0;2.1;14.8;0;
TOUROUVRE_SAPC;20120301;0.0;6.1;11.8;0;
TOUROUVRE_SAPC;20120302;0.0;8.1;10.5;0;
TOUROUVRE_SAPC;20120303;1.0;3.3;10.4;0;
TOUROUVRE_SAPC;20120304;5.0;4.0;9.0;0;
TOUROUVRE_SAPC;20120305;0.5;1.0;8.6;0;
TOUROUVRE_SAPC;20120306;0.0;2.1;5.5;0;
TOUROUVRE_SAPC;20120307;3.5;-0.2;7.2;126;
TOUROUVRE_SAPC;20120308;0.0;-0.5;9.4;170;
TOUROUVRE_SAPC;20120309;0.2;-2.5;11.9;449;
TOUROUVRE_SAPC;20120310;0.0;6.1;11.4;0;
TOUROUVRE_SAPC;20120311;0.2;7.1;12.0;0;
TOUROUVRE_SAPC;20120312;0.0;2.9;15.4;0;
TOUROUVRE_SAPC;20120313;0.0;4.4;8.5;0;
TOUROUVRE_SAPC;20120314;0.0;3.4;14.0;0;
TOUROUVRE_SAPC;20120315;0.0;1.3;19.3;0;
TOUROUVRE_SAPC;20120316;0.0;1.7;19.7;0;
TOUROUVRE_SAPC;20120317;4.4;5.2;10.6;0;
TOUROUVRE_SAPC;20120318;3.6;3.8;7.6;0;
TOUROUVRE_SAPC;20120319;0.0;4.1;11.1;0;
TOUROUVRE_SAPC;20120320;0.2;-2.1;11.9;243;
TOUROUVRE_SAPC;20120321;0.0;3.3;15.7;0;
TOUROUVRE_SAPC;20120322;0.0;7.1;19.5;0;
TOUROUVRE_SAPC;20120323;0.0;2.7;20.5;0;
TOUROUVRE_SAPC;20120324;0.0;7.0;19.2;0;
TOUROUVRE_SAPC;20120325;0.0;6.9;19.0;0;
TOUROUVRE_SAPC;20120326;0.0;7.6;19.0;0;
TOUROUVRE_SAPC;20120327;0.0;5.6;18.4;0;
TOUROUVRE_SAPC;20120328;0.0;7.7;18.6;0;
TOUROUVRE_SAPC;20120329;0.0;6.8;19.1;0;
TOUROUVRE_SAPC;20120330;0.0;2.8;19.0;0;
TOUROUVRE_SAPC;20120331;0.0;4.5;10.7;0;
TOUROUVRE_SAPC;20120401;0.0;0.3;11.2;0;
TOUROUVRE_SAPC;20120402;0.0;0.0;14.8;3;
TOUROUVRE_SAPC;20120403;0.0;-0.2;15.7;18;
TOUROUVRE_SAPC;20120404;0.0;-0.9;10.3;107;
TOUROUVRE_SAPC;20120405;0.0;3.4;12.6;0;
TOUROUVRE_SAPC;20120406;0.0;3.4;11.8;0;
TOUROUVRE_SAPC;20120407;0.0;2.6;12.1;0;
TOUROUVRE_SAPC;20120408;0.0;-0.9;10.2;95;
TOUROUVRE_SAPC;20120409;10.0;7.8;11.3;0;
TOUROUVRE_SAPC;20120410;5.0;6.9;11.1;0;
TOUROUVRE_SAPC;20120411;2.0;0.4;12.0;0;
TOUROUVRE_SAPC;20120412;0.5;0.2;12.9;0;
TOUROUVRE_SAPC;20120413;4.0;-1.1;14.1;150;
TOUROUVRE_SAPC;20120414;6.0;4.3;11.8;0;
TOUROUVRE_SAPC;20120415;0.0;2.5;9.7;0;
TOUROUVRE_SAPC;20120416;0.0;0.4;10.0;98;
TOUROUVRE_SAPC;20120417;6.0;-2.4;11.7;328;
TOUROUVRE_SAPC;20120418;9.0;3.5;10.2;0;
TOUROUVRE_SAPC;20120419;1.0;3.2;12.9;0;
TOUROUVRE_SAPC;20120420;3.2;2.3;13.0;0;
TOUROUVRE_SAPC;20120421;0.8;3.4;12.2;0;
TOUROUVRE_SAPC;20120422;4.4;2.1;11.5;0;
TOUROUVRE_SAPC;20120423;11.3;2.8;11.8;0;
TOUROUVRE_SAPC;20120424;5.6;6.4;12.8;0;
TOUROUVRE_SAPC;20120425;5.9;6.4;13.8;0;
TOUROUVRE_SAPC;20120426;1.4;8.7;15.3;0;
TOUROUVRE_SAPC;20120427;11.9;6.6;13.2;0;
TOUROUVRE_SAPC;20120428;23.2;7.8;13.3;0;
TOUROUVRE_SAPC;20120429;4.4;9.7;13.2;0;
TOUROUVRE_SAPC;20120430;8.5;5.9;15.1;0;
TOUROUVRE_SAPC;20120501;0.0;5.9;17.6;0;
TOUROUVRE_SAPC;20120502;0.0;6.0;14.9;0;
TOUROUVRE_SAPC;20120503;0.4;8.8;18.9;0;
TOUROUVRE_SAPC;20120504;5.0;8.4;15.7;0;
TOUROUVRE_SAPC;20120505;3.4;9.0;16.6;0;
TOUROUVRE_SAPC;20120506;1.6;8.0;12.3;0;
TOUROUVRE_SAPC;20120507;0.2;2.5;16.6;0;
TOUROUVRE_SAPC;20120508;1.2;9.1;17.7;0;
TOUROUVRE_SAPC;20120509;0.4;13.2;18.6;0;
TOUROUVRE_SAPC;20120510;0.2;13.1;24.6;0;
TOUROUVRE_SAPC;20120511;0.4;12.0;16.7;0;
TOUROUVRE_SAPC;20120512;0.0;7.1;15.3;0;
TOUROUVRE_SAPC;20120513;0.2;2.7;15.1;0;
TOUROUVRE_SAPC;20120514;0.0;0.4;17.8;0;
TOUROUVRE_SAPC;20120515;0.8;4.7;12.0;0;
TOUROUVRE_SAPC;20120516;0.0;2.1;14.5;0;
TOUROUVRE_SAPC;20120517;0.4;3.4;14.0;0;
TOUROUVRE_SAPC;20120518;0.2;5.7;15.4;0;
TOUROUVRE_SAPC;20120519;12.9;1.9;15.6;0;
TOUROUVRE_SAPC;20120520;7.5;9.4;15.4;0;
TOUROUVRE_SAPC;20120521;5.8;9.9;11.7;0;
TOUROUVRE_SAPC;20120522;0.0;10.9;20.3;0;
TOUROUVRE_SAPC;20120523;0.0;10.8;23.8;0;
TOUROUVRE_SAPC;20120524;0.2;10.8;25.2;0;
TOUROUVRE_SAPC;20120525;0.0;16.7;25.5;0;
TOUROUVRE_SAPC;20120526;0.2;11.1;25.0;0;
TOUROUVRE_SAPC;20120527;2.6;11.3;20.4;0;
TOUROUVRE_SAPC;20120528;0.2;12.2;22.7;0;
TOUROUVRE_SAPC;20120529;0.0;10.5;24.4;0;
TOUROUVRE_SAPC;20120530;6.8;8.0;23.8;0;
TOUROUVRE_SAPC;20120531;0.2;11.3;20.9;0;
TOUROUVRE_SAPC;20120601;0.2;8.4;21.6;0;
TOUROUVRE_SAPC;20120602;31.3;10.5;25.5;0;
TOUROUVRE_SAPC;20120603;0.2;13.6;19.0;0;
TOUROUVRE_SAPC;20120604;0.8;10.2;14.3;0;
TOUROUVRE_SAPC;20120605;3.6;4.6;15.9;0;
TOUROUVRE_SAPC;20120606;0.8;12.0;18.6;0;
TOUROUVRE_SAPC;20120607;7.0;12.2;19.7;0;
TOUROUVRE_SAPC;20120608;2.2;11.9;18.5;0;
TOUROUVRE_SAPC;20120609;1.6;5.2;16.8;0;
TOUROUVRE_SAPC;20120610;19.3;10.3;18.0;0;
TOUROUVRE_SAPC;20120611;0.2;11.4;17.8;0;
TOUROUVRE_SAPC;20120612;3.6;8.3;13.1;0;
TOUROUVRE_SAPC;20120613;0.0;9.9;18.3;0;
TOUROUVRE_SAPC;20120614;1.8;7.3;19.7;0;
TOUROUVRE_SAPC;20120615;6.0;13.2;19.2;0;
TOUROUVRE_SAPC;20120616;0.0;12.6;19.5;0;
TOUROUVRE_SAPC;20120617;7.3;9.2;20.0;0;
TOUROUVRE_SAPC;20120618;0.0;11.5;16.9;0;
TOUROUVRE_SAPC;20120619;0.2;6.9;19.9;0;
TOUROUVRE_SAPC;20120620;3.2;8.6;24.0;0;
TOUROUVRE_SAPC;20120621;2.0;15.4;25.5;0;
TOUROUVRE_SAPC;20120622;0.0;10.8;20.0;0;
TOUROUVRE_SAPC;20120623;0.0;8.4;19.6;0;
TOUROUVRE_SAPC;20120624;6.4;8.5;16.7;0;
TOUROUVRE_SAPC;20120625;2.8;8.8;20.0;0;
TOUROUVRE_SAPC;20120626;0.6;13.4;22.9;0;
TOUROUVRE_SAPC;20120627;0.2;16.6;27.5;0;
TOUROUVRE_SAPC;20120628;0.2;17.0;28.9;0;
TOUROUVRE_SAPC;20120629;0.0;13.3;21.4;0;
TOUROUVRE_SAPC;20120630;2.8;11.2;21.0;0;
TOUROUVRE_SAPC;20120701;0.2;10.2;18.9;0;
TOUROUVRE_SAPC;20120702;0.2;6.2;20.5;0;
TOUROUVRE_SAPC;20120703;0.0;13.2;21.4;0;
TOUROUVRE_SAPC;20120704;0.2;11.8;24.3;0;
TOUROUVRE_SAPC;20120705;0.6;13.3;21.0;0;
TOUROUVRE_SAPC;20120706;6.2;12.8;19.4;0;
TOUROUVRE_SAPC;20120707;18.8;11.1;21.7;0;
TOUROUVRE_SAPC;20120708;0.2;13.3;20.0;0;
TOUROUVRE_SAPC;20120709;0.0;12.0;21.1;0;
TOUROUVRE_SAPC;20120710;1.0;12.9;18.7;0;
TOUROUVRE_SAPC;20120711;4.0;11.0;18.3;0;
TOUROUVRE_SAPC;20120712;15.1;9.9;17.9;0;
TOUROUVRE_SAPC;20120713;5.0;12.1;17.6;0;
TOUROUVRE_SAPC;20120714;0.8;11.7;19.9;0;
TOUROUVRE_SAPC;20120715;0.2;9.5;18.9;0;
TOUROUVRE_SAPC;20120716;0.0;5.1;21.7;0;
TOUROUVRE_SAPC;20120717;0.2;13.3;23.8;0;
TOUROUVRE_SAPC;20120718;0.0;11.4;23.7;0;
TOUROUVRE_SAPC;20120719;0.0;12.7;19.7;0;
TOUROUVRE_SAPC;20120720;0.0;10.6;20.2;0;
TOUROUVRE_SAPC;20120721;0.0;6.4;22.6;0;
TOUROUVRE_SAPC;20120722;0.2;9.8;23.8;0;
TOUROUVRE_SAPC;20120723;0.0;9.4;26.9;0;
TOUROUVRE_SAPC;20120724;0.0;11.4;29.4;0;
TOUROUVRE_SAPC;20120725;0.0;12.8;31.5;0;
TOUROUVRE_SAPC;20120726;0.0;16.5;33.2;0;
TOUROUVRE_SAPC;20120727;2.2;17.6;26.3;0;
TOUROUVRE_SAPC;20120728;0.0;15.5;23.4;0;
TOUROUVRE_SAPC;20120729;2.8;7.3;19.3;0;
TOUROUVRE_SAPC;20120730;0.0;8.5;20.0;0;
TOUROUVRE_SAPC;20120731;0.2;11.2;22.6;0;
TOUROUVRE_SAPC;20120801;1.4;9.8;25.2;0;
TOUROUVRE_SAPC;20120802;0.2;14.6;23.2;0;
TOUROUVRE_SAPC;20120803;4.3;12.5;23.3;0;
TOUROUVRE_SAPC;20120804;0.4;11.0;21.7;0;
TOUROUVRE_SAPC;20120805;4.3;8.7;20.4;0;
TOUROUVRE_SAPC;20120806;1.2;12.2;20.7;0;
TOUROUVRE_SAPC;20120807;0.0;9.0;20.5;0;
TOUROUVRE_SAPC;20120808;0.2;8.5;25.9;0;
TOUROUVRE_SAPC;20120809;0.0;14.8;28.1;0;
TOUROUVRE_SAPC;20120810;0.0;14.2;26.7;0;
TOUROUVRE_SAPC;20120811;0.0;11.6;28.9;0;
TOUROUVRE_SAPC;20120812;0.0;12.0;24.8;0;
TOUROUVRE_SAPC;20120813;0.0;11.1;22.6;0;
TOUROUVRE_SAPC;20120814;0.6;13.1;26.2;0;
TOUROUVRE_SAPC;20120815;0.4;17.9;26.1;0;
TOUROUVRE_SAPC;20120816;0.0;11.0;24.9;0;
TOUROUVRE_SAPC;20120817;0.0;15.2;31.2;0;
TOUROUVRE_SAPC;20120818;0.0;13.1;35.4;0;
TOUROUVRE_SAPC;20120819;0.2;16.2;32.2;0;
TOUROUVRE_SAPC;20120820;0.0;14.8;27.7;0;
TOUROUVRE_SAPC;20120821;0.2;17.2;28.4;0;
TOUROUVRE_SAPC;20120822;0.2;11.2;23.3;0;
TOUROUVRE_SAPC;20120823;0.0;8.1;23.8;0;
TOUROUVRE_SAPC;20120824;2.2;11.6;19.1;0;
TOUROUVRE_SAPC;20120825;2.7;14.8;22.5;0;
TOUROUVRE_SAPC;20120826;0.0;13.3;21.5;0;
TOUROUVRE_SAPC;20120827;0.0;11.1;26.1;0;
TOUROUVRE_SAPC;20120828;0.2;14.2;23.7;0;
TOUROUVRE_SAPC;20120829;0.0;8.5;24.6;0;
TOUROUVRE_SAPC;20120830;3.4;10.4;19.8;0;
TOUROUVRE_SAPC;20120831;0.0;8.5;16.6;0;
TOUROUVRE_SAPC;20120901;0.0;10.2;17.3;0;
TOUROUVRE_SAPC;20120902;0.0;13.7;21.9;0;
TOUROUVRE_SAPC;20120903;0.2;11.0;23.1;0;
TOUROUVRE_SAPC;20120904;0.2;13.6;24.3;0;
TOUROUVRE_SAPC;20120905;0.0;13.2;22.0;0;
TOUROUVRE_SAPC;20120906;0.0;9.2;22.2;0;
TOUROUVRE_SAPC;20120907;0.2;4.4;25.7;0;
TOUROUVRE_SAPC;20120908;0.0;6.7;28.2;0;
TOUROUVRE_SAPC;20120909;0.0;6.5;28.2;0;
TOUROUVRE_SAPC;20120910;0.2;16.2;24.4;0;
TOUROUVRE_SAPC;20120911;15.7;14.0;17.6;0;
TOUROUVRE_SAPC;20120912;1.4;9.6;15.4;0;
TOUROUVRE_SAPC;20120913;0.2;10.2;17.7;0;
TOUROUVRE_SAPC;20120914;0.0;3.8;16.4;0;
TOUROUVRE_SAPC;20120915;0.2;8.2;21.2;0;
TOUROUVRE_SAPC;20120916;0.0;5.8;22.4;0;
TOUROUVRE_SAPC;20120917;0.2;9.4;21.5;0;
TOUROUVRE_SAPC;20120918;0.0;10.8;18.1;0;
TOUROUVRE_SAPC;20120919;0.2;5.5;17.9;0;
TOUROUVRE_SAPC;20120920;0.0;2.5;17.6;0;
TOUROUVRE_SAPC;20120921;5.6;3.9;16.2;0;
TOUROUVRE_SAPC;20120922;0.2;5.5;16.4;0;
TOUROUVRE_SAPC;20120923;18.4;10.7;22.3;0;
TOUROUVRE_SAPC;20120924;11.0;12.4;17.2;0;
TOUROUVRE_SAPC;20120925;13.1;11.0;15.4;0;
TOUROUVRE_SAPC;20120926;2.2;10.6;16.8;0;
TOUROUVRE_SAPC;20120927;2.0;11.1;16.3;0;
TOUROUVRE_SAPC;20120928;0.2;5.5;16.4;0;
TOUROUVRE_SAPC;20120929;0.2;5.8;16.3;0;
TOUROUVRE_SAPC;20120930;0.4;1.3;16.8;0;
TOUROUVRE_SAPC;20121001;1.6;2.7;16.0;0;
TOUROUVRE_SAPC;20121002;0.4;11.5;17.2;0;
TOUROUVRE_SAPC;20121003;23.4;12.8;14.6;0;
TOUROUVRE_SAPC;20121004;0.4;11.6;16.7;0;
TOUROUVRE_SAPC;20121005;0.2;13.0;19.5;0;
TOUROUVRE_SAPC;20121006;7.5;11.1;15.6;0;
TOUROUVRE_SAPC;20121007;8.1;10.3;14.7;0;
TOUROUVRE_SAPC;20121008;20.0;10.8;17.0;0;
TOUROUVRE_SAPC;20121009;14.5;15.2;18.2;0;
TOUROUVRE_SAPC;20121010;0.4;13.9;16.5;0;
TOUROUVRE_SAPC;20121011;5.4;13.4;17.8;0;
TOUROUVRE_SAPC;20121012;4.6;8.6;14.5;0;
TOUROUVRE_SAPC;20121013;4.4;7.5;12.9;0;
TOUROUVRE_SAPC;20121014;2.4;3.9;11.7;0;
TOUROUVRE_SAPC;20121015;1.0;0.9;13.3;0;
TOUROUVRE_SAPC;20121016;1.0;9.1;14.1;0;
TOUROUVRE_SAPC;20121017;8.0;8.5;13.7;0;
TOUROUVRE_SAPC;20121018;20.0;10.7;13.3;0;
TOUROUVRE_SAPC;20121019;4.0;11.4;16.1;0;
TOUROUVRE_SAPC;20121020;16.0;11.3;13.8;0;
TOUROUVRE_SAPC;20121021;3.5;12.1;17.3;0;
TOUROUVRE_SAPC;20121022;0.4;10.9;20.7;0;
TOUROUVRE_SAPC;20121023;0.0;9.1;16.0;0;
TOUROUVRE_SAPC;20121024;0.0;9.5;13.8;0;
TOUROUVRE_SAPC;20121025;0.0;7.7;12.5;0;
TOUROUVRE_SAPC;20121026;1.0;7.1;10.5;0;
TOUROUVRE_SAPC;20121027;5.6;1.2;6.8;0;
TOUROUVRE_SAPC;20121028;0.0;1.7;9.5;0;
TOUROUVRE_SAPC;20121029;0.0;3.5;10.4;0;
TOUROUVRE_SAPC;20121030;0.2;2.6;12.8;0;
TOUROUVRE_SAPC;20121031;4.4;-0.4;11.1;88;
TOUROUVRE_SAPC;20121101;2.2;5.9;10.2;0;
TOUROUVRE_SAPC;20121102;10.6;3.3;8.9;0;
TOUROUVRE_SAPC;20121103;0.4;4.6;11.2;0;
TOUROUVRE_SAPC;20121104;5.9;4.4;10.5;0;
TOUROUVRE_SAPC;20121105;0.8;5.8;11.7;0;
TOUROUVRE_SAPC;20121106;0.2;1.4;10.6;0;
TOUROUVRE_SAPC;20121107;0.0;3.0;9.8;0;
TOUROUVRE_SAPC;20121108;0.0;4.4;9.1;0;
TOUROUVRE_SAPC;20121109;3.8;-0.1;9.8;40;
TOUROUVRE_SAPC;20121110;6.8;7.6;11.6;0;
TOUROUVRE_SAPC;20121111;0.2;3.6;9.4;0;
TOUROUVRE_SAPC;20121112;0.0;2.6;8.0;0;
TOUROUVRE_SAPC;20121113;0.0;6.3;13.3;0;
TOUROUVRE_SAPC;20121114;0.0;2.8;5.6;0;
TOUROUVRE_SAPC;20121115;0.0;1.3;4.9;0;
TOUROUVRE_SAPC;20121116;0.0;1.7;10.7;0;
TOUROUVRE_SAPC;20121117;4.8;5.4;9.9;0;
TOUROUVRE_SAPC;20121118;0.4;7.4;8.4;0;
TOUROUVRE_SAPC;20121119;0.0;7.1;8.9;0;
TOUROUVRE_SAPC;20121120;0.2;6.1;11.1;0;
TOUROUVRE_SAPC;20121121;1.4;6.5;10.3;0;
TOUROUVRE_SAPC;20121122;0.0;2.7;11.6;0;
TOUROUVRE_SAPC;20121123;10.5;7.6;9.8;0;
TOUROUVRE_SAPC;20121124;0.2;7.2;13.4;0;
TOUROUVRE_SAPC;20121125;0.0;6.8;10.9;0;
TOUROUVRE_SAPC;20121126;0.2;7.2;10.0;0;
TOUROUVRE_SAPC;20121127;4.0;5.1;6.8;0;
TOUROUVRE_SAPC;20121128;1.4;4.6;7.0;0;
TOUROUVRE_SAPC;20121129;0.0;2.5;6.8;0;
TOUROUVRE_SAPC;20121130;0.2;-2.0;6.2;711;
TOUROUVRE_SAPC;20121201;0.8;-1.9;6.8;519;
TOUROUVRE_SAPC;20121202;2.8;0.4;6.5;0;
TOUROUVRE_SAPC;20121203;4.6;1.5;10.5;0;
TOUROUVRE_SAPC;20121204;2.6;1.4;7.2;0;
TOUROUVRE_SAPC;20121205;2.8;0.5;4.8;0;
TOUROUVRE_SAPC;20121206;6.0;-3.2;2.2;540;
TOUROUVRE_SAPC;20121207;6.0;-0.2;5.2;171;
TOUROUVRE_SAPC;20121208;2.0;1.8;5.1;0;
TOUROUVRE_SAPC;20121209;3.8;-0.5;6.3;100;
TOUROUVRE_SAPC;20121210;0.0;2.4;6.2;0;
TOUROUVRE_SAPC;20121211;0.0;-1.3;4.1;544;
TOUROUVRE_SAPC;20121212;0.0;-5.0;0.5;1253;
TOUROUVRE_SAPC;20121213;0.4;-2.9;5.9;602;
TOUROUVRE_SAPC;20121214;18.4;3.2;10.9;0;
TOUROUVRE_SAPC;20121215;10.5;6.2;9.9;0;
TOUROUVRE_SAPC;20121216;1.8;6.2;8.8;0;
TOUROUVRE_SAPC;20121217;4.2;5.7;9.0;0;
TOUROUVRE_SAPC;20121218;0.0;4.1;8.4;0;
TOUROUVRE_SAPC;20121219;19.6;2.6;9.2;0;
TOUROUVRE_SAPC;20121220;7.2;6.7;10.4;0;
TOUROUVRE_SAPC;20121221;5.4;5.8;8.7;0;
TOUROUVRE_SAPC;20121222;7.3;4.7;13.5;0;
TOUROUVRE_SAPC;20121223;0.0;11.8;12.8;0;
TOUROUVRE_SAPC;20121224;2.8;7.5;11.9;0;
TOUROUVRE_SAPC;20121225;4.3;6.8;10.5;0;
TOUROUVRE_SAPC;20121226;4.8;5.8;10.4;0;
TOUROUVRE_SAPC;20121227;3.8;6.4;9.6;0;
TOUROUVRE_SAPC;20121228;3.2;5.0;11.0;0;
TOUROUVRE_SAPC;20121229;2.8;7.6;11.6;0;
TOUROUVRE_SAPC;20121230;0.0;4.2;9.5;0;
TOUROUVRE_SAPC;20121231;10.3;6.4;10.1;0;
TOUROUVRE_SAPC;20130101;0.2;4.8;8.8;0;
TOUROUVRE_SAPC;20130102;0.4;-1.1;8.7;303;
TOUROUVRE_SAPC;20130103;0.0;5.6;9.7;0;
TOUROUVRE_SAPC;20130104;0.0;7.9;8.7;0;
TOUROUVRE_SAPC;20130105;0.0;5.8;6.9;0;
TOUROUVRE_SAPC;20130106;0.4;3.9;5.0;0;
TOUROUVRE_SAPC;20130107;0.2;3.9;4.6;0;
TOUROUVRE_SAPC;20130108;0.2;2.6;4.8;0;
TOUROUVRE_SAPC;20130109;1.0;2.5;4.7;0;
TOUROUVRE_SAPC;20130110;11.1;4.1;9.5;0;
TOUROUVRE_SAPC;20130111;2.0;2.5;8.3;0;
TOUROUVRE_SAPC;20130112;4.2;2.2;5.3;0;
TOUROUVRE_SAPC;20130113;0.8;2.6;4.6;111;
TOUROUVRE_SAPC;20130114;6.0;-0.8;3.4;593;
TOUROUVRE_SAPC;20130115;0.0;-0.5;4.2;380;
TOUROUVRE_SAPC;20130116;0.0;-2.3;0.4;1270;
TOUROUVRE_SAPC;20130117;0.0;-3.2;2.5;1062;
TOUROUVRE_SAPC;20130118;5.0;-4.7;-2.2;1440;
TOUROUVRE_SAPC;20130119;3.0;-2.7;-1.3;1440;
TOUROUVRE_SAPC;20130120;2.0;-3.8;0.2;1320;
TOUROUVRE_SAPC;20130121;5.0;-1.2;1.9;522;
TOUROUVRE_SAPC;20130122;2.6;-0.7;2.9;311;
TOUROUVRE_SAPC;20130123;0.0;1.5;3.6;0;
TOUROUVRE_SAPC;20130124;0.4;0.5;2.2;279;
TOUROUVRE_SAPC;20130125;6.0;-4.4;0.2;1440;
TOUROUVRE_SAPC;20130126;3.0;-2.0;5.8;325;
TOUROUVRE_SAPC;20130127;4.2;0.6;9.9;0;
TOUROUVRE_SAPC;20130128;2.2;0.4;9.8;0;
TOUROUVRE_SAPC;20130129;3.0;7.7;12.9;0;
TOUROUVRE_SAPC;20130130;3.6;8.2;12.7;0;
TOUROUVRE_SAPC;20130131;3.4;1.8;10.7;0;
TOUROUVRE_SAPC;20130201;6.8;5.7;9.4;0;
TOUROUVRE_SAPC;20130202;1.8;1.5;5.4;0;
TOUROUVRE_SAPC;20130203;1.8;-1.5;8.4;453;
TOUROUVRE_SAPC;20130204;2.2;4.3;11.1;0;
TOUROUVRE_SAPC;20130205;6.8;0.9;5.2;0;
TOUROUVRE_SAPC;20130206;3.4;0.9;6.0;0;
TOUROUVRE_SAPC;20130207;0.2;1.0;5.0;0;
TOUROUVRE_SAPC;20130208;0.4;0.8;4.9;66;
TOUROUVRE_SAPC;20130209;3.6;-0.8;4.1;0;
TOUROUVRE_SAPC;20130210;13.1;0.3;5.2;0;
TOUROUVRE_SAPC;20130211;0.2;2.0;9.0;0;
TOUROUVRE_SAPC;20130212;0.0;2.0;3.8;0;
TOUROUVRE_SAPC;20130213;0.0;-1.1;2.0;695;
TOUROUVRE_SAPC;20130214;6.2;-0.4;10.8;305;
TOUROUVRE_SAPC;20130215;0.0;3.3;10.3;0;
TOUROUVRE_SAPC;20130216;0.2;-1.4;8.6;330;
TOUROUVRE_SAPC;20130217;0.0;-0.2;7.8;92;
TOUROUVRE_SAPC;20130218;0.2;-1.9;8.1;282;
TOUROUVRE_SAPC;20130219;0.2;-2.5;8.8;435;
TOUROUVRE_SAPC;20130220;0.2;-1.0;6.5;572;
TOUROUVRE_SAPC;20130221;0.0;-3.0;2.0;1111;
TOUROUVRE_SAPC;20130222;0.0;-3.7;-1.0;1440;
TOUROUVRE_SAPC;20130223;0.0;-3.7;-0.1;1440;
TOUROUVRE_SAPC;20130224;0.2;-2.8;1.5;921;
TOUROUVRE_SAPC;20130225;6.0;-0.2;1.4;1;
TOUROUVRE_SAPC;20130226;0.4;0.2;2.6;0;
TOUROUVRE_SAPC;20130227;0.0;1.0;2.9;0;
TOUROUVRE_SAPC;20130228;0.0;0.0;1.7;131;
TOUROUVRE_SAPC;20130301;0.0;0.1;2.6;0;
TOUROUVRE_SAPC;20130302;0.0;-0.2;2.2;193;
TOUROUVRE_SAPC;20130303;0.0;-0.3;7.4;331;
TOUROUVRE_SAPC;20130304;0.0;-1.2;12.6;296;
TOUROUVRE_SAPC;20130305;0.0;1.5;14.4;0;
TOUROUVRE_SAPC;20130306;7.5;7.3;12.7;0;
TOUROUVRE_SAPC;20130307;8.0;8.5;13.1;0;
TOUROUVRE_SAPC;20130308;3.8;8.9;13.8;0;
TOUROUVRE_SAPC;20130309;0.0;7.4;14.7;0;
TOUROUVRE_SAPC;20130310;6.2;2.4;7.4;0;
TOUROUVRE_SAPC;20130311;20.0;-0.3;1.1;463;
TOUROUVRE_SAPC;20130312;6.0;-3.8;-3.0;1440;
TOUROUVRE_SAPC;20130313;0.5;-8.1;1.6;923;
TOUROUVRE_SAPC;20130314;0.8;-8.0;3.0;892;
TOUROUVRE_SAPC;20130315;1.0;-9.1;5.3;574;
TOUROUVRE_SAPC;20130316;2.8;2.7;7.3;0;
TOUROUVRE_SAPC;20130317;4.8;3.4;8.5;70;
TOUROUVRE_SAPC;20130318;10.9;-0.7;7.2;0;
TOUROUVRE_SAPC;20130319;2.8;2.1;8.5;0;
TOUROUVRE_SAPC;20130320;0.4;2.6;8.1;0;
TOUROUVRE_SAPC;20130321;5.0;0.7;8.5;0;
TOUROUVRE_SAPC;20130322;1.2;4.7;13.1;0;
TOUROUVRE_SAPC;20130323;0.2;4.7;14.0;0;
TOUROUVRE_SAPC;20130324;0.0;2.9;4.5;0;
TOUROUVRE_SAPC;20130325;0.0;1.1;8.3;0;
TOUROUVRE_SAPC;20130326;0.0;0.9;5.5;0;
TOUROUVRE_SAPC;20130327;0.0;0.8;5.4;0;
TOUROUVRE_SAPC;20130328;0.0;1.4;4.9;98;
TOUROUVRE_SAPC;20130329;0.0;-2.1;5.9;467;
TOUROUVRE_SAPC;20130330;0.0;-1.2;4.2;488;
TOUROUVRE_SAPC;20130331;0.0;-2.0;5.8;591;
TOUROUVRE_SAPC;20130401;0.0;-2.1;7.7;448;
TOUROUVRE_SAPC;20130402;0.0;-1.1;8.8;294;
TOUROUVRE_SAPC;20130403;0.0;-1.0;8.5;333;
TOUROUVRE_SAPC;20130404;4.4;0.0;7.4;50;
TOUROUVRE_SAPC;20130405;10.0;0.4;2.4;0;
TOUROUVRE_SAPC;20130406;0.0;1.0;5.9;0;
TOUROUVRE_SAPC;20130407;0.0;-2.0;9.4;215;
TOUROUVRE_SAPC;20130408;5.6;2.5;9.4;0;
TOUROUVRE_SAPC;20130409;13.7;5.3;12.1;0;
TOUROUVRE_SAPC;20130410;8.9;5.8;11.7;0;
TOUROUVRE_SAPC;20130411;2.2;9.2;13.1;0;
TOUROUVRE_SAPC;20130412;5.9;8.2;14.4;0;
TOUROUVRE_SAPC;20130413;2.0;5.3;12.6;0;
TOUROUVRE_SAPC;20130414;0.2;10.0;23.0;0;
TOUROUVRE_SAPC;20130415;0.2;8.9;17.2;0;
TOUROUVRE_SAPC;20130416;0.0;6.5;15.0;0;
TOUROUVRE_SAPC;20130417;0.0;8.7;22.1;0;
TOUROUVRE_SAPC;20130418;0.0;8.5;15.6;0;
TOUROUVRE_SAPC;20130419;0.2;1.9;12.7;0;
TOUROUVRE_SAPC;20130420;0.0;3.1;13.1;0;
TOUROUVRE_SAPC;20130421;0.0;2.4;13.9;0;
TOUROUVRE_SAPC;20130422;0.0;1.8;14.4;0;
TOUROUVRE_SAPC;20130423;0.2;5.1;17.1;0;
TOUROUVRE_SAPC;20130424;0.2;3.5;20.9;0;
TOUROUVRE_SAPC;20130425;0.0;8.0;24.3;0;
TOUROUVRE_SAPC;20130426;0.0;7.6;11.3;0;
TOUROUVRE_SAPC;20130427;7.2;3.2;10.3;0;
TOUROUVRE_SAPC;20130428;0.0;1.9;11.1;0;
TOUROUVRE_SAPC;20130429;0.2;-1.5;14.0;249;
TOUROUVRE_SAPC;20130430;0.4;4.4;13.3;0;
TOUROUVRE_SAPC;20130501;9.1;6.4;10.7;0;
TOUROUVRE_SAPC;20130502;0.0;8.5;12.8;0;
TOUROUVRE_SAPC;20130503;0.2;6.0;16.9;0;
TOUROUVRE_SAPC;20130504;0.0;1.8;16.0;0;
TOUROUVRE_SAPC;20130505;0.0;8.2;17.1;0;
TOUROUVRE_SAPC;20130506;0.0;4.1;20.5;0;
TOUROUVRE_SAPC;20130507;1.0;6.0;22.3;0;
TOUROUVRE_SAPC;20130508;0.4;11.4;19.0;0;
TOUROUVRE_SAPC;20130509;0.0;7.6;15.6;0;
TOUROUVRE_SAPC;20130510;0.0;7.1;13.9;0;
TOUROUVRE_SAPC;20130511;0.6;7.7;14.8;0;
TOUROUVRE_SAPC;20130512;0.0;5.2;15.1;0;
TOUROUVRE_SAPC;20130513;0.0;10.1;16.2;0;
TOUROUVRE_SAPC;20130514;2.2;7.9;13.5;0;
TOUROUVRE_SAPC;20130515;0.0;4.8;14.8;0;
TOUROUVRE_SAPC;20130516;0.2;1.3;16.0;0;
TOUROUVRE_SAPC;20130517;3.2;2.3;14.2;0;
TOUROUVRE_SAPC;20130518;19.2;6.3;13.5;0;
TOUROUVRE_SAPC;20130519;10.9;8.7;14.8;0;
TOUROUVRE_SAPC;20130520;19.0;9.0;13.4;0;
TOUROUVRE_SAPC;20130521;0.4;9.8;14.4;0;
TOUROUVRE_SAPC;20130522;0.6;7.5;15.8;0;
TOUROUVRE_SAPC;20130523;0.6;5.8;11.6;0;
TOUROUVRE_SAPC;20130524;11.7;2.0;8.8;0;
TOUROUVRE_SAPC;20130525;2.6;4.8;12.3;0;
TOUROUVRE_SAPC;20130526;0.2;3.9;16.7;0;
TOUROUVRE_SAPC;20130527;5.0;2.4;18.0;0;
TOUROUVRE_SAPC;20130528;1.2;9.0;14.0;0;
TOUROUVRE_SAPC;20130529;0.2;2.8;16.4;0;
TOUROUVRE_SAPC;20130530;2.0;8.8;14.4;0;
TOUROUVRE_SAPC;20130531;0.0;9.6;16.1;0;
TOUROUVRE_SAPC;20130601;0.0;9.7;18.4;0;
TOUROUVRE_SAPC;20130602;0.0;7.9;17.2;0;
TOUROUVRE_SAPC;20130603;0.0;6.6;16.0;0;
TOUROUVRE_SAPC;20130604;0.0;7.1;18.5;0;
TOUROUVRE_SAPC;20130605;0.2;9.0;23.1;0;
TOUROUVRE_SAPC;20130606;0.0;13.2;27.1;0;
TOUROUVRE_SAPC;20130607;0.0;14.8;27.7;0;
TOUROUVRE_SAPC;20130608;9.9;14.5;23.4;0;
TOUROUVRE_SAPC;20130609;0.0;11.1;13.6;0;
TOUROUVRE_SAPC;20130610;0.4;9.5;20.3;0;
TOUROUVRE_SAPC;20130611;1.0;11.4;17.4;0;
TOUROUVRE_SAPC;20130612;0.6;14.5;20.2;0;
TOUROUVRE_SAPC;20130613;2.8;12.5;16.3;0;
TOUROUVRE_SAPC;20130614;0.0;6.3;19.5;0;
TOUROUVRE_SAPC;20130615;0.0;8.8;17.9;0;
TOUROUVRE_SAPC;20130616;2.8;8.8;21.7;0;
TOUROUVRE_SAPC;20130617;10.7;13.7;25.2;0;
TOUROUVRE_SAPC;20130618;1.7;15.8;21.6;0;
TOUROUVRE_SAPC;20130619;20.8;14.0;23.3;0;
TOUROUVRE_SAPC;20130620;2.2;12.5;21.4;0;
TOUROUVRE_SAPC;20130621;15.6;12.7;19.3;0;
TOUROUVRE_SAPC;20130622;3.2;12.2;17.5;0;
TOUROUVRE_SAPC;20130623;0.4;10.9;16.7;0;
TOUROUVRE_SAPC;20130624;0.2;10.9;17.4;0;
TOUROUVRE_SAPC;20130625;0.0;5.4;19.8;0;
TOUROUVRE_SAPC;20130626;0.0;6.6;19.4;0;
TOUROUVRE_SAPC;20130627;0.4;9.2;20.8;0;
TOUROUVRE_SAPC;20130628;0.0;11.2;20.4;0;
TOUROUVRE_SAPC;20130629;0.2;12.9;20.4;0;
TOUROUVRE_SAPC;20130630;0.0;7.1;24.2;0;
TOUROUVRE_SAPC;20130701;0.0;10.6;23.0;0;
TOUROUVRE_SAPC;20130702;1.0;11.0;23.0;0;
TOUROUVRE_SAPC;20130703;1.0;14.0;18.0;0;
TOUROUVRE_SAPC;20130704;0.0;12.0;21.8;0;
TOUROUVRE_SAPC;20130705;0.2;11.3;25.1;0;
TOUROUVRE_SAPC;20130706;0.2;12.9;26.5;0;
TOUROUVRE_SAPC;20130707;0.0;16.4;28.1;0;
TOUROUVRE_SAPC;20130708;0.0;15.5;27.9;0;
TOUROUVRE_SAPC;20130709;0.0;15.4;28.2;0;
TOUROUVRE_SAPC;20130710;0.0;14.1;26.7;0;
TOUROUVRE_SAPC;20130711;0.0;12.3;21.8;0;
TOUROUVRE_SAPC;20130712;0.2;10.1;24.7;0;
TOUROUVRE_SAPC;20130713;0.2;12.1;25.4;0;
TOUROUVRE_SAPC;20130714;0.0;12.9;28.9;0;
TOUROUVRE_SAPC;20130715;0.0;12.3;29.3;0;
TOUROUVRE_SAPC;20130716;0.0;17.0;26.2;0;
TOUROUVRE_SAPC;20130717;0.0;15.6;28.8;0;
TOUROUVRE_SAPC;20130718;0.0;16.0;29.2;0;
TOUROUVRE_SAPC;20130719;0.0;16.2;29.7;0;
TOUROUVRE_SAPC;20130720;0.0;17.4;29.6;0;
TOUROUVRE_SAPC;20130721;0.0;17.0;32.8;0;
TOUROUVRE_SAPC;20130722;7.9;18.8;33.7;0;
TOUROUVRE_SAPC;20130723;0.2;17.4;27.3;0;
TOUROUVRE_SAPC;20130724;2.0;17.1;26.9;0;
TOUROUVRE_SAPC;20130725;3.6;12.8;27.4;0;
TOUROUVRE_SAPC;20130726;25.5;17.9;28.2;0;
TOUROUVRE_SAPC;20130727;14.4;16.1;28.7;0;
TOUROUVRE_SAPC;20130728;2.6;12.7;25.0;0;
TOUROUVRE_SAPC;20130729;5.3;14.6;24.0;0;
TOUROUVRE_SAPC;20130730;1.2;14.3;21.6;0;
TOUROUVRE_SAPC;20130731;0.0;16.9;25.7;0;
TOUROUVRE_SAPC;20130801;0.2;15.4;33.1;0;
TOUROUVRE_SAPC;20130802;0.0;16.0;28.6;0;
TOUROUVRE_SAPC;20130803;0.0;14.9;24.7;0;
TOUROUVRE_SAPC;20130804;0.2;9.5;24.4;0;
TOUROUVRE_SAPC;20130805;0.0;9.8;27.0;0;
TOUROUVRE_SAPC;20130806;0.4;10.6;23.8;0;
TOUROUVRE_SAPC;20130807;4.6;15.0;21.8;0;
TOUROUVRE_SAPC;20130808;0.2;14.2;24.1;0;
TOUROUVRE_SAPC;20130809;0.2;11.8;24.7;0;
TOUROUVRE_SAPC;20130810;0.0;8.0;21.9;0;
TOUROUVRE_SAPC;20130811;0.0;10.7;22.9;0;
TOUROUVRE_SAPC;20130812;0.0;12.9;21.8;0;
TOUROUVRE_SAPC;20130813;0.0;6.9;21.7;0;
TOUROUVRE_SAPC;20130814;0.2;5.6;23.9;0;
TOUROUVRE_SAPC;20130815;0.0;9.8;26.6;0;
TOUROUVRE_SAPC;20130816;0.8;9.8;27.3;0;
TOUROUVRE_SAPC;20130817;0.0;11.0;26.1;0;
TOUROUVRE_SAPC;20130818;1.8;16.7;23.3;0;
TOUROUVRE_SAPC;20130819;0.2;10.8;21.8;0;
TOUROUVRE_SAPC;20130820;0.0;5.7;24.1;0;
TOUROUVRE_SAPC;20130821;0.0;9.2;26.2;0;
TOUROUVRE_SAPC;20130822;0.0;13.8;27.3;0;
TOUROUVRE_SAPC;20130823;0.6;13.4;29.4;0;
TOUROUVRE_SAPC;20130824;0.0;15.3;22.3;0;
TOUROUVRE_SAPC;20130825;2.2;9.9;18.2;0;
TOUROUVRE_SAPC;20130826;0.2;12.0;23.4;0;
TOUROUVRE_SAPC;20130827;0.0;13.2;22.5;0;
TOUROUVRE_SAPC;20130828;0.0;11.5;23.9;0;
TOUROUVRE_SAPC;20130829;0.0;10.1;24.2;0;
TOUROUVRE_SAPC;20130830;0.0;7.0;23.8;0;
TOUROUVRE_SAPC;20130831;0.0;11.6;22.6;0;
TOUROUVRE_SAPC;20130901;0.0;7.7;20.9;0;
TOUROUVRE_SAPC;20130902;0.2;4.4;24.8;0;
TOUROUVRE_SAPC;20130903;0.2;9.9;26.8;0;
TOUROUVRE_SAPC;20130904;0.0;11.6;30.6;0;
TOUROUVRE_SAPC;20130905;0.0;11.3;31.1;0;
TOUROUVRE_SAPC;20130906;0.8;12.6;18.3;0;
TOUROUVRE_SAPC;20130907;0.2;4.2;20.1;0;
TOUROUVRE_SAPC;20130908;0.0;3.6;20.1;0;
TOUROUVRE_SAPC;20130909;3.6;7.3;17.5;0;
TOUROUVRE_SAPC;20130910;0.0;9.5;18.1;0;
TOUROUVRE_SAPC;20130911;1.0;6.6;17.0;0;
TOUROUVRE_SAPC;20130912;2.6;11.2;16.0;0;
TOUROUVRE_SAPC;20130913;4.8;10.4;19.3;0;
TOUROUVRE_SAPC;20130914;8.9;11.9;14.7;0;
TOUROUVRE_SAPC;20130915;2.6;9.8;18.1;0;
TOUROUVRE_SAPC;20130916;6.5;9.6;14.8;0;
TOUROUVRE_SAPC;20130917;6.6;7.4;16.9;0;
TOUROUVRE_SAPC;20130918;0.4;13.5;17.4;0;
TOUROUVRE_SAPC;20130919;0.4;5.9;17.2;0;
TOUROUVRE_SAPC;20130920;0.2;12.0;20.4;0;
TOUROUVRE_SAPC;20130921;0.0;6.3;22.5;0;
TOUROUVRE_SAPC;20130922;0.0;9.4;20.2;0;
TOUROUVRE_SAPC;20130923;0.4;14.4;23.6;0;
TOUROUVRE_SAPC;20130924;0.0;8.5;24.5;0;
TOUROUVRE_SAPC;20130925;0.0;8.8;23.7;0;
TOUROUVRE_SAPC;20130926;0.2;12.6;22.7;0;
TOUROUVRE_SAPC;20130927;0.6;13.2;24.9;0;
TOUROUVRE_SAPC;20130928;14.2;16.2;20.3;0;
TOUROUVRE_SAPC;20130929;0.0;12.3;20.0;0;
TOUROUVRE_SAPC;20130930;2.0;15.3;19.0;0;
TOUROUVRE_SAPC;20131001;8.3;12.8;18.3;0;
TOUROUVRE_SAPC;20131002;0.2;15.2;21.8;0;
TOUROUVRE_SAPC;20131003;4.9;14.6;21.9;0;
TOUROUVRE_SAPC;20131004;0.2;15.6;19.7;0;
TOUROUVRE_SAPC;20131005;0.2;12.0;19.2;0;
TOUROUVRE_SAPC;20131006;0.2;6.0;18.6;0;
TOUROUVRE_SAPC;20131007;0.0;8.7;20.3;0;
TOUROUVRE_SAPC;20131008;0.2;6.6;18.7;0;
TOUROUVRE_SAPC;20131009;0.4;9.5;16.6;0;
TOUROUVRE_SAPC;20131010;2.0;5.8;11.3;0;
TOUROUVRE_SAPC;20131011;5.8;5.3;10.9;0;
TOUROUVRE_SAPC;20131012;0.4;6.2;11.6;0;
TOUROUVRE_SAPC;20131013;0.0;0.4;11.9;0;
TOUROUVRE_SAPC;20131014;2.0;7.0;15.0;0;
TOUROUVRE_SAPC;20131015;1.5;9.5;13.0;0;
TOUROUVRE_SAPC;20131016;4.0;6.0;17.8;0;
TOUROUVRE_SAPC;20131017;0.0;10.0;17.5;0;
TOUROUVRE_SAPC;20131018;0.0;8.0;16.5;0;
TOUROUVRE_SAPC;20131019;2.0;10.0;17.5;0;
TOUROUVRE_SAPC;20131020;7.0;13.0;17.0;0;
TOUROUVRE_SAPC;20131021;0.0;13.0;19.6;0;
TOUROUVRE_SAPC;20131022;0.5;14.5;17.5;0;
TOUROUVRE_SAPC;20131023;4.0;14.0;18.0;0;
TOUROUVRE_SAPC;20131024;3.0;12.0;16.0;0;
TOUROUVRE_SAPC;20131025;0.0;13.8;17.3;0;
TOUROUVRE_SAPC;20131026;2.6;13.9;18.7;0;
TOUROUVRE_SAPC;20131027;22.0;11.3;15.7;0;
TOUROUVRE_SAPC;20131028;2.0;10.1;15.2;0;
TOUROUVRE_SAPC;20131029;4.1;5.6;12.7;0;
TOUROUVRE_SAPC;20131030;0.4;0.7;13.1;0;
TOUROUVRE_SAPC;20131031;1.0;1.0;11.9;0;
TOUROUVRE_SAPC;20131101;16.5;8.9;14.1;0;
TOUROUVRE_SAPC;20131102;2.6;9.3;15.0;0;
TOUROUVRE_SAPC;20131103;17.9;5.3;12.9;0;
TOUROUVRE_SAPC;20131104;3.2;3.9;11.7;0;
TOUROUVRE_SAPC;20131105;5.6;1.5;13.1;0;
TOUROUVRE_SAPC;20131106;1.8;9.5;14.7;0;
TOUROUVRE_SAPC;20131107;17.1;12.5;14.8;0;
TOUROUVRE_SAPC;20131108;4.8;9.1;12.7;0;
TOUROUVRE_SAPC;20131109;18.5;4.8;12.1;0;
TOUROUVRE_SAPC;20131110;0.4;5.2;10.4;0;
TOUROUVRE_SAPC;20131111;1.6;0.1;8.3;0;
TOUROUVRE_SAPC;20131112;2.6;6.2;11.8;0;
TOUROUVRE_SAPC;20131113;0.8;3.1;9.8;0;
TOUROUVRE_SAPC;20131114;4.4;-0.9;9.8;146;
TOUROUVRE_SAPC;20131115;0.6;4.1;9.3;0;
TOUROUVRE_SAPC;20131116;0.0;3.2;6.5;0;
TOUROUVRE_SAPC;20131117;0.0;3.1;4.2;0;
TOUROUVRE_SAPC;20131118;1.2;0.2;6.2;0;
TOUROUVRE_SAPC;20131119;0.0;0.2;7.9;0;
TOUROUVRE_SAPC;20131120;17.7;-2.0;5.1;225;
TOUROUVRE_SAPC;20131121;0.8;0.5;3.2;0;
TOUROUVRE_SAPC;20131122;0.0;0.5;5.2;0;
TOUROUVRE_SAPC;20131123;0.0;2.6;7.1;0;
TOUROUVRE_SAPC;20131124;0.0;1.7;7.7;0;
TOUROUVRE_SAPC;20131125;0.0;3.8;6.7;0;
TOUROUVRE_SAPC;20131126;0.0;3.7;7.6;0;
TOUROUVRE_SAPC;20131127;0.0;0.0;7.3;1;
TOUROUVRE_SAPC;20131128;0.2;-1.1;6.6;275;
TOUROUVRE_SAPC;20131129;2.8;5.3;8.0;0;
TOUROUVRE_SAPC;20131130;0.0;3.2;7.3;0;
TOUROUVRE_SAPC;20131201;0.0;4.2;7.5;0;
TOUROUVRE_SAPC;20131202;0.2;2.9;7.3;0;
TOUROUVRE_SAPC;20131203;0.2;-2.4;7.1;393;
TOUROUVRE_SAPC;20131204;0.0;0.5;6.2;0;
TOUROUVRE_SAPC;20131205;1.2;1.3;7.5;0;
TOUROUVRE_SAPC;20131206;0.2;0.9;7.9;80;
TOUROUVRE_SAPC;20131207;0.2;-0.7;5.7;0;
TOUROUVRE_SAPC;20131208;0.0;-1.7;8.8;577;
TOUROUVRE_SAPC;20131209;0.2;-3.6;8.4;895;
TOUROUVRE_SAPC;20131210;0.2;-4.5;11.5;834;
TOUROUVRE_SAPC;20131211;0.2;-3.2;9.1;941;
TOUROUVRE_SAPC;20131212;0.2;-3.7;5.6;941;
TOUROUVRE_SAPC;20131213;2.8;-2.3;4.8;331;
TOUROUVRE_SAPC;20131214;0.0;-0.6;6.6;183;
TOUROUVRE_SAPC;20131215;0.0;2.1;9.1;0;
TOUROUVRE_SAPC;20131216;0.2;2.1;10.1;0;
TOUROUVRE_SAPC;20131217;0.0;1.1;8.8;0;
TOUROUVRE_SAPC;20131218;6.3;3.0;9.3;0;
TOUROUVRE_SAPC;20131219;1.0;2.8;7.9;0;
TOUROUVRE_SAPC;20131220;0.0;-0.4;6.8;73;
TOUROUVRE_SAPC;20131221;1.2;2.5;8.5;0;
TOUROUVRE_SAPC;20131222;1.6;5.6;10.5;0;
TOUROUVRE_SAPC;20131223;6.0;4.0;10.8;0;
TOUROUVRE_SAPC;20131224;20.5;7.5;10.5;0;
TOUROUVRE_SAPC;20131225;0.8;4.3;8.4;0;
TOUROUVRE_SAPC;20131226;2.0;2.7;9.5;0;
TOUROUVRE_SAPC;20131227;28.8;3.7;12.0;0;
TOUROUVRE_SAPC;20131228;0.2;4.4;7.3;0;
TOUROUVRE_SAPC;20131229;0.4;0.2;7.8;0;
TOUROUVRE_SAPC;20131230;2.8;0.7;6.7;0;
TOUROUVRE_SAPC;20131231;5.2;5.4;7.9;0;
TOUROUVRE_SAPC;20140101;17.6;5.2;9.8;0;
TOUROUVRE_SAPC;20140102;0.4;6.7;10.5;0;
TOUROUVRE_SAPC;20140103;1.4;7.5;12.0;0;
TOUROUVRE_SAPC;20140104;3.0;6.7;10.4;0;
TOUROUVRE_SAPC;20140105;2.2;2.7;11.7;0;
TOUROUVRE_SAPC;20140106;2.2;7.9;11.6;0;
TOUROUVRE_SAPC;20140107;0.6;8.7;11.7;0;
TOUROUVRE_SAPC;20140108;0.2;5.3;12.5;0;
TOUROUVRE_SAPC;20140109;0.8;7.4;10.0;0;
TOUROUVRE_SAPC;20140110;4.0;3.2;6.6;0;
TOUROUVRE_SAPC;20140111;0.4;2.6;9.2;0;
TOUROUVRE_SAPC;20140112;0.0;-0.3;9.7;6;
TOUROUVRE_SAPC;20140113;7.0;5.3;9.7;0;
TOUROUVRE_SAPC;20140114;1.2;1.6;7.7;0;
TOUROUVRE_SAPC;20140115;8.4;0.1;9.7;0;
TOUROUVRE_SAPC;20140116;4.3;6.6;9.3;0;
TOUROUVRE_SAPC;20140117;2.6;5.6;9.3;0;
TOUROUVRE_SAPC;20140118;0.0;4.0;8.7;0;
TOUROUVRE_SAPC;20140119;0.2;3.9;6.7;0;
TOUROUVRE_SAPC;20140120;0.0;-1.0;7.2;443;
TOUROUVRE_SAPC;20140121;1.4;2.4;4.4;0;
TOUROUVRE_SAPC;20140122;3.8;2.1;5.9;0;
TOUROUVRE_SAPC;20140123;0.8;4.2;7.3;0;
TOUROUVRE_SAPC;20140124;8.8;3.1;5.9;0;
TOUROUVRE_SAPC;20140125;0.6;4.4;11.8;0;
TOUROUVRE_SAPC;20140126;12.5;3.2;9.4;0;
TOUROUVRE_SAPC;20140127;3.4;1.1;6.8;0;
TOUROUVRE_SAPC;20140128;12.3;1.6;6.5;0;
TOUROUVRE_SAPC;20140129;1.0;3.3;4.9;0;
TOUROUVRE_SAPC;20140130;0.0;3.7;6.2;0;
TOUROUVRE_SAPC;20140131;19.8;-1.7;8.2;340;
TOUROUVRE_SAPC;20140201;1.0;4.4;8.3;0;
TOUROUVRE_SAPC;20140202;0.2;0.6;8.3;0;
TOUROUVRE_SAPC;20140203;1.2;2.0;8.3;0;
TOUROUVRE_SAPC;20140204;6.7;2.4;7.9;0;
TOUROUVRE_SAPC;20140205;3.8;4.3;8.3;0;
TOUROUVRE_SAPC;20140206;13.7;4.7;12.4;0;
TOUROUVRE_SAPC;20140207;5.8;6.1;9.5;0;
TOUROUVRE_SAPC;20140208;10.1;3.6;8.8;0;
TOUROUVRE_SAPC;20140209;4.6;2.6;7.5;0;
TOUROUVRE_SAPC;20140210;0.0;3.1;8.1;0;
TOUROUVRE_SAPC;20140211;5.2;0.8;6.2;0;
TOUROUVRE_SAPC;20140212;13.5;-0.3;7.6;77;
TOUROUVRE_SAPC;20140213;5.0;3.2;8.5;0;
TOUROUVRE_SAPC;20140214;6.5;1.0;13.2;0;
TOUROUVRE_SAPC;20140215;0.4;5.3;9.5;0;
TOUROUVRE_SAPC;20140216;0.2;3.2;10.6;0;
TOUROUVRE_SAPC;20140217;0.0;4.3;10.4;0;
TOUROUVRE_SAPC;20140218;2.4;3.1;9.4;0;
TOUROUVRE_SAPC;20140219;0.8;4.0;10.3;0;
TOUROUVRE_SAPC;20140220;6.6;5.7;11.4;0;
TOUROUVRE_SAPC;20140221;2.6;4.3;9.4;0;
TOUROUVRE_SAPC;20140222;8.5;3.5;11.2;0;
TOUROUVRE_SAPC;20140223;0.0;4.3;11.7;0;
TOUROUVRE_SAPC;20140224;2.0;3.3;13.6;0;
TOUROUVRE_SAPC;20140225;8.8;6.1;9.1;0;
TOUROUVRE_SAPC;20140226;1.2;2.1;10.3;0;
TOUROUVRE_SAPC;20140227;14.9;0.4;9.7;0;
TOUROUVRE_SAPC;20140228;5.6;2.8;7.2;0;
TOUROUVRE_SAPC;20140301;0.0;3.3;9.5;0;
TOUROUVRE_SAPC;20140302;5.6;-1.9;8.6;445;
TOUROUVRE_SAPC;20140303;3.2;2.6;8.5;0;
TOUROUVRE_SAPC;20140304;0.2;2.6;9.6;0;
TOUROUVRE_SAPC;20140305;0.2;-0.2;11.7;69;
TOUROUVRE_SAPC;20140306;0.2;-0.3;13.4;57;
TOUROUVRE_SAPC;20140307;0.2;-0.6;13.7;173;
TOUROUVRE_SAPC;20140308;0.0;2.5;17.5;0;
TOUROUVRE_SAPC;20140309;0.0;1.4;19.0;0;
TOUROUVRE_SAPC;20140310;0.2;0.7;19.2;0;
TOUROUVRE_SAPC;20140311;0.0;6.9;15.1;0;
TOUROUVRE_SAPC;20140312;0.2;4.2;15.8;0;
TOUROUVRE_SAPC;20140313;0.2;0.1;18.0;0;
TOUROUVRE_SAPC;20140314;0.0;1.9;18.2;0;
TOUROUVRE_SAPC;20140315;0.2;5.0;15.1;0;
TOUROUVRE_SAPC;20140316;0.2;3.4;17.7;0;
TOUROUVRE_SAPC;20140317;0.0;2.8;13.9;0;
TOUROUVRE_SAPC;20140318;0.0;3.6;12.0;0;
TOUROUVRE_SAPC;20140319;0.4;1.2;15.6;0;
TOUROUVRE_SAPC;20140320;2.6;2.9;17.3;0;
TOUROUVRE_SAPC;20140321;2.6;7.0;11.8;0;
TOUROUVRE_SAPC;20140322;1.2;5.0;11.2;0;
TOUROUVRE_SAPC;20140323;1.8;0.9;9.6;0;
TOUROUVRE_SAPC;20140324;5.8;-0.9;9.9;181;
TOUROUVRE_SAPC;20140325;0.7;4.4;10.8;0;
TOUROUVRE_SAPC;20140326;2.0;2.7;8.5;0;
TOUROUVRE_SAPC;20140327;4.8;-0.1;10.0;16;
TOUROUVRE_SAPC;20140328;0.2;2.2;14.1;0;
TOUROUVRE_SAPC;20140329;0.0;4.1;18.7;0;
TOUROUVRE_SAPC;20140330;0.0;4.0;16.7;0;
TOUROUVRE_SAPC;20140331;0.0;8.7;17.6;0;
TOUROUVRE_SAPC;20140401;0.2;5.2;19.8;0;
TOUROUVRE_SAPC;20140402;0.0;7.1;18.8;0;
TOUROUVRE_SAPC;20140403;0.2;10.7;13.8;0;
TOUROUVRE_SAPC;20140404;0.2;8.3;12.7;0;
TOUROUVRE_SAPC;20140405;0.0;2.4;14.9;0;
TOUROUVRE_SAPC;20140406;0.2;11.9;16.9;0;
TOUROUVRE_SAPC;20140407;1.6;9.0;20.4;0;
TOUROUVRE_SAPC;20140408;0.0;4.9;12.9;0;
TOUROUVRE_SAPC;20140409;0.4;-0.1;15.2;22;
TOUROUVRE_SAPC;20140410;0.0;4.6;18.4;0;
TOUROUVRE_SAPC;20140411;0.2;5.8;16.6;0;
TOUROUVRE_SAPC;20140412;0.0;4.1;17.0;0;
TOUROUVRE_SAPC;20140413;0.2;2.8;13.7;0;
TOUROUVRE_SAPC;20140414;0.0;0.5;15.4;0;
TOUROUVRE_SAPC;20140415;0.0;2.7;13.5;0;
TOUROUVRE_SAPC;20140416;0.0;1.7;16.0;0;
TOUROUVRE_SAPC;20140417;0.0;0.5;19.8;0;
TOUROUVRE_SAPC;20140418;0.0;9.5;14.6;0;
TOUROUVRE_SAPC;20140419;6.7;2.3;12.5;0;
TOUROUVRE_SAPC;20140420;0.0;6.6;13.7;0;
TOUROUVRE_SAPC;20140421;1.6;4.4;14.3;0;
TOUROUVRE_SAPC;20140422;6.5;7.4;16.3;0;
TOUROUVRE_SAPC;20140423;0.0;3.8;16.1;0;
TOUROUVRE_SAPC;20140424;16.5;6.1;18.1;0;
TOUROUVRE_SAPC;20140425;2.5;10.1;13.3;0;
TOUROUVRE_SAPC;20140426;3.8;4.9;15.9;0;
TOUROUVRE_SAPC;20140427;11.1;7.9;13.8;0;
TOUROUVRE_SAPC;20140428;3.0;7.8;14.4;0;
TOUROUVRE_SAPC;20140429;4.0;4.5;11.7;0;
TOUROUVRE_SAPC;20140430;0.4;8.0;16.8;0;
TOUROUVRE_SAPC;20140501;5.0;5.2;16.0;0;
TOUROUVRE_SAPC;20140502;0.0;8.9;13.2;0;
TOUROUVRE_SAPC;20140503;0.2;4.1;13.7;0;
TOUROUVRE_SAPC;20140504;0.0;3.8;15.8;0;
TOUROUVRE_SAPC;20140505;0.2;2.2;20.4;0;
TOUROUVRE_SAPC;20140506;2.2;9.5;17.8;0;
TOUROUVRE_SAPC;20140507;0.6;9.4;17.1;0;
TOUROUVRE_SAPC;20140508;2.8;7.2;13.3;0;
TOUROUVRE_SAPC;20140509;0.0;11.9;17.7;0;
TOUROUVRE_SAPC;20140510;5.8;9.8;16.2;0;
TOUROUVRE_SAPC;20140511;4.4;8.0;14.5;0;
TOUROUVRE_SAPC;20140512;2.4;6.5;13.6;0;
TOUROUVRE_SAPC;20140513;1.0;2.2;14.0;0;
TOUROUVRE_SAPC;20140514;0.0;3.3;17.4;0;
TOUROUVRE_SAPC;20140515;0.2;5.2;16.4;0;
TOUROUVRE_SAPC;20140516;0.0;4.4;17.7;0;
TOUROUVRE_SAPC;20140517;0.2;7.7;19.9;0;
TOUROUVRE_SAPC;20140518;0.0;7.0;22.6;0;
TOUROUVRE_SAPC;20140519;4.6;7.7;23.4;0;
TOUROUVRE_SAPC;20140520;3.0;11.7;17.0;0;
TOUROUVRE_SAPC;20140521;31.9;9.8;13.9;0;
TOUROUVRE_SAPC;20140522;0.0;8.6;18.0;0;
TOUROUVRE_SAPC;20140523;1.2;9.1;16.2;0;
TOUROUVRE_SAPC;20140524;3.4;8.9;15.9;0;
TOUROUVRE_SAPC;20140525;9.1;3.3;15.9;0;
TOUROUVRE_SAPC;20140526;0.6;10.7;17.6;0;
TOUROUVRE_SAPC;20140527;2.4;10.2;15.0;0;
TOUROUVRE_SAPC;20140528;18.6;9.3;14.0;0;
TOUROUVRE_SAPC;20140529;0.2;8.9;17.2;0;
TOUROUVRE_SAPC;20140530;0.2;6.6;20.4;0;
TOUROUVRE_SAPC;20140531;0.0;10.3;19.9;0;
TOUROUVRE_SAPC;20140601;0.2;7.0;19.3;0;
TOUROUVRE_SAPC;20140602;0.2;8.6;18.9;0;
TOUROUVRE_SAPC;20140603;8.5;10.9;17.3;0;
TOUROUVRE_SAPC;20140604;8.9;11.7;15.4;0;
TOUROUVRE_SAPC;20140605;0.0;4.6;18.1;0;
TOUROUVRE_SAPC;20140606;0.0;7.2;25.6;0;
TOUROUVRE_SAPC;20140607;1.6;15.2;23.6;0;
TOUROUVRE_SAPC;20140608;8.3;14.0;25.9;0;
TOUROUVRE_SAPC;20140609;16.8;13.1;24.2;0;
TOUROUVRE_SAPC;20140610;0.4;13.5;21.8;0;
TOUROUVRE_SAPC;20140611;0.0;10.0;22.9;0;
TOUROUVRE_SAPC;20140612;0.2;11.2;23.3;0;
TOUROUVRE_SAPC;20140613;0.0;10.8;23.2;0;
TOUROUVRE_SAPC;20140614;0.4;11.4;22.2;0;
TOUROUVRE_SAPC;20140615;0.0;9.2;19.7;0;
TOUROUVRE_SAPC;20140616;0.0;8.9;19.4;0;
TOUROUVRE_SAPC;20140617;0.0;10.1;18.5;0;
TOUROUVRE_SAPC;20140618;0.2;10.0;21.5;0;
TOUROUVRE_SAPC;20140619;0.2;10.6;21.9;0;
TOUROUVRE_SAPC;20140620;0.2;11.7;21.4;0;
TOUROUVRE_SAPC;20140621;0.0;9.2;23.1;0;
TOUROUVRE_SAPC;20140622;0.0;11.9;24.6;0;
TOUROUVRE_SAPC;20140623;0.0;12.3;24.3;0;
TOUROUVRE_SAPC;20140624;0.2;10.5;24.8;0;
TOUROUVRE_SAPC;20140625;0.0;12.6;21.6;0;
TOUROUVRE_SAPC;20140626;6.9;10.0;23.9;0;
TOUROUVRE_SAPC;20140627;3.4;12.8;21.0;0;
TOUROUVRE_SAPC;20140628;18.2;12.0;19.0;0;
TOUROUVRE_SAPC;20140629;0.4;12.3;19.7;0;
TOUROUVRE_SAPC;20140630;0.6;8.2;20.4;0;
TOUROUVRE_SAPC;20140701;0.8;13.5;22.3;0;
TOUROUVRE_SAPC;20140702;0.2;11.8;25.4;0;
TOUROUVRE_SAPC;20140703;0.0;9.3;27.9;0;
TOUROUVRE_SAPC;20140704;22.7;15.2;26.7;0;
TOUROUVRE_SAPC;20140705;4.8;15.7;19.7;0;
TOUROUVRE_SAPC;20140706;12.7;14.1;19.2;0;
TOUROUVRE_SAPC;20140707;0.0;6.9;22.0;0;
TOUROUVRE_SAPC;20140708;1.6;9.8;20.7;0;
TOUROUVRE_SAPC;20140709;0.6;11.6;18.2;0;
TOUROUVRE_SAPC;20140710;0.0;14.7;17.5;0;
TOUROUVRE_SAPC;20140711;0.2;12.6;22.2;0;
TOUROUVRE_SAPC;20140712;8.5;14.5;20.7;0;
TOUROUVRE_SAPC;20140713;5.9;14.4;19.9;0;
TOUROUVRE_SAPC;20140714;0.0;8.2;22.7;0;
TOUROUVRE_SAPC;20140715;0.2;9.6;24.4;0;
TOUROUVRE_SAPC;20140716;0.0;13.2;28.7;0;
TOUROUVRE_SAPC;20140717;0.0;16.2;32.2;0;
TOUROUVRE_SAPC;20140718;26.9;16.3;33.1;0;
TOUROUVRE_SAPC;20140719;10.1;18.6;28.5;0;
TOUROUVRE_SAPC;20140720;2.0;16.5;24.3;0;
TOUROUVRE_SAPC;20140721;0.0;13.4;24.9;0;
TOUROUVRE_SAPC;20140722;0.0;13.6;25.4;0;
TOUROUVRE_SAPC;20140723;0.0;15.1;29.8;0;
TOUROUVRE_SAPC;20140724;1.4;16.2;31.4;0;
TOUROUVRE_SAPC;20140725;0.0;15.9;29.0;0;
TOUROUVRE_SAPC;20140726;0.0;14.3;24.9;0;
TOUROUVRE_SAPC;20140727;1.8;12.5;26.5;0;
TOUROUVRE_SAPC;20140728;13.1;13.4;23.6;0;
TOUROUVRE_SAPC;20140729;0.4;13.1;21.7;0;
TOUROUVRE_SAPC;20140730;0.2;12.2;25.5;0;
TOUROUVRE_SAPC;20140731;0.0;10.1;24.8;0;
TOUROUVRE_SAPC;20140801;0.0;12.8;26.3;0;
TOUROUVRE_SAPC;20140802;15.7;13.4;22.4;0;
TOUROUVRE_SAPC;20140803;0.0;13.1;22.8;0;
TOUROUVRE_SAPC;20140804;0.2;11.2;22.4;0;
TOUROUVRE_SAPC;20140805;1.0;10.1;24.0;0;
TOUROUVRE_SAPC;20140806;15.0;14.7;22.2;0;
TOUROUVRE_SAPC;20140807;7.0;16.4;25.3;0;
TOUROUVRE_SAPC;20140808;8.0;17.2;19.5;0;
TOUROUVRE_SAPC;20140809;0.0;12.1;21.1;0;
TOUROUVRE_SAPC;20140810;8.0;16.0;22.2;0;
TOUROUVRE_SAPC;20140811;6.0;9.2;20.2;0;
TOUROUVRE_SAPC;20140812;12.0;10.1;19.4;0;
TOUROUVRE_SAPC;20140813;1.6;12.3;19.6;0;
TOUROUVRE_SAPC;20140814;7.9;11.1;19.1;0;
TOUROUVRE_SAPC;20140815;0.2;10.4;18.8;0;
TOUROUVRE_SAPC;20140816;0.0;7.1;21.2;0;
TOUROUVRE_SAPC;20140817;1.6;9.0;18.5;0;
TOUROUVRE_SAPC;20140818;0.2;12.3;19.6;0;
TOUROUVRE_SAPC;20140819;0.2;7.0;17.8;0;
TOUROUVRE_SAPC;20140820;3.6;4.3;17.5;0;
TOUROUVRE_SAPC;20140821;0.0;3.9;18.9;0;
TOUROUVRE_SAPC;20140822;0.8;6.2;19.0;0;
TOUROUVRE_SAPC;20140823;0.2;10.1;18.6;0;
TOUROUVRE_SAPC;20140824;0.4;5.1;18.3;0;
TOUROUVRE_SAPC;20140825;23.4;11.2;16.3;0;
TOUROUVRE_SAPC;20140826;11.3;14.3;20.5;0;
TOUROUVRE_SAPC;20140827;1.0;13.9;18.8;0;
TOUROUVRE_SAPC;20140828;5.4;15.3;21.1;0;
TOUROUVRE_SAPC;20140829;0.0;13.5;20.6;0;
TOUROUVRE_SAPC;20140830;0.0;9.0;18.4;0;
TOUROUVRE_SAPC;20140831;0.4;10.2;20.4;0;
TOUROUVRE_SAPC;20140901;0.0;7.7;22.3;0;
TOUROUVRE_SAPC;20140902;0.2;13.0;22.5;0;
TOUROUVRE_SAPC;20140903;0.2;12.8;24.2;0;
TOUROUVRE_SAPC;20140904;0.0;10.7;21.2;0;
TOUROUVRE_SAPC;20140905;0.0;16.3;22.2;0;
TOUROUVRE_SAPC;20140906;0.0;15.7;23.2;0;
TOUROUVRE_SAPC;20140907;0.0;13.1;25.3;0;
TOUROUVRE_SAPC;20140908;0.2;13.2;25.8;0;
TOUROUVRE_SAPC;20140909;0.0;14.2;23.1;0;
TOUROUVRE_SAPC;20140910;0.0;10.2;21.1;0;
TOUROUVRE_SAPC;20140911;0.0;8.7;20.8;0;
TOUROUVRE_SAPC;20140912;0.2;11.1;21.7;0;
TOUROUVRE_SAPC;20140913;0.0;11.8;23.2;0;
TOUROUVRE_SAPC;20140914;0.0;12.4;22.5;0;
TOUROUVRE_SAPC;20140915;0.2;12.9;24.4;0;
TOUROUVRE_SAPC;20140916;0.0;10.9;25.3;0;
TOUROUVRE_SAPC;20140917;0.0;15.2;25.6;0;
TOUROUVRE_SAPC;20140918;2.4;13.6;23.5;0;
TOUROUVRE_SAPC;20140919;0.2;11.4;23.5;0;
TOUROUVRE_SAPC;20140920;2.4;11.6;25.6;0;
TOUROUVRE_SAPC;20140921;2.4;15.2;18.7;0;
TOUROUVRE_SAPC;20140922;0.2;8.2;17.4;0;
TOUROUVRE_SAPC;20140923;0.2;7.8;16.6;0;
TOUROUVRE_SAPC;20140924;2.6;4.7;18.2;0;
TOUROUVRE_SAPC;20140925;0.2;4.7;18.5;0;
TOUROUVRE_SAPC;20140926;0.2;4.8;20.9;0;
TOUROUVRE_SAPC;20140927;0.0;10.1;23.0;0;
TOUROUVRE_SAPC;20140928;0.4;8.9;22.1;0;
TOUROUVRE_SAPC;20140929;1.0;12.7;18.9;0;
TOUROUVRE_SAPC;20140930;0.2;10.5;21.3;0;
TOUROUVRE_SAPC;20141001;0.2;7.2;21.1;0;
TOUROUVRE_SAPC;20141002;0.2;10.0;22.6;0;
TOUROUVRE_SAPC;20141003;0.0;8.8;23.1;0;
TOUROUVRE_SAPC;20141004;2.2;8.2;21.1;0;
TOUROUVRE_SAPC;20141005;0.2;7.1;15.4;0;
TOUROUVRE_SAPC;20141006;9.6;1.3;12.8;0;
TOUROUVRE_SAPC;20141007;7.4;10.5;15.0;0;
TOUROUVRE_SAPC;20141008;7.5;9.0;18.8;0;
TOUROUVRE_SAPC;20141009;0.2;12.8;17.9;0;
TOUROUVRE_SAPC;20141010;2.6;8.7;17.4;0;
TOUROUVRE_SAPC;20141011;0.2;10.0;16.0;0;
TOUROUVRE_SAPC;20141012;4.6;8.8;15.2;0;
TOUROUVRE_SAPC;20141013;0.2;10.9;15.4;0;
TOUROUVRE_SAPC;20141014;0.2;3.3;16.3;0;
TOUROUVRE_SAPC;20141015;4.0;8.2;15.6;0;
TOUROUVRE_SAPC;20141016;8.3;13.1;16.7;0;
TOUROUVRE_SAPC;20141017;0.2;13.5;16.2;0;
TOUROUVRE_SAPC;20141018;0.4;11.2;22.9;0;
TOUROUVRE_SAPC;20141019;0.2;10.0;20.9;0;
TOUROUVRE_SAPC;20141020;1.6;9.9;15.2;0;
TOUROUVRE_SAPC;20141021;2.4;7.1;15.0;0;
TOUROUVRE_SAPC;20141022;0.0;3.6;13.7;0;
TOUROUVRE_SAPC;20141023;0.2;6.8;11.9;0;
TOUROUVRE_SAPC;20141024;0.4;9.3;12.9;0;
TOUROUVRE_SAPC;20141025;0.6;11.5;16.2;0;
TOUROUVRE_SAPC;20141026;0.2;6.3;16.2;0;
TOUROUVRE_SAPC;20141027;0.4;2.0;17.9;0;
TOUROUVRE_SAPC;20141028;0.2;4.4;11.5;0;
TOUROUVRE_SAPC;20141029;0.2;8.0;17.6;0;
TOUROUVRE_SAPC;20141030;0.2;9.7;17.8;0;
TOUROUVRE_SAPC;20141031;0.2;6.7;21.6;0;
TOUROUVRE_SAPC;20141101;0.4;6.4;18.1;0;
TOUROUVRE_SAPC;20141102;1.0;10.0;15.8;0;
TOUROUVRE_SAPC;20141103;27.7;8.1;12.8;0;
TOUROUVRE_SAPC;20141104;0.2;6.3;11.6;0;
TOUROUVRE_SAPC;20141105;0.4;1.4;10.0;0;
TOUROUVRE_SAPC;20141106;2.8;0.4;10.6;0;
TOUROUVRE_SAPC;20141107;1.0;7.4;12.6;0;
TOUROUVRE_SAPC;20141108;1.2;5.7;12.6;0;
TOUROUVRE_SAPC;20141109;0.8;8.3;12.7;0;
TOUROUVRE_SAPC;20141110;0.2;1.5;11.8;0;
TOUROUVRE_SAPC;20141111;3.8;5.0;11.8;0;
TOUROUVRE_SAPC;20141112;0.2;8.4;13.3;0;
TOUROUVRE_SAPC;20141113;0.2;4.7;13.9;0;
TOUROUVRE_SAPC;20141114;2.0;9.5;12.2;0;
TOUROUVRE_SAPC;20141115;0.0;7.7;11.3;0;
TOUROUVRE_SAPC;20141116;6.6;7.9;10.8;0;
TOUROUVRE_SAPC;20141117;2.6;7.1;8.8;0;
TOUROUVRE_SAPC;20141118;0.0;6.7;9.9;0;
TOUROUVRE_SAPC;20141119;0.0;6.3;9.3;0;
TOUROUVRE_SAPC;20141120;0.4;6.6;8.6;0;
TOUROUVRE_SAPC;20141121;0.2;6.6;12.0;0;
TOUROUVRE_SAPC;20141122;0.2;6.1;13.9;0;
TOUROUVRE_SAPC;20141123;0.6;7.5;16.8;0;
TOUROUVRE_SAPC;20141124;7.5;7.4;9.2;0;
TOUROUVRE_SAPC;20141125;1.0;7.3;9.7;0;
TOUROUVRE_SAPC;20141126;0.8;7.6;11.7;0;
TOUROUVRE_SAPC;20141127;0.0;6.6;11.2;0;
TOUROUVRE_SAPC;20141128;0.0;8.4;14.0;0;
TOUROUVRE_SAPC;20141129;0.2;7.6;14.7;0;
TOUROUVRE_SAPC;20141130;0.6;1.6;12.0;0;
TOUROUVRE_SAPC;20141201;0.2;2.8;6.8;0;
TOUROUVRE_SAPC;20141202;1.6;2.4;6.4;0;
TOUROUVRE_SAPC;20141203;0.0;2.1;3.6;0;
TOUROUVRE_SAPC;20141204;0.4;0.6;3.1;0;
TOUROUVRE_SAPC;20141205;0.6;2.6;4.8;0;
TOUROUVRE_SAPC;20141206;0.0;0.0;6.0;;
TOUROUVRE_SAPC;20141207;2.0;-1.0;6.0;;
TOUROUVRE_SAPC;20141208;5.0;1.0;6.0;0;
TOUROUVRE_SAPC;20141209;0.5;-2.0;7.0;;
TOUROUVRE_SAPC;20141210;1.5;3.5;9.5;0;
TOUROUVRE_SAPC;20141211;1.6;5.0;9.1;0;
TOUROUVRE_SAPC;20141212;23.0;6.8;11.6;0;
TOUROUVRE_SAPC;20141213;6.2;1.6;4.5;32;
TOUROUVRE_SAPC;20141214;0.2;-3.2;2.7;719;
TOUROUVRE_SAPC;20141215;0.6;-0.3;5.8;30;
TOUROUVRE_SAPC;20141216;4.8;4.8;8.8;0;
TOUROUVRE_SAPC;20141217;6.5;2.8;12.0;0;
TOUROUVRE_SAPC;20141218;0.0;10.7;11.8;0;
TOUROUVRE_SAPC;20141219;5.0;8.2;11.8;0;
TOUROUVRE_SAPC;20141220;0.0;2.5;8.2;0;
TOUROUVRE_SAPC;20141221;0.0;5.9;7.9;0;
TOUROUVRE_SAPC;20141222;0.2;7.1;9.5;0;
TOUROUVRE_SAPC;20141223;0.2;6.4;8.6;0;
TOUROUVRE_SAPC;20141224;1.6;6.1;10.3;0;
TOUROUVRE_SAPC;20141225;0.2;0.9;8.8;0;
TOUROUVRE_SAPC;20141226;5.8;-0.4;9.3;196;
TOUROUVRE_SAPC;20141227;2.6;2.4;6.5;0;
TOUROUVRE_SAPC;20141228;0.0;-2.0;-0.1;1087;
TOUROUVRE_SAPC;20141229;0.0;-6.4;4.6;615;
TOUROUVRE_SAPC;20141230;0.2;-4.0;5.7;490;
TOUROUVRE_SAPC;20141231;0.0;-3.0;5.0;754;
TOUROUVRE_SAPC;20150101;0.2;-5.2;4.2;601;
TOUROUVRE_SAPC;20150102;0.2;0.5;10.3;198;
TOUROUVRE_SAPC;20150103;2.4;-2.2;12.1;246;
TOUROUVRE_SAPC;20150104;0.0;2.8;4.8;0;
TOUROUVRE_SAPC;20150105;0.0;2.1;4.3;148;
TOUROUVRE_SAPC;20150106;0.0;-0.5;4.2;273;
TOUROUVRE_SAPC;20150107;0.2;-2.9;8.8;411;
TOUROUVRE_SAPC;20150108;5.8;2.8;10.3;0;
TOUROUVRE_SAPC;20150109;0.0;4.3;13.3;0;
TOUROUVRE_SAPC;20150110;0.8;8.7;12.0;0;
TOUROUVRE_SAPC;20150111;0.0;2.3;8.3;0;
TOUROUVRE_SAPC;20150112;0.0;4.8;10.2;0;
TOUROUVRE_SAPC;20150113;2.8;7.4;10.7;0;
TOUROUVRE_SAPC;20150114;3.2;3.0;9.4;0;
TOUROUVRE_SAPC;20150115;4.4;6.9;9.5;0;
TOUROUVRE_SAPC;20150116;1.2;2.4;7.7;0;
TOUROUVRE_SAPC;20150117;0.2;-2.0;5.0;384;
TOUROUVRE_SAPC;20150118;10.0;-0.2;3.2;0;
TOUROUVRE_SAPC;20150119;0.0;1.0;3.2;268;
TOUROUVRE_SAPC;20150120;0.0;-4.5;2.4;1004;
TOUROUVRE_SAPC;20150121;0.0;-1.4;2.8;552;
TOUROUVRE_SAPC;20150122;0.0;-1.4;2.6;753;
TOUROUVRE_SAPC;20150123;2.5;-2.0;1.0;1327;
TOUROUVRE_SAPC;20150124;0.2;-3.1;6.1;631;
TOUROUVRE_SAPC;20150125;0.0;-2.2;7.6;546;
TOUROUVRE_SAPC;20150126;0.4;3.5;8.7;0;
TOUROUVRE_SAPC;20150127;0.0;2.4;7.3;0;
TOUROUVRE_SAPC;20150128;6.0;4.0;8.8;0;
TOUROUVRE_SAPC;20150129;5.2;1.7;5.5;0;
TOUROUVRE_SAPC;20150130;5.2;0.3;5.6;23;
TOUROUVRE_SAPC;20150131;2.8;-0.9;4.9;183;
TOUROUVRE_SAPC;20150201;2.8;0.5;4.1;0;
TOUROUVRE_SAPC;20150202;1.0;0.0;3.3;361;
TOUROUVRE_SAPC;20150203;0.4;-1.4;2.1;857;
TOUROUVRE_SAPC;20150204;0.0;-1.0;3.7;508;
TOUROUVRE_SAPC;20150205;0.0;-0.7;3.4;490;
TOUROUVRE_SAPC;20150206;0.0;-2.3;-0.3;1440;
TOUROUVRE_SAPC;20150207;0.0;-2.9;4.4;626;
TOUROUVRE_SAPC;20150208;0.0;1.5;6.8;0;
TOUROUVRE_SAPC;20150209;0.0;-1.6;7.4;344;
TOUROUVRE_SAPC;20150210;0.0;0.6;4.5;0;
TOUROUVRE_SAPC;20150211;0.0;-0.6;5.4;297;
TOUROUVRE_SAPC;20150212;0.2;-3.3;8.2;603;
TOUROUVRE_SAPC;20150213;11.0;-0.3;9.5;49;
TOUROUVRE_SAPC;20150214;5.4;4.8;6.2;0;
TOUROUVRE_SAPC;20150215;0.0;4.0;6.5;0;
TOUROUVRE_SAPC;20150216;2.2;-0.9;8.1;258;
TOUROUVRE_SAPC;20150217;0.0;4.4;7.7;0;
TOUROUVRE_SAPC;20150218;0.2;-0.9;9.2;185;
TOUROUVRE_SAPC;20150219;1.0;-0.3;5.5;124;
TOUROUVRE_SAPC;20150220;11.9;4.8;7.4;0;
TOUROUVRE_SAPC;20150221;2.2;0.5;5.6;68;
TOUROUVRE_SAPC;20150222;4.8;-3.1;9.1;475;
TOUROUVRE_SAPC;20150223;1.2;2.5;9.9;0;
TOUROUVRE_SAPC;20150224;3.4;0.2;8.0;0;
TOUROUVRE_SAPC;20150225;1.6;1.1;9.3;0;
TOUROUVRE_SAPC;20150226;6.2;7.2;10.6;0;
TOUROUVRE_SAPC;20150227;0.0;1.2;8.3;111;
TOUROUVRE_SAPC;20150228;2.4;-1.9;10.4;330;
TOUROUVRE_SAPC;20150301;4.0;6.3;10.0;0;
TOUROUVRE_SAPC;20150302;1.6;3.0;8.8;8;
TOUROUVRE_SAPC;20150303;1.2;-0.9;9.5;203;
TOUROUVRE_SAPC;20150304;0.2;-1.8;8.3;193;
TOUROUVRE_SAPC;20150305;0.0;1.8;10.8;40;
TOUROUVRE_SAPC;20150306;0.0;-2.4;11.6;514;
TOUROUVRE_SAPC;20150307;0.2;-2.4;16.5;;
TOUROUVRE_SAPC;20150308;0.0;1.0;18.0;0;
TOUROUVRE_SAPC;20150309;0.0;6.7;11.3;0;
TOUROUVRE_SAPC;20150310;0.0;5.2;11.6;0;
TOUROUVRE_SAPC;20150311;0.0;5.1;14.0;0;
TOUROUVRE_SAPC;20150312;0.0;2.6;14.0;0;
TOUROUVRE_SAPC;20150313;1.0;4.0;9.5;0;
TOUROUVRE_SAPC;20150314;0.0;0.5;7.0;0;
TOUROUVRE_SAPC;20150315;0.0;3.2;5.7;0;
TOUROUVRE_SAPC;20150316;0.0;3.5;9.7;0;
TOUROUVRE_SAPC;20150317;0.0;0.1;16.2;0;
TOUROUVRE_SAPC;20150318;0.0;5.3;15.2;0;
TOUROUVRE_SAPC;20150319;0.0;3.7;6.9;0;
TOUROUVRE_SAPC;20150320;0.0;4.7;8.8;0;
TOUROUVRE_SAPC;20150321;0.2;2.0;9.5;0;
TOUROUVRE_SAPC;20150322;0.0;3.5;9.0;0;
TOUROUVRE_SAPC;20150323;0.0;0.0;13.0;;
TOUROUVRE_SAPC;20150324;4.0;3.0;7.0;0;
TOUROUVRE_SAPC;20150325;0.2;-0.7;9.2;351;
TOUROUVRE_SAPC;20150326;1.8;-3.3;11.7;387;
TOUROUVRE_SAPC;20150327;1.6;-0.9;10.8;139;
TOUROUVRE_SAPC;20150328;2.0;7.0;14.9;0;
TOUROUVRE_SAPC;20150329;17.3;8.8;12.2;0;
TOUROUVRE_SAPC;20150330;2.0;8.6;12.3;0;
TOUROUVRE_SAPC;20150331;0.2;8.1;12.9;0;
TOUROUVRE_SAPC;20150401;0.4;3.7;10.4;0;
TOUROUVRE_SAPC;20150402;1.2;5.2;12.9;0;
TOUROUVRE_SAPC;20150403;9.1;6.8;10.2;0;
TOUROUVRE_SAPC;20150404;0.2;7.1;11.0;0;
TOUROUVRE_SAPC;20150405;0.0;0.7;9.4;0;
TOUROUVRE_SAPC;20150406;0.2;0.7;13.7;0;
TOUROUVRE_SAPC;20150407;0.0;2.3;15.3;0;
TOUROUVRE_SAPC;20150408;0.0;0.5;16.8;0;
TOUROUVRE_SAPC;20150409;0.0;1.9;21.6;0;
TOUROUVRE_SAPC;20150410;0.2;3.8;20.0;0;
TOUROUVRE_SAPC;20150411;1.0;9.0;12.6;0;
TOUROUVRE_SAPC;20150412;0.2;3.0;17.6;0;
TOUROUVRE_SAPC;20150413;0.0;3.5;21.0;0;
TOUROUVRE_SAPC;20150414;0.2;3.9;23.7;0;
TOUROUVRE_SAPC;20150415;0.0;5.9;26.1;0;
TOUROUVRE_SAPC;20150416;0.0;9.8;21.6;0;
TOUROUVRE_SAPC;20150417;0.0;9.6;18.3;0;
TOUROUVRE_SAPC;20150418;0.0;6.4;15.2;0;
TOUROUVRE_SAPC;20150419;0.0;3.4;15.2;0;
TOUROUVRE_SAPC;20150420;0.0;4.4;19.9;0;
TOUROUVRE_SAPC;20150421;0.0;6.7;20.3;0;
TOUROUVRE_SAPC;20150422;0.0;6.7;19.6;0;
TOUROUVRE_SAPC;20150423;0.0;5.4;22.0;0;
TOUROUVRE_SAPC;20150424;0.8;3.5;14.8;0;
TOUROUVRE_SAPC;20150425;1.0;9.2;16.8;0;
TOUROUVRE_SAPC;20150426;6.4;8.7;14.2;0;
TOUROUVRE_SAPC;20150427;0.2;6.3;13.8;0;
TOUROUVRE_SAPC;20150428;0.0;-0.4;12.7;70;
TOUROUVRE_SAPC;20150429;6.2;2.0;14.1;0;
TOUROUVRE_SAPC;20150430;17.3;6.9;10.9;0;
TOUROUVRE_SAPC;20150501;3.3;7.6;9.8;0;
TOUROUVRE_SAPC;20150502;13.7;8.2;13.2;0;
TOUROUVRE_SAPC;20150503;1.0;11.4;18.6;0;
TOUROUVRE_SAPC;20150504;20.2;10.5;18.0;0;
TOUROUVRE_SAPC;20150505;0.8;11.0;16.1;0;
TOUROUVRE_SAPC;20150506;4.2;8.1;14.8;0;
TOUROUVRE_SAPC;20150507;0.0;5.1;16.0;0;
TOUROUVRE_SAPC;20150508;0.0;6.6;17.8;0;
TOUROUVRE_SAPC;20150509;0.0;10.7;18.2;0;
TOUROUVRE_SAPC;20150510;0.0;8.2;21.0;0;
TOUROUVRE_SAPC;20150511;0.2;8.4;25.2;0;
TOUROUVRE_SAPC;20150512;0.0;11.5;19.3;0;
TOUROUVRE_SAPC;20150513;0.2;6.7;20.9;0;
TOUROUVRE_SAPC;20150514;4.0;10.8;16.4;0;
TOUROUVRE_SAPC;20150515;0.0;3.8;15.0;0;
TOUROUVRE_SAPC;20150516;0.2;4.2;17.8;0;
TOUROUVRE_SAPC;20150517;0.0;1.5;17.9;0;
TOUROUVRE_SAPC;20150518;2.6;2.8;16.9;0;
TOUROUVRE_SAPC;20150519;2.4;3.2;14.0;0;
TOUROUVRE_SAPC;20150520;1.0;1.2;14.7;0;
TOUROUVRE_SAPC;20150521;0.2;2.9;17.9;0;
TOUROUVRE_SAPC;20150522;0.0;4.2;19.1;0;
TOUROUVRE_SAPC;20150523;0.0;10.8;19.5;0;
TOUROUVRE_SAPC;20150524;0.4;10.6;20.4;0;
TOUROUVRE_SAPC;20150525;0.0;11.7;18.6;0;
TOUROUVRE_SAPC;20150526;0.0;9.4;17.5;0;
TOUROUVRE_SAPC;20150527;0.2;3.2;21.1;0;
TOUROUVRE_SAPC;20150528;0.0;6.0;18.1;0;
TOUROUVRE_SAPC;20150529;0.6;8.7;17.3;0;
TOUROUVRE_SAPC;20150530;0.0;7.0;18.5;0;
TOUROUVRE_SAPC;20150531;9.1;9.9;15.2;0;
TOUROUVRE_SAPC;20150601;0.0;3.3;16.3;0;
TOUROUVRE_SAPC;20150602;0.4;10.5;18.4;0;
TOUROUVRE_SAPC;20150603;0.0;12.6;20.8;0;
TOUROUVRE_SAPC;20150604;0.0;8.2;25.6;0;
TOUROUVRE_SAPC;20150605;0.0;14.5;29.1;0;
TOUROUVRE_SAPC;20150606;0.0;9.3;20.7;0;
TOUROUVRE_SAPC;20150607;0.0;6.8;21.6;0;
TOUROUVRE_SAPC;20150608;0.0;7.6;19.6;0;
TOUROUVRE_SAPC;20150609;0.0;7.1;18.7;0;
TOUROUVRE_SAPC;20150610;0.0;8.1;20.8;0;
TOUROUVRE_SAPC;20150611;23.1;13.3;27.7;0;
TOUROUVRE_SAPC;20150612;5.1;15.7;22.9;0;
TOUROUVRE_SAPC;20150613;0.0;11.2;23.3;0;
TOUROUVRE_SAPC;20150614;0.0;12.8;20.8;0;
TOUROUVRE_SAPC;20150615;0.0;13.0;19.9;0;
TOUROUVRE_SAPC;20150616;0.0;9.1;20.2;0;
TOUROUVRE_SAPC;20150617;0.0;9.8;24.0;0;
TOUROUVRE_SAPC;20150618;0.4;14.7;20.0;0;
TOUROUVRE_SAPC;20150619;0.2;7.0;21.4;0;
TOUROUVRE_SAPC;20150620;0.0;6.6;21.8;0;
TOUROUVRE_SAPC;20150621;0.0;10.1;21.9;0;
TOUROUVRE_SAPC;20150622;2.6;8.8;17.3;0;
TOUROUVRE_SAPC;20150623;0.2;6.0;20.2;0;
TOUROUVRE_SAPC;20150624;0.0;5.8;24.1;0;
TOUROUVRE_SAPC;20150625;0.0;10.1;26.9;0;
TOUROUVRE_SAPC;20150626;0.0;10.4;28.7;0;
TOUROUVRE_SAPC;20150627;0.0;15.3;24.5;0;
TOUROUVRE_SAPC;20150628;0.0;10.6;28.2;0;
TOUROUVRE_SAPC;20150629;0.0;11.5;27.5;0;
TOUROUVRE_SAPC;20150630;0.0;14.7;32.8;0;
TOUROUVRE_SAPC;20150701;1.0;16.7;35.7;0;
TOUROUVRE_SAPC;20150702;5.9;15.6;28.1;0;
TOUROUVRE_SAPC;20150703;0.0;15.7;33.6;0;
TOUROUVRE_SAPC;20150704;0.0;16.2;30.1;0;
TOUROUVRE_SAPC;20150705;0.0;15.5;23.8;0;
TOUROUVRE_SAPC;20150706;0.0;9.7;27.8;0;
TOUROUVRE_SAPC;20150707;1.2;11.0;22.7;0;
TOUROUVRE_SAPC;20150708;0.0;10.1;18.6;0;
TOUROUVRE_SAPC;20150709;0.0;7.0;22.6;0;
TOUROUVRE_SAPC;20150710;0.0;7.3;29.3;0;
TOUROUVRE_SAPC;20150711;0.0;8.7;24.7;0;
TOUROUVRE_SAPC;20150712;0.0;9.4;22.7;0;
TOUROUVRE_SAPC;20150713;0.0;12.8;23.8;0;
TOUROUVRE_SAPC;20150714;0.0;11.7;23.4;0;
TOUROUVRE_SAPC;20150715;0.2;11.2;29.9;0;
TOUROUVRE_SAPC;20150716;0.0;15.9;35.2;0;
TOUROUVRE_SAPC;20150717;0.0;16.9;26.9;0;
TOUROUVRE_SAPC;20150718;18.3;13.7;27.7;0;
TOUROUVRE_SAPC;20150719;3.8;14.4;25.0;0;
TOUROUVRE_SAPC;20150720;0.0;18.1;25.2;0;
TOUROUVRE_SAPC;20150721;0.2;17.0;26.2;0;
TOUROUVRE_SAPC;20150722;0.0;14.6;24.6;0;
TOUROUVRE_SAPC;20150723;0.0;12.3;24.3;0;
TOUROUVRE_SAPC;20150724;2.0;13.8;26.6;0;
TOUROUVRE_SAPC;20150725;0.0;12.0;21.5;0;
TOUROUVRE_SAPC;20150726;8.1;8.4;17.3;0;
TOUROUVRE_SAPC;20150727;1.0;14.0;20.2;0;
TOUROUVRE_SAPC;20150728;2.4;11.5;15.8;0;
TOUROUVRE_SAPC;20150729;0.0;6.8;19.9;0;
TOUROUVRE_SAPC;20150730;0.0;5.1;20.2;0;
TOUROUVRE_SAPC;20150731;0.2;7.8;22.3;0;
TOUROUVRE_SAPC;20150801;0.0;9.3;24.0;0;
TOUROUVRE_SAPC;20150802;0.0;8.2;29.5;0;
TOUROUVRE_SAPC;20150803;0.0;9.7;28.9;0;
TOUROUVRE_SAPC;20150804;0.0;15.2;24.2;0;
TOUROUVRE_SAPC;20150805;0.0;8.2;27.1;0;
TOUROUVRE_SAPC;20150806;0.0;12.2;27.2;0;
TOUROUVRE_SAPC;20150807;0.0;14.2;28.3;0;
TOUROUVRE_SAPC;20150808;0.0;12.3;26.0;0;
TOUROUVRE_SAPC;20150809;0.0;16.0;25.8;0;
TOUROUVRE_SAPC;20150810;0.0;10.6;29.3;0;
TOUROUVRE_SAPC;20150811;0.0;17.7;28.1;0;
TOUROUVRE_SAPC;20150812;0.2;17.0;32.5;0;
TOUROUVRE_SAPC;20150813;17.4;18.9;24.9;0;
TOUROUVRE_SAPC;20150814;4.6;16.6;23.4;0;
TOUROUVRE_SAPC;20150815;0.2;13.1;18.9;0;
TOUROUVRE_SAPC;20150816;0.0;5.8;21.9;0;
TOUROUVRE_SAPC;20150817;0.0;13.7;21.1;0;
TOUROUVRE_SAPC;20150818;0.0;10.5;21.2;0;
TOUROUVRE_SAPC;20150819;1.2;8.1;24.2;0;
TOUROUVRE_SAPC;20150820;2.0;15.1;24.0;0;
TOUROUVRE_SAPC;20150821;0.2;13.7;29.4;0;
TOUROUVRE_SAPC;20150822;1.2;13.2;31.9;0;
TOUROUVRE_SAPC;20150823;10.5;15.6;21.1;0;
TOUROUVRE_SAPC;20150824;26.5;11.9;18.1;0;
TOUROUVRE_SAPC;20150825;2.0;7.6;17.0;0;
TOUROUVRE_SAPC;20150826;3.8;16.1;25.8;0;
TOUROUVRE_SAPC;20150827;23.6;13.0;13.9;0;
TOUROUVRE_SAPC;20150828;0.2;10.8;22.2;0;
TOUROUVRE_SAPC;20150829;0.2;11.9;29.7;0;
TOUROUVRE_SAPC;20150830;0.0;16.1;29.1;0;
TOUROUVRE_SAPC;20150831;3.8;17.3;23.3;0;
TOUROUVRE_SAPC;20150901;0.2;14.2;19.9;0;
TOUROUVRE_SAPC;20150902;0.2;6.0;19.4;0;
TOUROUVRE_SAPC;20150903;0.0;5.5;17.7;0;
TOUROUVRE_SAPC;20150904;0.2;6.8;16.6;0;
TOUROUVRE_SAPC;20150905;1.6;9.8;18.6;0;
TOUROUVRE_SAPC;20150906;0.2;8.8;16.7;0;
TOUROUVRE_SAPC;20150907;0.0;5.1;19.7;0;
TOUROUVRE_SAPC;20150908;0.0;11.5;18.7;0;
TOUROUVRE_SAPC;20150909;0.2;8.9;22.4;0;
TOUROUVRE_SAPC;20150910;0.0;10.3;23.7;0;
TOUROUVRE_SAPC;20150911;0.0;6.7;22.4;0;
TOUROUVRE_SAPC;20150912;5.4;11.5;18.9;0;
TOUROUVRE_SAPC;20150913;7.2;9.8;17.5;0;
TOUROUVRE_SAPC;20150914;4.6;11.5;16.5;0;
TOUROUVRE_SAPC;20150915;10.5;7.9;17.2;0;
TOUROUVRE_SAPC;20150916;13.8;12.7;16.8;0;
TOUROUVRE_SAPC;20150917;0.2;12.3;17.1;0;
TOUROUVRE_SAPC;20150918;4.0;9.6;16.6;0;
TOUROUVRE_SAPC;20150919;0.4;9.6;19.1;0;
TOUROUVRE_SAPC;20150920;0.2;5.1;19.4;0;
TOUROUVRE_SAPC;20150921;2.0;4.4;17.4;0;
TOUROUVRE_SAPC;20150922;10.8;10.6;15.2;0;
TOUROUVRE_SAPC;20150923;0.2;8.6;17.1;0;
TOUROUVRE_SAPC;20150924;0.6;5.3;16.8;0;
TOUROUVRE_SAPC;20150925;0.2;7.8;18.4;0;
TOUROUVRE_SAPC;20150926;0.0;7.5;16.5;0;
TOUROUVRE_SAPC;20150927;0.0;7.9;18.3;0;
TOUROUVRE_SAPC;20150928;0.0;7.2;18.3;0;
TOUROUVRE_SAPC;20150929;0.0;7.8;17.9;0;
TOUROUVRE_SAPC;20150930;0.0;6.8;16.9;0;
TOUROUVRE_SAPC;20151001;0.0;6.4;16.0;0;
TOUROUVRE_SAPC;20151002;0.0;6.0;19.6;0;
TOUROUVRE_SAPC;20151003;0.2;7.3;21.2;0;
TOUROUVRE_SAPC;20151004;2.6;3.8;15.6;0;
TOUROUVRE_SAPC;20151005;22.8;11.8;15.8;0;
TOUROUVRE_SAPC;20151006;1.6;14.1;17.8;0;
TOUROUVRE_SAPC;20151007;0.0;10.4;14.5;0;
TOUROUVRE_SAPC;20151008;0.2;6.8;15.5;0;
TOUROUVRE_SAPC;20151009;0.2;6.6;14.7;0;
TOUROUVRE_SAPC;20151010;0.0;7.4;17.0;0;
TOUROUVRE_SAPC;20151011;0.0;8.7;15.2;0;
TOUROUVRE_SAPC;20151012;0.0;7.9;14.5;0;
TOUROUVRE_SAPC;20151013;0.0;5.5;11.8;0;
TOUROUVRE_SAPC;20151014;0.2;1.6;11.0;0;
TOUROUVRE_SAPC;20151015;0.4;2.4;6.7;0;
TOUROUVRE_SAPC;20151016;1.6;3.5;11.4;0;
TOUROUVRE_SAPC;20151017;0.0;7.0;13.5;0;
TOUROUVRE_SAPC;20151018;0.2;8.8;11.5;0;
TOUROUVRE_SAPC;20151019;0.2;3.1;13.2;0;
TOUROUVRE_SAPC;20151020;1.8;9.9;11.6;0;
TOUROUVRE_SAPC;20151021;2.4;2.6;11.2;0;
TOUROUVRE_SAPC;20151022;0.4;9.3;14.7;0;
TOUROUVRE_SAPC;20151023;0.0;8.9;13.3;0;
TOUROUVRE_SAPC;20151024;0.2;6.4;14.0;0;
TOUROUVRE_SAPC;20151025;0.2;5.6;13.3;0;
TOUROUVRE_SAPC;20151026;0.2;6.2;15.0;0;
TOUROUVRE_SAPC;20151027;2.8;9.7;18.4;0;
TOUROUVRE_SAPC;20151028;0.2;8.4;13.1;0;
TOUROUVRE_SAPC;20151029;0.0;8.2;13.9;0;
TOUROUVRE_SAPC;20151030;0.2;7.7;18.1;0;
TOUROUVRE_SAPC;20151031;0.4;6.6;17.9;0;
TOUROUVRE_SAPC;20151101;0.4;3.2;23.1;0;
TOUROUVRE_SAPC;20151102;0.2;3.2;17.0;0;
TOUROUVRE_SAPC;20151103;11.3;7.6;16.8;0;
TOUROUVRE_SAPC;20151104;0.6;11.9;14.8;0;
TOUROUVRE_SAPC;20151105;2.2;9.5;15.1;0;
TOUROUVRE_SAPC;20151106;3.8;13.5;16.9;0;
TOUROUVRE_SAPC;20151107;0.2;14.3;19.0;0;
TOUROUVRE_SAPC;20151108;0.0;10.0;19.0;0;
TOUROUVRE_SAPC;20151109;0.0;10.7;15.4;0;
TOUROUVRE_SAPC;20151110;0.2;9.6;14.0;0;
TOUROUVRE_SAPC;20151111;0.2;5.8;14.1;0;
TOUROUVRE_SAPC;20151112;0.2;7.9;14.2;0;
TOUROUVRE_SAPC;20151113;0.0;9.8;13.9;0;
TOUROUVRE_SAPC;20151114;0.2;3.9;11.5;0;
TOUROUVRE_SAPC;20151115;0.0;10.1;14.8;0;
TOUROUVRE_SAPC;20151116;2.2;10.6;15.0;0;
TOUROUVRE_SAPC;20151117;1.6;13.1;15.6;0;
TOUROUVRE_SAPC;20151118;0.0;9.1;14.8;0;
TOUROUVRE_SAPC;20151119;4.2;11.3;15.2;0;
TOUROUVRE_SAPC;20151120;25.2;8.0;12.8;0;
TOUROUVRE_SAPC;20151121;5.6;1.3;6.0;0;
TOUROUVRE_SAPC;20151122;0.0;-2.0;6.4;138;
TOUROUVRE_SAPC;20151123;0.2;-1.1;7.6;387;
TOUROUVRE_SAPC;20151124;8.2;-0.9;8.4;0;
TOUROUVRE_SAPC;20151125;3.2;6.1;9.9;0;
TOUROUVRE_SAPC;20151126;0.4;4.9;9.1;0;
TOUROUVRE_SAPC;20151127;1.6;1.3;8.5;0;
TOUROUVRE_SAPC;20151128;0.0;0.9;9.8;0;
TOUROUVRE_SAPC;20151129;0.0;6.1;11.6;0;
TOUROUVRE_SAPC;20151130;0.2;9.0;11.5;0;
TOUROUVRE_SAPC;20151201;0.0;9.7;12.4;0;
TOUROUVRE_SAPC;20151202;0.0;7.8;9.8;0;
TOUROUVRE_SAPC;20151203;1.0;5.2;10.4;0;
TOUROUVRE_SAPC;20151204;0.4;3.6;11.5;0;
TOUROUVRE_SAPC;20151205;0.0;1.0;8.7;0;
TOUROUVRE_SAPC;20151206;0.0;6.0;11.6;0;
TOUROUVRE_SAPC;20151207;0.2;3.6;14.4;0;
TOUROUVRE_SAPC;20151208;2.8;6.1;10.4;0;
TOUROUVRE_SAPC;20151209;0.2;-1.1;8.5;267;
TOUROUVRE_SAPC;20151210;0.0;-0.4;3.2;210;
TOUROUVRE_SAPC;20151211;0.2;1.5;9.4;0;
TOUROUVRE_SAPC;20151212;0.0;7.3;9.4;0;
TOUROUVRE_SAPC;20151213;0.0;4.6;6.8;0;
TOUROUVRE_SAPC;20151214;1.0;3.1;8.9;0;
TOUROUVRE_SAPC;20151215;10.7;5.9;11.6;0;
TOUROUVRE_SAPC;20151216;0.2;10.1;13.5;0;
TOUROUVRE_SAPC;20151217;0.2;5.9;13.9;0;
TOUROUVRE_SAPC;20151218;0.2;10.4;12.4;0;
TOUROUVRE_SAPC;20151219;0.0;8.3;14.2;0;
TOUROUVRE_SAPC;20151220;1.8;7.6;12.1;0;
TOUROUVRE_SAPC;20151221;0.6;7.9;11.6;0;
TOUROUVRE_SAPC;20151222;1.0;10.0;13.0;0;
TOUROUVRE_SAPC;20151223;1.4;6.8;11.7;0;
TOUROUVRE_SAPC;20151224;3.2;6.8;12.2;0;
TOUROUVRE_SAPC;20151225;0.2;7.4;12.1;0;
TOUROUVRE_SAPC;20151226;0.0;6.3;12.4;0;
TOUROUVRE_SAPC;20151227;0.2;6.5;11.2;0;
TOUROUVRE_SAPC;20151228;0.6;2.6;12.2;0;
TOUROUVRE_SAPC;20151229;0.2;6.1;10.7;0;
TOUROUVRE_SAPC;20151230;0.8;4.6;11.0;0;
TOUROUVRE_SAPC;20151231;0.4;4.1;10.4;0;
TOUROUVRE_SAPC;20160101;2.2;5.8;9.7;0;
TOUROUVRE_SAPC;20160102;1.0;6.9;9.2;0;
TOUROUVRE_SAPC;20160103;13.7;4.1;7.7;0;
TOUROUVRE_SAPC;20160104;0.2;3.6;9.0;0;
TOUROUVRE_SAPC;20160105;1.0;4.5;7.4;0;
TOUROUVRE_SAPC;20160106;7.3;5.8;8.6;0;
TOUROUVRE_SAPC;20160107;4.0;4.8;10.2;0;
TOUROUVRE_SAPC;20160108;1.0;-0.3;7.2;63;
TOUROUVRE_SAPC;20160109;7.3;3.9;10.1;0;
TOUROUVRE_SAPC;20160110;8.8;3.0;7.3;0;
TOUROUVRE_SAPC;20160111;11.1;3.4;7.7;0;
TOUROUVRE_SAPC;20160112;2.8;3.5;5.8;0;
TOUROUVRE_SAPC;20160113;2.0;-0.8;5.3;206;
TOUROUVRE_SAPC;20160114;0.6;1.0;6.8;0;
TOUROUVRE_SAPC;20160115;4.0;-0.6;3.5;109;
TOUROUVRE_SAPC;20160116;0.4;-1.2;4.5;530;
TOUROUVRE_SAPC;20160117;0.0;-3.4;5.6;553;
TOUROUVRE_SAPC;20160118;0.0;-0.3;1.1;905;
TOUROUVRE_SAPC;20160119;0.0;-1.9;0.3;1316;
TOUROUVRE_SAPC;20160120;0.0;-2.4;0.6;1260;
TOUROUVRE_SAPC;20160121;0.0;-4.8;4.5;996;
TOUROUVRE_SAPC;20160122;3.0;-1.6;6.2;454;
TOUROUVRE_SAPC;20160123;0.2;2.5;6.9;0;
TOUROUVRE_SAPC;20160124;0.0;5.1;9.9;0;
TOUROUVRE_SAPC;20160125;0.2;0.4;12.0;0;
TOUROUVRE_SAPC;20160126;0.0;6.8;11.1;0;
TOUROUVRE_SAPC;20160127;3.4;9.1;10.5;0;
TOUROUVRE_SAPC;20160128;0.0;3.1;8.6;177;
TOUROUVRE_SAPC;20160129;1.4;-1.6;8.5;194;
TOUROUVRE_SAPC;20160130;14.7;6.1;9.5;0;
TOUROUVRE_SAPC;20160131;0.8;5.6;12.8;0;
TOUROUVRE_SAPC;20160201;0.0;9.7;11.3;0;
TOUROUVRE_SAPC;20160202;4.6;5.9;11.0;0;
TOUROUVRE_SAPC;20160203;0.6;2.6;8.3;0;
TOUROUVRE_SAPC;20160204;0.2;0.3;10.1;0;
TOUROUVRE_SAPC;20160205;0.2;8.1;9.5;0;
TOUROUVRE_SAPC;20160206;5.2;6.9;12.0;0;
TOUROUVRE_SAPC;20160207;4.2;4.0;10.2;0;
TOUROUVRE_SAPC;20160208;8.7;6.1;10.2;0;
TOUROUVRE_SAPC;20160209;10.5;1.0;11.2;0;
TOUROUVRE_SAPC;20160210;0.4;1.1;6.8;3;
TOUROUVRE_SAPC;20160211;0.8;-2.2;5.6;610;
TOUROUVRE_SAPC;20160212;6.6;-0.1;5.0;31;
TOUROUVRE_SAPC;20160213;10.1;3.4;8.6;0;
TOUROUVRE_SAPC;20160214;3.4;3.7;7.1;0;
TOUROUVRE_SAPC;20160215;1.2;0.7;5.3;0;
TOUROUVRE_SAPC;20160216;0.2;-0.4;6.1;478;
TOUROUVRE_SAPC;20160217;0.4;-6.3;2.8;932;
TOUROUVRE_SAPC;20160218;0.2;-1.1;5.9;710;
TOUROUVRE_SAPC;20160219;0.8;-3.0;8.5;495;
TOUROUVRE_SAPC;20160220;0.2;5.3;11.0;0;
TOUROUVRE_SAPC;20160221;0.0;8.9;10.5;0;
TOUROUVRE_SAPC;20160222;3.0;7.7;10.1;0;
TOUROUVRE_SAPC;20160223;0.0;3.5;9.3;207;
TOUROUVRE_SAPC;20160224;1.2;-1.2;5.8;164;
TOUROUVRE_SAPC;20160225;0.2;0.4;6.9;229;
TOUROUVRE_SAPC;20160226;0.0;-1.5;6.8;386;
TOUROUVRE_SAPC;20160227;0.0;-1.1;6.2;375;
TOUROUVRE_SAPC;20160228;0.0;-0.9;6.7;359;
TOUROUVRE_SAPC;20160229;0.0;-0.8;7.6;388;
TOUROUVRE_SAPC;20160301;2.4;-1.2;9.4;280;
TOUROUVRE_SAPC;20160302;2.2;3.2;8.5;0;
TOUROUVRE_SAPC;20160303;6.4;4.4;8.5;0;
TOUROUVRE_SAPC;20160304;12.2;3.4;7.6;0;
TOUROUVRE_SAPC;20160305;0.0;0.9;6.6;0;
TOUROUVRE_SAPC;20160306;1.0;-1.7;7.7;271;
TOUROUVRE_SAPC;20160307;0.2;0.3;5.4;4;
TOUROUVRE_SAPC;20160308;4.6;-2.4;8.6;426;
TOUROUVRE_SAPC;20160309;6.3;4.4;7.5;0;
TOUROUVRE_SAPC;20160310;0.0;3.9;7.3;0;
TOUROUVRE_SAPC;20160311;0.0;3.3;10.3;0;
TOUROUVRE_SAPC;20160312;0.0;0.3;10.7;0;
TOUROUVRE_SAPC;20160313;0.0;1.2;8.9;0;
TOUROUVRE_SAPC;20160314;0.0;1.0;8.8;0;
TOUROUVRE_SAPC;20160315;0.0;-0.6;11.8;108;
TOUROUVRE_SAPC;20160316;0.0;2.9;7.3;0;
TOUROUVRE_SAPC;20160317;0.0;0.6;12.2;0;
TOUROUVRE_SAPC;20160318;0.0;0.2;9.8;0;
TOUROUVRE_SAPC;20160319;0.0;2.2;5.9;0;
TOUROUVRE_SAPC;20160320;0.0;3.0;5.6;0;
TOUROUVRE_SAPC;20160321;0.0;3.5;9.7;0;
TOUROUVRE_SAPC;20160322;0.0;1.4;11.3;0;
TOUROUVRE_SAPC;20160323;0.0;2.5;10.8;0;
TOUROUVRE_SAPC;20160324;4.2;1.5;9.3;0;
TOUROUVRE_SAPC;20160325;1.0;6.0;13.6;0;
TOUROUVRE_SAPC;20160326;17.8;1.7;12.8;0;
TOUROUVRE_SAPC;20160327;7.9;5.6;11.3;0;
TOUROUVRE_SAPC;20160328;4.8;5.2;12.7;0;
TOUROUVRE_SAPC;20160329;2.8;3.5;11.8;0;
TOUROUVRE_SAPC;20160330;9.4;5.9;8.2;0;
TOUROUVRE_SAPC;20160331;3.9;4.3;8.6;0;
TOUROUVRE_SAPC;20160401;0.0;0.7;13.6;0;
TOUROUVRE_SAPC;20160402;0.2;-0.3;8.9;142;
TOUROUVRE_SAPC;20160403;1.6;3.3;19.0;0;
TOUROUVRE_SAPC;20160404;0.0;6.2;14.2;0;
TOUROUVRE_SAPC;20160405;0.0;3.6;14.2;0;
TOUROUVRE_SAPC;20160406;1.0;2.9;12.2;0;
TOUROUVRE_SAPC;20160407;1.4;2.6;10.3;0;
TOUROUVRE_SAPC;20160408;0.0;2.4;12.0;0;
TOUROUVRE_SAPC;20160409;3.0;0.9;11.4;3;
TOUROUVRE_SAPC;20160410;11.9;-0.7;15.7;146;
TOUROUVRE_SAPC;20160411;5.0;7.7;13.3;0;
TOUROUVRE_SAPC;20160412;0.0;0.8;16.7;0;
TOUROUVRE_SAPC;20160413;4.6;2.8;17.4;0;
TOUROUVRE_SAPC;20160414;3.0;3.0;13.6;0;
TOUROUVRE_SAPC;20160415;0.0;7.9;15.6;0;
TOUROUVRE_SAPC;20160416;0.0;7.7;13.5;0;
TOUROUVRE_SAPC;20160417;0.2;-0.3;10.7;30;
TOUROUVRE_SAPC;20160418;0.0;-1.6;13.2;254;
TOUROUVRE_SAPC;20160419;0.0;0.1;14.9;0;
TOUROUVRE_SAPC;20160420;0.0;3.6;17.1;0;
TOUROUVRE_SAPC;20160421;0.0;8.1;20.9;0;
TOUROUVRE_SAPC;20160422;3.6;9.6;16.8;0;
TOUROUVRE_SAPC;20160423;0.0;6.5;9.3;0;
TOUROUVRE_SAPC;20160424;0.6;-0.9;10.2;197;
TOUROUVRE_SAPC;20160425;1.8;0.0;10.1;0;
TOUROUVRE_SAPC;20160426;0.4;3.7;8.8;171;
TOUROUVRE_SAPC;20160427;0.4;-2.2;9.8;290;
TOUROUVRE_SAPC;20160428;0.0;-1.8;11.9;223;
TOUROUVRE_SAPC;20160429;4.8;0.6;12.2;0;
TOUROUVRE_SAPC;20160430;2.7;3.7;11.6;0;
TOUROUVRE_SAPC;20160501;0.0;0.5;14.6;0;
TOUROUVRE_SAPC;20160502;0.0;-0.5;15.4;190;
TOUROUVRE_SAPC;20160503;0.0;5.9;15.2;0;
TOUROUVRE_SAPC;20160504;0.0;1.3;17.6;0;
TOUROUVRE_SAPC;20160505;0.0;4.3;19.6;0;
TOUROUVRE_SAPC;20160506;0.0;4.5;21.5;0;
TOUROUVRE_SAPC;20160507;0.0;9.4;21.8;0;
TOUROUVRE_SAPC;20160508;0.0;9.0;23.2;0;
TOUROUVRE_SAPC;20160509;1.6;13.6;17.4;0;
TOUROUVRE_SAPC;20160510;7.5;14.0;20.2;0;
TOUROUVRE_SAPC;20160511;1.4;8.6;18.8;0;
TOUROUVRE_SAPC;20160512;2.8;12.0;17.7;0;
TOUROUVRE_SAPC;20160513;0.0;12.5;20.6;0;
TOUROUVRE_SAPC;20160514;0.0;7.9;12.1;0;
TOUROUVRE_SAPC;20160515;0.0;1.1;15.5;0;
TOUROUVRE_SAPC;20160516;0.0;1.0;16.2;0;
TOUROUVRE_SAPC;20160517;0.0;1.4;16.9;0;
TOUROUVRE_SAPC;20160518;7.3;5.8;13.5;0;
TOUROUVRE_SAPC;20160519;0.0;8.1;17.0;0;
TOUROUVRE_SAPC;20160520;0.0;11.1;19.7;0;
TOUROUVRE_SAPC;20160521;4.6;11.0;22.9;0;
TOUROUVRE_SAPC;20160522;32.9;11.1;14.9;0;
TOUROUVRE_SAPC;20160523;0.0;8.6;17.2;0;
TOUROUVRE_SAPC;20160524;0.2;3.5;16.2;0;
TOUROUVRE_SAPC;20160525;0.0;5.9;19.8;0;
TOUROUVRE_SAPC;20160526;6.9;9.7;21.3;0;
TOUROUVRE_SAPC;20160527;0.0;9.1;23.3;0;
TOUROUVRE_SAPC;20160528;9.3;12.7;22.8;0;
TOUROUVRE_SAPC;20160529;9.7;12.4;15.1;0;
TOUROUVRE_SAPC;20160530;8.1;11.7;14.5;0;
TOUROUVRE_SAPC;20160531;5.0;10.7;12.3;0;
TOUROUVRE_SAPC;20160601;0.8;11.4;14.9;0;
TOUROUVRE_SAPC;20160602;0.2;11.2;13.0;0;
TOUROUVRE_SAPC;20160603;0.0;9.8;13.1;0;
TOUROUVRE_SAPC;20160604;0.0;10.3;16.6;0;
TOUROUVRE_SAPC;20160605;0.0;11.9;19.3;0;
TOUROUVRE_SAPC;20160606;0.2;13.5;25.4;0;
TOUROUVRE_SAPC;20160607;0.2;11.1;24.2;0;
TOUROUVRE_SAPC;20160608;0.0;12.3;24.0;0;
TOUROUVRE_SAPC;20160609;0.2;11.1;23.7;0;
TOUROUVRE_SAPC;20160610;2.8;11.9;21.3;0;
TOUROUVRE_SAPC;20160611;5.2;13.4;19.5;0;
TOUROUVRE_SAPC;20160612;6.9;12.8;18.8;0;
TOUROUVRE_SAPC;20160613;1.2;9.2;17.9;0;
TOUROUVRE_SAPC;20160614;10.8;11.7;17.5;0;
TOUROUVRE_SAPC;20160615;0.2;10.3;18.9;0;
TOUROUVRE_SAPC;20160616;6.2;8.2;19.6;0;
TOUROUVRE_SAPC;20160617;3.4;8.4;20.1;0;
TOUROUVRE_SAPC;20160618;2.8;10.0;19.4;0;
TOUROUVRE_SAPC;20160619;1.4;8.8;20.7;0;
TOUROUVRE_SAPC;20160620;13.1;13.6;16.8;0;
TOUROUVRE_SAPC;20160621;1.2;15.6;21.7;0;
TOUROUVRE_SAPC;20160622;0.4;17.0;28.0;0;
TOUROUVRE_SAPC;20160623;0.6;18.4;28.1;0;
TOUROUVRE_SAPC;20160624;0.0;13.8;24.1;0;
TOUROUVRE_SAPC;20160625;0.0;10.5;20.1;0;
TOUROUVRE_SAPC;20160626;0.2;8.7;20.6;0;
TOUROUVRE_SAPC;20160627;0.0;13.2;20.2;0;
TOUROUVRE_SAPC;20160628;0.0;11.0;22.0;0;
TOUROUVRE_SAPC;20160629;0.0;9.1;21.0;0;
TOUROUVRE_SAPC;20160630;0.2;13.8;22.2;0;
TOUROUVRE_SAPC;20160701;1.5;14.3;21.3;0;
TOUROUVRE_SAPC;20160702;0.0;11.1;19.0;0;
TOUROUVRE_SAPC;20160703;2.5;10.2;16.7;0;
TOUROUVRE_SAPC;20160704;0.0;10.9;22.4;0;
TOUROUVRE_SAPC;20160705;0.0;13.3;21.6;0;
TOUROUVRE_SAPC;20160706;0.2;6.1;24.8;0;
TOUROUVRE_SAPC;20160707;0.2;9.6;27.5;0;
TOUROUVRE_SAPC;20160708;0.2;11.1;26.2;0;
TOUROUVRE_SAPC;20160709;0.0;12.9;26.1;0;
TOUROUVRE_SAPC;20160710;0.0;12.0;26.9;0;
TOUROUVRE_SAPC;20160711;0.2;14.3;22.5;0;
TOUROUVRE_SAPC;20160712;0.4;8.8;22.0;0;
TOUROUVRE_SAPC;20160713;0.2;8.2;20.3;0;
TOUROUVRE_SAPC;20160714;1.0;6.2;20.1;0;
TOUROUVRE_SAPC;20160715;0.0;5.6;23.4;0;
TOUROUVRE_SAPC;20160716;0.0;14.0;27.7;0;
TOUROUVRE_SAPC;20160717;0.0;12.0;29.4;0;
TOUROUVRE_SAPC;20160718;0.0;15.3;32.0;0;
TOUROUVRE_SAPC;20160719;0.0;17.1;35.6;0;
TOUROUVRE_SAPC;20160720;0.6;16.1;30.4;0;
TOUROUVRE_SAPC;20160721;0.0;15.3;23.5;0;
TOUROUVRE_SAPC;20160722;0.0;13.9;25.9;0;
TOUROUVRE_SAPC;20160723;0.2;12.5;26.7;0;
TOUROUVRE_SAPC;20160724;0.0;10.8;26.8;0;
TOUROUVRE_SAPC;20160725;0.2;17.9;24.4;0;
TOUROUVRE_SAPC;20160726;0.0;8.8;22.2;0;
TOUROUVRE_SAPC;20160727;2.0;9.7;22.5;0;
TOUROUVRE_SAPC;20160728;0.2;16.2;23.1;0;
TOUROUVRE_SAPC;20160729;0.0;16.3;24.8;0;
TOUROUVRE_SAPC;20160730;0.0;14.2;20.4;0;
TOUROUVRE_SAPC;20160731;0.0;14.5;25.4;0;
TOUROUVRE_SAPC;20160801;3.0;6.8;22.3;0;
TOUROUVRE_SAPC;20160802;0.6;14.6;22.3;0;
TOUROUVRE_SAPC;20160803;0.4;15.9;21.9;0;
TOUROUVRE_SAPC;20160804;0.8;13.0;21.5;0;
TOUROUVRE_SAPC;20160805;0.2;10.9;23.7;0;
TOUROUVRE_SAPC;20160806;0.0;7.4;25.3;0;
TOUROUVRE_SAPC;20160807;0.0;9.4;28.8;0;
TOUROUVRE_SAPC;20160808;0.0;13.4;22.4;0;
TOUROUVRE_SAPC;20160809;0.2;11.0;21.2;0;
TOUROUVRE_SAPC;20160810;0.0;6.4;18.4;0;
TOUROUVRE_SAPC;20160811;0.0;4.6;23.8;0;
TOUROUVRE_SAPC;20160812;0.2;9.7;26.7;0;
TOUROUVRE_SAPC;20160813;0.0;9.0;28.3;0;
TOUROUVRE_SAPC;20160814;0.0;12.1;28.1;0;
TOUROUVRE_SAPC;20160815;0.0;13.1;27.9;0;
TOUROUVRE_SAPC;20160816;0.0;13.6;29.6;0;
TOUROUVRE_SAPC;20160817;1.2;13.8;30.7;0;
TOUROUVRE_SAPC;20160818;1.0;16.6;23.7;0;
TOUROUVRE_SAPC;20160819;0.8;13.4;17.8;0;
TOUROUVRE_SAPC;20160820;4.7;11.4;22.4;0;
TOUROUVRE_SAPC;20160821;0.0;11.2;22.4;0;
TOUROUVRE_SAPC;20160822;0.0;10.4;26.9;0;
TOUROUVRE_SAPC;20160823;0.0;13.1;32.9;0;
TOUROUVRE_SAPC;20160824;0.0;14.8;35.5;0;
TOUROUVRE_SAPC;20160825;0.0;17.4;34.4;0;
TOUROUVRE_SAPC;20160826;0.0;17.6;30.9;0;
TOUROUVRE_SAPC;20160827;0.0;15.8;32.4;0;
TOUROUVRE_SAPC;20160828;0.0;16.2;25.8;0;
TOUROUVRE_SAPC;20160829;0.4;14.5;23.3;0;
TOUROUVRE_SAPC;20160830;0.0;13.1;26.2;0;
TOUROUVRE_SAPC;20160831;0.0;10.7;27.6;0;
TOUROUVRE_SAPC;20160901;0.0;9.6;26.2;0;
TOUROUVRE_SAPC;20160902;0.0;10.6;27.7;0;
TOUROUVRE_SAPC;20160903;1.2;10.8;27.3;0;
TOUROUVRE_SAPC;20160904;5.5;15.2;21.0;0;
TOUROUVRE_SAPC;20160905;0.4;17.1;24.5;0;
TOUROUVRE_SAPC;20160906;0.2;16.7;23.4;0;
TOUROUVRE_SAPC;20160907;0.0;13.6;28.3;0;
TOUROUVRE_SAPC;20160908;0.2;10.3;24.1;0;
TOUROUVRE_SAPC;20160909;0.0;7.5;24.8;0;
TOUROUVRE_SAPC;20160910;0.0;7.3;24.4;0;
TOUROUVRE_SAPC;20160911;0.4;14.4;23.0;0;
TOUROUVRE_SAPC;20160912;0.0;12.7;29.5;0;
TOUROUVRE_SAPC;20160913;0.0;15.1;32.8;0;
TOUROUVRE_SAPC;20160914;18.0;12.3;22.8;0;
TOUROUVRE_SAPC;20160915;1.2;15.0;17.9;0;
TOUROUVRE_SAPC;20160916;7.5;13.6;15.7;0;
TOUROUVRE_SAPC;20160917;6.4;11.1;16.9;0;
TOUROUVRE_SAPC;20160918;0.0;13.2;19.3;0;
TOUROUVRE_SAPC;20160919;0.4;13.3;18.3;0;
TOUROUVRE_SAPC;20160920;1.2;13.5;20.1;0;
TOUROUVRE_SAPC;20160921;0.2;8.7;21.5;0;
TOUROUVRE_SAPC;20160922;0.0;8.4;22.1;0;
TOUROUVRE_SAPC;20160923;0.2;12.0;21.9;0;
TOUROUVRE_SAPC;20160924;0.0;8.1;24.4;0;
TOUROUVRE_SAPC;20160925;0.4;10.2;20.8;0;
TOUROUVRE_SAPC;20160926;0.0;7.1;20.4;0;
TOUROUVRE_SAPC;20160927;0.0;9.3;21.2;0;
TOUROUVRE_SAPC;20160928;0.2;13.2;23.1;0;
TOUROUVRE_SAPC;20160929;0.0;12.8;20.8;0;
TOUROUVRE_SAPC;20160930;2.6;9.4;18.1;0;
TOUROUVRE_SAPC;20161001;0.2;8.4;17.7;0;
TOUROUVRE_SAPC;20161002;0.2;7.4;17.6;0;
TOUROUVRE_SAPC;20161003;0.0;2.5;18.0;0;
TOUROUVRE_SAPC;20161004;0.0;7.9;18.4;0;
TOUROUVRE_SAPC;20161005;0.0;8.9;16.8;0;
TOUROUVRE_SAPC;20161006;0.0;3.9;14.3;0;
TOUROUVRE_SAPC;20161007;0.0;7.7;12.9;0;
TOUROUVRE_SAPC;20161008;0.0;9.6;16.3;0;
TOUROUVRE_SAPC;20161009;0.0;7.2;15.3;0;
TOUROUVRE_SAPC;20161010;0.6;-0.1;15.5;9;
TOUROUVRE_SAPC;20161011;0.4;2.3;10.3;0;
TOUROUVRE_SAPC;20161012;0.0;2.4;13.0;0;
TOUROUVRE_SAPC;20161013;1.6;5.2;9.1;0;
TOUROUVRE_SAPC;20161014;0.0;8.0;11.2;0;
TOUROUVRE_SAPC;20161015;0.4;5.8;15.2;0;
TOUROUVRE_SAPC;20161016;8.5;6.6;17.0;0;
TOUROUVRE_SAPC;20161017;0.2;9.8;17.5;0;
TOUROUVRE_SAPC;20161018;1.8;4.4;13.9;0;
TOUROUVRE_SAPC;20161019;1.2;3.3;12.2;0;
TOUROUVRE_SAPC;20161020;0.2;5.5;13.0;0;
TOUROUVRE_SAPC;20161021;0.2;5.1;13.4;0;
TOUROUVRE_SAPC;20161022;0.2;2.7;12.7;0;
TOUROUVRE_SAPC;20161023;11.1;4.0;9.7;0;
TOUROUVRE_SAPC;20161024;2.8;8.6;13.1;0;
TOUROUVRE_SAPC;20161025;0.0;10.8;16.0;0;
TOUROUVRE_SAPC;20161026;0.2;9.0;15.7;0;
TOUROUVRE_SAPC;20161027;0.2;7.7;13.2;0;
TOUROUVRE_SAPC;20161028;0.0;1.4;13.1;0;
TOUROUVRE_SAPC;20161029;0.2;6.2;12.1;0;
TOUROUVRE_SAPC;20161030;0.2;6.9;16.4;0;
TOUROUVRE_SAPC;20161031;0.4;7.2;17.7;0;
TOUROUVRE_SAPC;20161101;0.0;1.7;15.9;0;
TOUROUVRE_SAPC;20161102;0.8;5.1;10.8;0;
TOUROUVRE_SAPC;20161103;0.2;-2.1;11.7;340;
TOUROUVRE_SAPC;20161104;9.0;0.7;7.7;0;
TOUROUVRE_SAPC;20161105;0.2;5.2;11.2;0;
TOUROUVRE_SAPC;20161106;0.6;2.2;7.6;196;
TOUROUVRE_SAPC;20161107;5.4;-1.4;8.0;49;
TOUROUVRE_SAPC;20161108;9.7;2.2;7.9;0;
TOUROUVRE_SAPC;20161109;7.7;5.1;10.9;0;
TOUROUVRE_SAPC;20161110;2.4;6.4;10.4;0;
TOUROUVRE_SAPC;20161111;0.0;1.9;9.7;0;
TOUROUVRE_SAPC;20161112;4.4;-0.1;10.5;19;
TOUROUVRE_SAPC;20161113;0.2;7.0;11.7;0;
TOUROUVRE_SAPC;20161114;0.4;5.9;10.6;0;
TOUROUVRE_SAPC;20161115;0.0;8.4;12.3;0;
TOUROUVRE_SAPC;20161116;0.4;10.4;11.5;0;
TOUROUVRE_SAPC;20161117;4.8;8.8;12.0;0;
TOUROUVRE_SAPC;20161118;0.0;6.1;9.2;0;
TOUROUVRE_SAPC;20161119;1.8;0.8;11.4;0;
TOUROUVRE_SAPC;20161120;3.8;6.6;11.7;0;
TOUROUVRE_SAPC;20161121;4.1;9.3;12.2;0;
TOUROUVRE_SAPC;20161122;1.8;6.6;10.7;0;
TOUROUVRE_SAPC;20161123;0.8;5.2;10.7;0;
TOUROUVRE_SAPC;20161124;0.0;8.1;10.5;0;
TOUROUVRE_SAPC;20161125;0.0;5.4;6.8;0;
TOUROUVRE_SAPC;20161126;0.0;6.1;8.7;0;
TOUROUVRE_SAPC;20161127;0.0;4.7;8.4;0;
TOUROUVRE_SAPC;20161128;0.0;2.2;6.1;133;
TOUROUVRE_SAPC;20161129;0.0;-2.8;2.4;1082;
TOUROUVRE_SAPC;20161130;0.0;-4.9;9.5;900;
TOUROUVRE_SAPC;20161201;0.2;-4.6;10.5;546;
TOUROUVRE_SAPC;20161202;0.0;0.4;6.2;0;
TOUROUVRE_SAPC;20161203;0.0;2.9;6.4;0;
TOUROUVRE_SAPC;20161204;0.0;-2.1;6.7;593;
TOUROUVRE_SAPC;20161205;0.0;-0.1;13.1;0;
TOUROUVRE_SAPC;20161206;0.0;0.8;12.4;6;
TOUROUVRE_SAPC;20161207;0.0;-0.5;12.7;151;
TOUROUVRE_SAPC;20161208;0.2;-1.5;10.5;326;
TOUROUVRE_SAPC;20161209;0.4;0.3;10.7;0;
TOUROUVRE_SAPC;20161210;1.0;0.1;6.0;0;
TOUROUVRE_SAPC;20161211;0.2;2.3;8.0;0;
TOUROUVRE_SAPC;20161212;2.4;1.5;6.3;0;
TOUROUVRE_SAPC;20161213;0.2;5.1;10.4;0;
TOUROUVRE_SAPC;20161214;0.0;0.1;10.9;35;
TOUROUVRE_SAPC;20161215;0.2;-1.8;10.2;512;
TOUROUVRE_SAPC;20161216;0.2;0.5;12.3;0;
TOUROUVRE_SAPC;20161217;0.4;-1.5;11.8;425;
TOUROUVRE_SAPC;20161218;0.0;1.1;3.5;0;
TOUROUVRE_SAPC;20161219;0.2;1.4;3.8;0;
TOUROUVRE_SAPC;20161220;0.0;-0.6;3.1;442;
TOUROUVRE_SAPC;20161221;14.3;-2.2;7.8;11;
TOUROUVRE_SAPC;20161222;0.0;3.8;10.0;106;
TOUROUVRE_SAPC;20161223;2.2;-1.2;7.7;590;
TOUROUVRE_SAPC;20161224;0.0;3.4;8.3;0;
TOUROUVRE_SAPC;20161225;0.2;4.6;10.0;0;
TOUROUVRE_SAPC;20161226;0.4;6.3;10.5;95;
TOUROUVRE_SAPC;20161227;0.2;-2.8;6.8;472;
TOUROUVRE_SAPC;20161228;0.0;-0.7;8.2;122;
TOUROUVRE_SAPC;20161229;0.0;-2.8;3.2;1056;
TOUROUVRE_SAPC;20161230;0.0;-8.7;2.5;1241;
TOUROUVRE_SAPC;20161231;0.0;-8.4;-2.0;1440;
TOUROUVRE_SAPC;20170101;0.0;-6.2;0.0;1440;
TOUROUVRE_SAPC;20170102;0.2;-1.3;1.6;624;
TOUROUVRE_SAPC;20170103;0.0;-5.4;0.0;1440;
TOUROUVRE_SAPC;20170104;0.0;-3.2;3.8;666;
TOUROUVRE_SAPC;20170105;0.0;-0.8;5.3;565;
TOUROUVRE_SAPC;20170106;0.0;-4.4;3.3;998;
TOUROUVRE_SAPC;20170107;1.5;-4.3;1.4;1211;
TOUROUVRE_SAPC;20170108;3.4;-0.1;5.9;0;
TOUROUVRE_SAPC;20170109;4.8;2.6;7.6;0;
TOUROUVRE_SAPC;20170110;1.6;2.3;8.1;0;
TOUROUVRE_SAPC;20170111;1.0;2.2;11.3;0;
TOUROUVRE_SAPC;20170112;14.0;3.8;8.5;0;
TOUROUVRE_SAPC;20170113;3.4;0.2;4.6;0;
TOUROUVRE_SAPC;20170114;5.2;-0.6;5.3;217;
TOUROUVRE_SAPC;20170115;4.8;-0.4;7.6;101;
TOUROUVRE_SAPC;20170116;0.0;-0.5;3.2;207;
TOUROUVRE_SAPC;20170117;0.0;-2.3;1.4;1130;
TOUROUVRE_SAPC;20170118;0.0;-4.7;0.3;1309;
TOUROUVRE_SAPC;20170119;0.0;-4.7;-0.4;1440;
TOUROUVRE_SAPC;20170120;0.0;-5.8;0.2;1407;
TOUROUVRE_SAPC;20170121;0.2;-9.0;5.4;1074;
TOUROUVRE_SAPC;20170122;0.0;-5.6;5.3;747;
TOUROUVRE_SAPC;20170123;0.0;-3.1;6.2;621;
TOUROUVRE_SAPC;20170124;0.0;-4.7;5.0;707;
TOUROUVRE_SAPC;20170125;0.0;-1.9;-0.7;1377;
TOUROUVRE_SAPC;20170126;0.0;-5.6;4.5;873;
TOUROUVRE_SAPC;20170127;0.2;-3.2;9.4;495;
TOUROUVRE_SAPC;20170128;1.2;2.1;8.8;0;
TOUROUVRE_SAPC;20170129;0.8;1.1;8.1;0;
TOUROUVRE_SAPC;20170130;5.2;6.7;10.1;0;
TOUROUVRE_SAPC;20170131;0.2;8.3;11.4;0;
TOUROUVRE_SAPC;20170201;1.0;7.6;9.6;0;
TOUROUVRE_SAPC;20170202;1.2;7.1;10.5;0;
TOUROUVRE_SAPC;20170203;11.7;5.4;8.2;0;
TOUROUVRE_SAPC;20170204;9.8;3.3;8.6;0;
TOUROUVRE_SAPC;20170205;5.8;3.5;10.0;0;
TOUROUVRE_SAPC;20170206;3.0;2.5;7.0;0;
TOUROUVRE_SAPC;20170207;0.0;4.5;10.4;0;
TOUROUVRE_SAPC;20170208;0.0;1.5;6.9;0;
TOUROUVRE_SAPC;20170209;0.0;0.5;4.2;0;
TOUROUVRE_SAPC;20170210;0.0;0.3;3.7;113;
TOUROUVRE_SAPC;20170211;0.0;-2.0;2.2;886;
TOUROUVRE_SAPC;20170212;0.0;-0.4;8.4;372;
TOUROUVRE_SAPC;20170213;0.0;4.2;13.1;0;
TOUROUVRE_SAPC;20170214;0.0;5.2;11.4;0;
TOUROUVRE_SAPC;20170215;0.2;5.7;12.0;0;
TOUROUVRE_SAPC;20170216;0.0;2.3;13.1;0;
TOUROUVRE_SAPC;20170217;0.2;-1.1;13.4;377;
TOUROUVRE_SAPC;20170218;0.0;0.1;11.7;18;
TOUROUVRE_SAPC;20170219;0.2;-2.9;11.2;511;
TOUROUVRE_SAPC;20170220;0.0;5.0;11.1;0;
TOUROUVRE_SAPC;20170221;0.2;7.8;10.8;0;
TOUROUVRE_SAPC;20170222;0.0;8.4;10.7;0;
TOUROUVRE_SAPC;20170223;1.0;7.3;11.2;0;
TOUROUVRE_SAPC;20170224;0.0;1.2;8.0;247;
TOUROUVRE_SAPC;20170225;0.2;-3.1;10.3;518;
TOUROUVRE_SAPC;20170226;0.0;4.0;12.1;0;
TOUROUVRE_SAPC;20170227;13.3;6.0;9.4;0;
TOUROUVRE_SAPC;20170228;2.8;2.4;7.4;0;
TOUROUVRE_SAPC;20170301;11.5;4.5;11.1;0;
TOUROUVRE_SAPC;20170302;0.0;3.1;10.7;0;
TOUROUVRE_SAPC;20170303;6.9;5.0;13.9;0;
TOUROUVRE_SAPC;20170304;0.8;6.4;9.4;0;
TOUROUVRE_SAPC;20170305;8.7;2.3;9.4;0;
TOUROUVRE_SAPC;20170306;15.5;1.8;5.9;0;
TOUROUVRE_SAPC;20170307;1.6;2.7;8.5;0;
TOUROUVRE_SAPC;20170308;1.6;5.7;12.7;0;
TOUROUVRE_SAPC;20170309;0.6;10.3;12.5;0;
TOUROUVRE_SAPC;20170310;0.0;9.4;13.8;0;
TOUROUVRE_SAPC;20170311;0.0;3.0;17.5;0;
TOUROUVRE_SAPC;20170312;0.0;4.8;13.0;0;
TOUROUVRE_SAPC;20170313;0.0;8.5;12.5;0;
TOUROUVRE_SAPC;20170314;0.2;-0.7;12.9;166;
TOUROUVRE_SAPC;20170315;0.2;8.9;12.0;0;
TOUROUVRE_SAPC;20170316;0.0;3.8;19.7;0;
TOUROUVRE_SAPC;20170317;0.0;6.8;12.6;0;
TOUROUVRE_SAPC;20170318;0.0;5.8;11.8;0;
TOUROUVRE_SAPC;20170319;0.0;9.5;11.8;0;
TOUROUVRE_SAPC;20170320;0.4;7.8;10.8;0;
TOUROUVRE_SAPC;20170321;0.0;6.3;10.8;0;
TOUROUVRE_SAPC;20170322;4.4;0.0;7.7;1;
TOUROUVRE_SAPC;20170323;4.2;3.5;8.2;0;
TOUROUVRE_SAPC;20170324;0.2;0.5;12.8;0;
TOUROUVRE_SAPC;20170325;0.0;5.9;14.7;0;
TOUROUVRE_SAPC;20170326;0.0;3.4;17.2;0;
TOUROUVRE_SAPC;20170327;0.2;4.3;18.5;0;
TOUROUVRE_SAPC;20170328;1.4;1.7;15.5;0;
TOUROUVRE_SAPC;20170329;0.0;3.2;18.5;0;
TOUROUVRE_SAPC;20170330;0.0;5.1;21.6;0;
TOUROUVRE_SAPC;20170331;0.0;9.6;16.7;0;
TOUROUVRE_SAPC;20170401;0.2;7.8;15.1;0;
TOUROUVRE_SAPC;20170402;0.0;4.1;16.3;0;
TOUROUVRE_SAPC;20170403;0.0;2.3;18.7;0;
TOUROUVRE_SAPC;20170404;1.0;4.0;13.4;0;
TOUROUVRE_SAPC;20170405;0.0;8.4;15.2;0;
TOUROUVRE_SAPC;20170406;0.0;3.5;15.1;0;
TOUROUVRE_SAPC;20170407;0.2;1.3;17.5;0;
TOUROUVRE_SAPC;20170408;0.2;4.4;21.3;0;
TOUROUVRE_SAPC;20170409;0.0;4.6;24.8;0;
TOUROUVRE_SAPC;20170410;0.0;8.9;16.4;0;
TOUROUVRE_SAPC;20170411;0.0;3.0;15.9;0;
TOUROUVRE_SAPC;20170412;0.0;0.3;17.8;0;
TOUROUVRE_SAPC;20170413;0.0;2.9;14.8;0;
TOUROUVRE_SAPC;20170414;0.0;4.3;16.6;0;
TOUROUVRE_SAPC;20170415;3.2;5.2;14.5;0;
TOUROUVRE_SAPC;20170416;0.0;4.0;13.4;0;
TOUROUVRE_SAPC;20170417;0.2;3.0;12.2;0;
TOUROUVRE_SAPC;20170418;0.0;2.9;11.5;0;
TOUROUVRE_SAPC;20170419;0.0;1.1;11.7;0;
TOUROUVRE_SAPC;20170420;0.0;-0.9;12.3;113;
TOUROUVRE_SAPC;20170421;0.0;-1.8;17.2;182;
TOUROUVRE_SAPC;20170422;0.2;3.0;14.6;0;
TOUROUVRE_SAPC;20170423;0.0;2.2;14.2;0;
TOUROUVRE_SAPC;20170424;0.0;-0.9;17.0;139;
TOUROUVRE_SAPC;20170425;0.0;4.3;9.7;0;
TOUROUVRE_SAPC;20170426;1.2;-1.5;9.8;108;
TOUROUVRE_SAPC;20170427;1.6;0.0;10.9;57;
TOUROUVRE_SAPC;20170428;0.2;-0.2;13.9;3;
TOUROUVRE_SAPC;20170429;0.0;1.7;16.8;0;
TOUROUVRE_SAPC;20170430;5.0;2.6;13.7;0;
TOUROUVRE_SAPC;20170501;16.9;5.1;13.7;0;
TOUROUVRE_SAPC;20170502;0.0;6.6;15.9;0;
TOUROUVRE_SAPC;20170503;4.6;7.1;11.4;0;
TOUROUVRE_SAPC;20170504;0.0;7.1;15.0;0;
TOUROUVRE_SAPC;20170505;0.2;8.7;16.4;0;
TOUROUVRE_SAPC;20170506;3.2;9.7;13.4;0;
TOUROUVRE_SAPC;20170507;0.0;9.7;15.7;0;
TOUROUVRE_SAPC;20170508;0.0;5.8;13.7;0;
TOUROUVRE_SAPC;20170509;0.0;4.7;15.9;0;
TOUROUVRE_SAPC;20170510;0.0;4.7;20.5;0;
TOUROUVRE_SAPC;20170511;3.6;8.3;18.5;0;
TOUROUVRE_SAPC;20170512;6.9;10.2;18.7;0;
TOUROUVRE_SAPC;20170513;0.2;10.3;17.6;0;
TOUROUVRE_SAPC;20170514;1.2;6.3;19.2;0;
TOUROUVRE_SAPC;20170515;0.0;6.9;22.9;0;
TOUROUVRE_SAPC;20170516;0.0;11.3;25.6;0;
TOUROUVRE_SAPC;20170517;12.0;13.9;25.8;0;
TOUROUVRE_SAPC;20170518;15.2;9.1;15.6;0;
TOUROUVRE_SAPC;20170519;1.6;6.5;14.2;0;
TOUROUVRE_SAPC;20170520;0.2;5.8;16.2;0;
TOUROUVRE_SAPC;20170521;0.0;4.3;20.2;0;
TOUROUVRE_SAPC;20170522;0.0;7.4;23.9;0;
TOUROUVRE_SAPC;20170523;0.0;12.3;23.0;0;
TOUROUVRE_SAPC;20170524;0.2;12.7;21.6;0;
TOUROUVRE_SAPC;20170525;0.0;12.9;25.6;0;
TOUROUVRE_SAPC;20170526;0.0;13.0;26.7;0;
TOUROUVRE_SAPC;20170527;0.0;14.1;26.4;0;
TOUROUVRE_SAPC;20170528;0.0;15.3;29.4;0;
TOUROUVRE_SAPC;20170529;1.2;15.8;23.2;0;
TOUROUVRE_SAPC;20170530;0.0;13.8;19.3;0;
TOUROUVRE_SAPC;20170531;0.0;7.2;23.1;0;
TOUROUVRE_SAPC;20170601;0.0;12.5;26.7;0;
TOUROUVRE_SAPC;20170602;7.1;13.2;26.8;0;
TOUROUVRE_SAPC;20170603;1.8;13.1;16.2;0;
TOUROUVRE_SAPC;20170604;0.0;5.4;19.1;0;
TOUROUVRE_SAPC;20170605;5.4;7.5;19.9;0;
TOUROUVRE_SAPC;20170606;1.4;9.7;15.8;0;
TOUROUVRE_SAPC;20170607;0.0;8.3;18.8;0;
TOUROUVRE_SAPC;20170608;12.7;8.9;24.7;0;
TOUROUVRE_SAPC;20170609;0.0;13.8;21.1;0;
TOUROUVRE_SAPC;20170610;0.0;10.7;24.5;0;
TOUROUVRE_SAPC;20170611;0.0;10.8;25.5;0;
TOUROUVRE_SAPC;20170612;0.2;8.5;20.6;0;
TOUROUVRE_SAPC;20170613;0.0;7.4;23.1;0;
TOUROUVRE_SAPC;20170614;0.0;13.2;28.7;0;
TOUROUVRE_SAPC;20170615;0.0;13.9;26.6;0;
TOUROUVRE_SAPC;20170616;0.0;9.7;22.4;0;
TOUROUVRE_SAPC;20170617;0.2;11.3;27.2;0;
TOUROUVRE_SAPC;20170618;0.0;15.6;29.0;0;
TOUROUVRE_SAPC;20170619;0.0;15.2;32.2;0;
TOUROUVRE_SAPC;20170620;0.0;16.4;34.3;0;
TOUROUVRE_SAPC;20170621;0.0;17.5;33.5;0;
TOUROUVRE_SAPC;20170622;0.0;16.9;30.8;0;
TOUROUVRE_SAPC;20170623;0.0;14.2;21.8;0;
TOUROUVRE_SAPC;20170624;0.0;9.4;25.0;0;
TOUROUVRE_SAPC;20170625;0.0;16.4;26.2;0;
TOUROUVRE_SAPC;20170626;0.0;12.8;27.5;0;
TOUROUVRE_SAPC;20170627;0.0;16.4;23.2;0;
TOUROUVRE_SAPC;20170628;8.1;13.1;20.9;0;
TOUROUVRE_SAPC;20170629;3.0;12.1;20.4;0;
TOUROUVRE_SAPC;20170630;5.6;12.5;18.0;0;
TOUROUVRE_SAPC;20170701;0.6;11.8;19.7;0;
TOUROUVRE_SAPC;20170702;0.0;10.2;22.7;0;
TOUROUVRE_SAPC;20170703;0.2;10.9;23.3;0;
TOUROUVRE_SAPC;20170704;0.0;8.9;27.9;0;
TOUROUVRE_SAPC;20170705;0.0;14.8;30.4;0;
TOUROUVRE_SAPC;20170706;0.0;17.2;33.0;0;
TOUROUVRE_SAPC;20170707;0.0;17.0;32.0;0;
TOUROUVRE_SAPC;20170708;0.0;13.5;29.5;0;
TOUROUVRE_SAPC;20170709;20.0;15.0;30.0;0;
TOUROUVRE_SAPC;20170710;1.2;14.0;22.4;0;
TOUROUVRE_SAPC;20170711;2.2;13.0;22.0;0;
TOUROUVRE_SAPC;20170712;1.0;15.5;21.0;0;
TOUROUVRE_SAPC;20170713;0.0;13.7;24.1;0;
TOUROUVRE_SAPC;20170714;0.2;9.2;22.6;0;
TOUROUVRE_SAPC;20170715;0.0;7.9;25.9;0;
TOUROUVRE_SAPC;20170716;0.0;10.9;27.0;0;
TOUROUVRE_SAPC;20170717;0.0;15.4;29.7;0;
TOUROUVRE_SAPC;20170718;0.4;16.5;32.0;0;
TOUROUVRE_SAPC;20170719;0.0;17.6;23.8;0;
TOUROUVRE_SAPC;20170720;0.6;15.0;20.3;0;
TOUROUVRE_SAPC;20170721;1.2;7.6;21.1;0;
TOUROUVRE_SAPC;20170722;0.2;13.3;21.6;0;
TOUROUVRE_SAPC;20170723;5.6;11.5;20.8;0;
TOUROUVRE_SAPC;20170724;0.2;11.6;18.0;0;
TOUROUVRE_SAPC;20170725;0.0;13.4;23.8;0;
TOUROUVRE_SAPC;20170726;1.6;8.1;20.1;0;
TOUROUVRE_SAPC;20170727;0.0;15.1;21.6;0;
TOUROUVRE_SAPC;20170728;0.0;12.4;22.4;0;
TOUROUVRE_SAPC;20170729;0.0;15.5;25.4;0;
TOUROUVRE_SAPC;20170730;0.6;16.3;23.2;0;
TOUROUVRE_SAPC;20170731;0.0;8.6;22.8;0;
TOUROUVRE_SAPC;20170801;0.0;10.7;25.6;0;
TOUROUVRE_SAPC;20170802;0.4;10.4;26.0;0;
TOUROUVRE_SAPC;20170803;0.0;16.9;23.6;0;
TOUROUVRE_SAPC;20170804;6.9;14.4;23.0;0;
TOUROUVRE_SAPC;20170805;0.2;13.4;21.9;0;
TOUROUVRE_SAPC;20170806;0.0;6.2;23.2;0;
TOUROUVRE_SAPC;20170807;0.0;7.9;26.1;0;
TOUROUVRE_SAPC;20170808;8.7;12.8;17.4;0;
TOUROUVRE_SAPC;20170809;5.8;10.5;16.5;0;
TOUROUVRE_SAPC;20170810;2.8;11.0;20.6;0;
TOUROUVRE_SAPC;20170811;0.2;12.5;21.4;0;
TOUROUVRE_SAPC;20170812;2.2;11.0;18.6;0;
TOUROUVRE_SAPC;20170813;0.2;8.6;23.0;0;
TOUROUVRE_SAPC;20170814;0.0;8.1;26.0;0;
TOUROUVRE_SAPC;20170815;0.2;15.5;24.3;0;
TOUROUVRE_SAPC;20170816;0.0;10.9;24.8;0;
TOUROUVRE_SAPC;20170817;5.4;14.0;23.0;0;
TOUROUVRE_SAPC;20170818;4.3;17.0;22.0;0;
TOUROUVRE_SAPC;20170819;0.2;7.4;20.3;0;
TOUROUVRE_SAPC;20170820;0.2;6.2;21.1;0;
TOUROUVRE_SAPC;20170821;0.2;14.5;26.2;0;
TOUROUVRE_SAPC;20170822;0.0;15.3;28.6;0;
TOUROUVRE_SAPC;20170823;0.0;13.8;24.5;0;
TOUROUVRE_SAPC;20170824;0.0;12.4;24.5;0;
TOUROUVRE_SAPC;20170825;0.2;14.9;24.5;0;
TOUROUVRE_SAPC;20170826;9.6;12.3;28.1;0;
TOUROUVRE_SAPC;20170827;0.0;15.4;28.0;0;
TOUROUVRE_SAPC;20170828;0.2;15.4;30.8;0;
TOUROUVRE_SAPC;20170829;0.4;15.2;32.7;0;
TOUROUVRE_SAPC;20170830;7.1;12.8;18.0;0;
TOUROUVRE_SAPC;20170831;0.2;7.0;20.3;0;
TOUROUVRE_SAPC;20170901;0.2;7.4;19.9;0;
TOUROUVRE_SAPC;20170902;1.0;8.3;20.1;0;
TOUROUVRE_SAPC;20170903;4.8;7.8;17.6;0;
TOUROUVRE_SAPC;20170904;0.0;13.0;21.2;0;
TOUROUVRE_SAPC;20170905;0.4;14.3;21.1;0;
TOUROUVRE_SAPC;20170906;0.2;9.4;18.2;0;
TOUROUVRE_SAPC;20170907;0.2;7.8;19.7;0;
TOUROUVRE_SAPC;20170908;28.9;13.1;16.3;0;
TOUROUVRE_SAPC;20170909;1.0;11.7;17.0;0;
TOUROUVRE_SAPC;20170910;2.6;9.4;18.2;0;
TOUROUVRE_SAPC;20170911;1.4;10.9;16.2;0;
TOUROUVRE_SAPC;20170912;0.6;10.8;18.1;0;
TOUROUVRE_SAPC;20170913;25.8;12.3;16.5;0;
TOUROUVRE_SAPC;20170914;1.2;7.8;16.0;0;
TOUROUVRE_SAPC;20170915;0.8;5.4;15.9;0;
TOUROUVRE_SAPC;20170916;0.2;1.9;16.0;0;
TOUROUVRE_SAPC;20170917;4.5;8.5;15.8;0;
TOUROUVRE_SAPC;20170918;4.8;3.7;17.1;0;
TOUROUVRE_SAPC;20170919;1.8;6.3;17.1;0;
TOUROUVRE_SAPC;20170920;0.2;3.0;18.2;0;
TOUROUVRE_SAPC;20170921;0.6;4.7;20.1;0;
TOUROUVRE_SAPC;20170922;0.2;11.1;20.0;0;
TOUROUVRE_SAPC;20170923;0.2;4.5;20.4;0;
TOUROUVRE_SAPC;20170924;0.0;8.5;22.8;0;
TOUROUVRE_SAPC;20170925;0.4;11.7;20.6;0;
TOUROUVRE_SAPC;20170926;0.0;11.0;20.4;0;
TOUROUVRE_SAPC;20170927;1.8;10.3;20.6;0;
TOUROUVRE_SAPC;20170928;0.2;12.7;18.3;0;
TOUROUVRE_SAPC;20170929;1.8;11.9;20.1;0;
TOUROUVRE_SAPC;20170930;0.0;11.2;17.4;0;
TOUROUVRE_SAPC;20171001;2.0;11.9;16.6;0;
TOUROUVRE_SAPC;20171002;7.3;14.6;19.2;0;
TOUROUVRE_SAPC;20171003;0.2;9.3;17.0;0;
TOUROUVRE_SAPC;20171004;0.2;4.5;16.9;0;
TOUROUVRE_SAPC;20171005;3.4;5.8;15.5;0;
TOUROUVRE_SAPC;20171006;0.0;3.8;15.1;0;
TOUROUVRE_SAPC;20171007;2.4;2.0;15.7;0;
TOUROUVRE_SAPC;20171008;0.0;6.8;14.6;0;
TOUROUVRE_SAPC;20171009;0.2;7.3;17.1;0;
TOUROUVRE_SAPC;20171010;0.0;12.8;15.7;0;
TOUROUVRE_SAPC;20171011;0.0;12.3;16.6;0;
TOUROUVRE_SAPC;20171012;0.0;13.1;18.9;0;
TOUROUVRE_SAPC;20171013;0.2;13.3;20.2;0;
TOUROUVRE_SAPC;20171014;0.4;7.1;22.5;0;
TOUROUVRE_SAPC;20171015;0.2;7.2;22.2;0;
TOUROUVRE_SAPC;20171016;0.2;13.2;22.4;0;
TOUROUVRE_SAPC;20171017;0.2;7.8;20.8;0;
TOUROUVRE_SAPC;20171018;1.4;9.3;19.0;0;
TOUROUVRE_SAPC;20171019;6.9;10.0;18.2;0;
TOUROUVRE_SAPC;20171020;1.6;8.8;15.0;0;
TOUROUVRE_SAPC;20171021;0.2;10.4;15.2;0;
TOUROUVRE_SAPC;20171022;0.6;7.4;11.6;0;
TOUROUVRE_SAPC;20171023;3.8;8.6;13.8;0;
TOUROUVRE_SAPC;20171024;0.0;12.8;18.2;0;
TOUROUVRE_SAPC;20171025;0.4;11.4;19.4;0;
TOUROUVRE_SAPC;20171026;0.2;6.7;22.2;0;
TOUROUVRE_SAPC;20171027;0.2;8.2;15.6;0;
TOUROUVRE_SAPC;20171028;0.4;1.1;14.2;0;
TOUROUVRE_SAPC;20171029;0.6;10.2;14.8;0;
TOUROUVRE_SAPC;20171030;0.2;4.5;11.6;0;
TOUROUVRE_SAPC;20171031;0.2;-0.3;12.2;71;
TOUROUVRE_SAPC;20171101;0.0;2.5;15.3;0;
TOUROUVRE_SAPC;20171102;0.2;4.0;13.0;0;
TOUROUVRE_SAPC;20171103;1.0;6.3;15.9;0;
TOUROUVRE_SAPC;20171104;4.2;10.0;13.2;0;
TOUROUVRE_SAPC;20171105;3.2;2.9;9.8;0;
TOUROUVRE_SAPC;20171106;0.2;0.7;10.3;197;
TOUROUVRE_SAPC;20171107;2.2;-3.5;8.5;502;
TOUROUVRE_SAPC;20171108;6.6;3.7;9.1;0;
TOUROUVRE_SAPC;20171109;1.2;6.0;11.3;0;
TOUROUVRE_SAPC;20171110;1.8;7.7;13.7;0;
TOUROUVRE_SAPC;20171111;9.0;6.5;12.9;0;
TOUROUVRE_SAPC;20171112;3.8;4.3;11.5;0;
TOUROUVRE_SAPC;20171113;0.0;3.7;8.8;0;
TOUROUVRE_SAPC;20171114;0.0;-1.4;9.5;481;
TOUROUVRE_SAPC;20171115;0.0;4.7;10.3;0;
TOUROUVRE_SAPC;20171116;0.2;4.6;10.6;0;
TOUROUVRE_SAPC;20171117;0.2;2.0;9.2;0;
TOUROUVRE_SAPC;20171118;0.4;3.9;9.3;0;
TOUROUVRE_SAPC;20171119;0.6;4.6;10.2;0;
TOUROUVRE_SAPC;20171120;0.0;1.3;10.7;0;
TOUROUVRE_SAPC;20171121;0.0;7.7;10.2;0;
TOUROUVRE_SAPC;20171122;0.0;6.2;13.3;0;
TOUROUVRE_SAPC;20171123;12.5;10.0;14.4;0;
TOUROUVRE_SAPC;20171124;0.2;7.3;11.4;0;
TOUROUVRE_SAPC;20171125;1.0;2.0;7.6;0;
TOUROUVRE_SAPC;20171126;0.2;-2.1;7.3;528;
TOUROUVRE_SAPC;20171127;13.3;2.0;8.4;0;
TOUROUVRE_SAPC;20171128;2.6;1.4;8.7;55;
TOUROUVRE_SAPC;20171129;1.2;-0.9;5.4;238;
TOUROUVRE_SAPC;20171130;5.0;0.4;4.3;267;
TOUROUVRE_SAPC;20171201;2.0;-1.9;4.3;228;
TOUROUVRE_SAPC;20171202;0.0;-0.7;4.2;419;
TOUROUVRE_SAPC;20171203;0.8;-3.9;5.2;568;
TOUROUVRE_SAPC;20171204;0.0;2.2;8.3;0;
TOUROUVRE_SAPC;20171205;0.0;3.9;8.3;0;
TOUROUVRE_SAPC;20171206;0.8;4.6;6.4;0;
TOUROUVRE_SAPC;20171207;2.6;0.5;9.5;0;
TOUROUVRE_SAPC;20171208;7.0;0.4;6.0;18;
TOUROUVRE_SAPC;20171209;14.7;-3.1;2.5;589;
TOUROUVRE_SAPC;20171210;22.3;1.2;9.3;0;
TOUROUVRE_SAPC;20171211;8.7;2.7;8.9;0;
TOUROUVRE_SAPC;20171212;1.6;-1.4;5.7;459;
TOUROUVRE_SAPC;20171213;8.4;1.2;8.9;0;
TOUROUVRE_SAPC;20171214;5.8;2.0;6.2;0;
TOUROUVRE_SAPC;20171215;13.1;1.2;5.2;0;
TOUROUVRE_SAPC;20171216;1.0;2.7;5.7;0;
TOUROUVRE_SAPC;20171217;2.2;-0.5;9.3;213;
TOUROUVRE_SAPC;20171218;0.0;3.4;9.1;28;
TOUROUVRE_SAPC;20171219;0.2;-2.6;6.5;654;
TOUROUVRE_SAPC;20171220;0.4;-0.8;8.4;0;
TOUROUVRE_SAPC;20171221;0.4;6.9;10.0;0;
TOUROUVRE_SAPC;20171222;0.4;6.9;9.6;0;
TOUROUVRE_SAPC;20171223;0.6;7.1;8.9;0;
TOUROUVRE_SAPC;20171224;0.6;7.3;8.0;0;
TOUROUVRE_SAPC;20171225;3.0;4.3;6.1;0;
TOUROUVRE_SAPC;20171226;9.3;3.4;7.2;0;
TOUROUVRE_SAPC;20171227;5.6;2.3;4.5;0;
TOUROUVRE_SAPC;20171228;0.2;-2.1;3.7;700;
TOUROUVRE_SAPC;20171229;9.1;-1.9;12.3;164;
TOUROUVRE_SAPC;20171230;0.0;6.6;13.2;0;
TOUROUVRE_SAPC;20171231;1.4;9.0;12.6;0;
TOUROUVRE_SAPC;20180101;20.2;4.7;8.7;0;
TOUROUVRE_SAPC;20180102;5.3;4.1;13.1;0;
TOUROUVRE_SAPC;20180103;11.5;7.5;12.8;0;
TOUROUVRE_SAPC;20180104;10.2;7.4;13.1;0;
TOUROUVRE_SAPC;20180105;1.0;5.0;9.3;0;
TOUROUVRE_SAPC;20180106;0.6;3.7;6.6;0;
TOUROUVRE_SAPC;20180107;2.0;4.1;5.1;0;
TOUROUVRE_SAPC;20180108;0.0;3.5;5.5;0;
TOUROUVRE_SAPC;20180109;3.0;3.9;7.6;0;
TOUROUVRE_SAPC;20180110;0.2;4.0;9.0;0;
TOUROUVRE_SAPC;20180111;0.0;2.1;6.5;0;
TOUROUVRE_SAPC;20180112;0.0;3.1;6.1;0;
TOUROUVRE_SAPC;20180113;0.0;2.1;3.7;0;
TOUROUVRE_SAPC;20180114;0.0;-0.2;3.5;76;
TOUROUVRE_SAPC;20180115;13.7;2.3;9.8;0;
TOUROUVRE_SAPC;20180116;12.7;6.0;8.9;0;
TOUROUVRE_SAPC;20180117;2.8;0.8;9.4;0;
TOUROUVRE_SAPC;20180118;7.1;4.5;10.8;0;
TOUROUVRE_SAPC;20180119;7.0;2.8;6.8;0;
TOUROUVRE_SAPC;20180120;8.9;2.8;11.2;0;
TOUROUVRE_SAPC;20180121;6.0;6.0;11.6;0;
TOUROUVRE_SAPC;20180122;3.8;7.9;12.3;0;
TOUROUVRE_SAPC;20180123;1.8;3.8;11.7;0;
TOUROUVRE_SAPC;20180124;4.8;10.7;11.5;0;
TOUROUVRE_SAPC;20180125;0.0;6.5;8.3;0;
TOUROUVRE_SAPC;20180126;0.2;2.8;8.4;0;
TOUROUVRE_SAPC;20180127;0.2;0.2;5.9;0;
TOUROUVRE_SAPC;20180128;0.2;3.5;10.1;0;
TOUROUVRE_SAPC;20180129;0.6;8.1;9.6;0;
TOUROUVRE_SAPC;20180130;2.8;7.8;9.5;0;
TOUROUVRE_SAPC;20180131;10.1;5.9;8.5;0;
TOUROUVRE_SAPC;20180201;0.6;1.3;7.0;99;
TOUROUVRE_SAPC;20180202;0.6;-1.2;6.8;231;
TOUROUVRE_SAPC;20180203;1.2;-1.0;5.4;138;
TOUROUVRE_SAPC;20180204;0.0;0.8;2.7;171;
TOUROUVRE_SAPC;20180205;2.0;-2.6;0.8;1414;
TOUROUVRE_SAPC;20180206;10.0;-1.4;0.2;1398;
TOUROUVRE_SAPC;20180207;0.5;-2.5;1.1;1159;
TOUROUVRE_SAPC;20180208;0.0;-6.3;3.7;1035;
TOUROUVRE_SAPC;20180209;9.0;-2.9;3.1;610;
TOUROUVRE_SAPC;20180210;4.6;-5.3;7.3;555;
TOUROUVRE_SAPC;20180211;1.4;2.0;7.1;103;
TOUROUVRE_SAPC;20180212;0.2;-3.4;6.3;845;
TOUROUVRE_SAPC;20180213;4.0;-2.3;1.0;458;
TOUROUVRE_SAPC;20180214;4.6;-4.4;8.1;565;
TOUROUVRE_SAPC;20180215;2.0;2.8;10.8;0;
TOUROUVRE_SAPC;20180216;2.0;-2.6;7.8;400;
TOUROUVRE_SAPC;20180217;0.0;2.6;9.6;197;
TOUROUVRE_SAPC;20180218;0.0;-1.8;7.9;452;
TOUROUVRE_SAPC;20180219;1.0;4.2;8.9;0;
TOUROUVRE_SAPC;20180220;2.6;6.0;8.2;0;
TOUROUVRE_SAPC;20180221;0.0;0.0;5.1;136;
TOUROUVRE_SAPC;20180222;0.0;-2.2;3.7;850;
TOUROUVRE_SAPC;20180223;0.0;-3.2;2.6;984;
TOUROUVRE_SAPC;20180224;0.0;-3.4;3.4;760;
TOUROUVRE_SAPC;20180225;0.0;-3.0;2.2;1024;
TOUROUVRE_SAPC;20180226;0.0;-5.7;-1.0;1440;
TOUROUVRE_SAPC;20180227;0.0;-7.3;-1.4;1440;
TOUROUVRE_SAPC;20180228;2.0;-9.3;-2.2;1440;
TOUROUVRE_SAPC;20180301;2.0;-4.7;1.1;866;
TOUROUVRE_SAPC;20180302;2.0;0.4;8.1;42;
TOUROUVRE_SAPC;20180303;3.4;-0.7;11.6;10;
TOUROUVRE_SAPC;20180304;7.9;0.5;8.3;0;
TOUROUVRE_SAPC;20180305;0.8;1.9;10.8;0;
TOUROUVRE_SAPC;20180306;5.2;4.3;10.2;0;
TOUROUVRE_SAPC;20180307;0.2;3.1;9.5;0;
TOUROUVRE_SAPC;20180308;6.4;2.3;7.3;0;
TOUROUVRE_SAPC;20180309;2.4;3.9;12.5;0;
TOUROUVRE_SAPC;20180310;16.3;9.1;15.2;0;
TOUROUVRE_SAPC;20180311;1.4;8.7;15.5;0;
TOUROUVRE_SAPC;20180312;2.8;7.7;11.1;0;
TOUROUVRE_SAPC;20180313;0.6;6.8;12.3;0;
TOUROUVRE_SAPC;20180314;9.5;-0.3;14.1;56;
TOUROUVRE_SAPC;20180315;1.6;7.2;13.3;0;
TOUROUVRE_SAPC;20180316;1.0;6.0;11.3;0;
TOUROUVRE_SAPC;20180317;0.2;1.0;7.7;158;
TOUROUVRE_SAPC;20180318;0.5;-0.4;1.5;353;
TOUROUVRE_SAPC;20180319;0.0;-1.5;0.9;1411;
TOUROUVRE_SAPC;20180320;0.2;-2.4;7.2;377;
TOUROUVRE_SAPC;20180321;0.0;-0.5;6.0;448;
TOUROUVRE_SAPC;20180322;0.0;-3.4;7.3;441;
TOUROUVRE_SAPC;20180323;0.6;2.3;6.0;0;
TOUROUVRE_SAPC;20180324;0.2;5.0;12.9;0;
TOUROUVRE_SAPC;20180325;0.0;6.0;13.9;0;
TOUROUVRE_SAPC;20180326;1.6;5.5;12.8;0;
TOUROUVRE_SAPC;20180327;4.8;4.3;13.0;0;
TOUROUVRE_SAPC;20180328;4.2;5.1;12.0;0;
TOUROUVRE_SAPC;20180329;3.8;-0.6;9.5;165;
TOUROUVRE_SAPC;20180330;9.5;4.2;9.3;0;
TOUROUVRE_SAPC;20180331;1.6;2.4;9.6;0;
TOUROUVRE_SAPC;20180401;0.6;4.9;10.0;0;
TOUROUVRE_SAPC;20180402;3.2;6.4;14.8;0;
TOUROUVRE_SAPC;20180403;6.0;8.6;12.1;0;
TOUROUVRE_SAPC;20180404;6.6;6.5;12.0;0;
TOUROUVRE_SAPC;20180405;0.0;4.5;12.0;0;
TOUROUVRE_SAPC;20180406;0.0;3.4;18.7;0;
TOUROUVRE_SAPC;20180407;2.0;9.1;16.3;0;
TOUROUVRE_SAPC;20180408;0.4;7.4;20.4;0;
TOUROUVRE_SAPC;20180409;1.6;10.1;14.2;0;
TOUROUVRE_SAPC;20180410;5.3;9.0;12.5;0;
TOUROUVRE_SAPC;20180411;0.0;4.2;17.5;0;
TOUROUVRE_SAPC;20180412;0.0;8.0;16.5;0;
TOUROUVRE_SAPC;20180413;0.2;6.1;17.8;0;
TOUROUVRE_SAPC;20180414;1.8;5.8;15.7;0;
TOUROUVRE_SAPC;20180415;0.4;6.4;14.3;0;
TOUROUVRE_SAPC;20180416;0.2;5.6;15.8;0;
TOUROUVRE_SAPC;20180417;0.2;1.8;20.3;0;
TOUROUVRE_SAPC;20180418;0.0;6.3;23.9;0;
TOUROUVRE_SAPC;20180419;0.0;7.5;25.7;0;
TOUROUVRE_SAPC;20180420;0.2;9.0;27.7;0;
TOUROUVRE_SAPC;20180421;0.0;11.7;25.7;0;
TOUROUVRE_SAPC;20180422;0.0;9.4;23.3;0;
TOUROUVRE_SAPC;20180423;0.2;8.8;16.9;0;
TOUROUVRE_SAPC;20180424;0.0;3.0;18.3;0;
TOUROUVRE_SAPC;20180425;1.8;9.0;15.6;0;
TOUROUVRE_SAPC;20180426;0.0;1.6;14.7;0;
TOUROUVRE_SAPC;20180427;0.4;3.1;16.6;0;
TOUROUVRE_SAPC;20180428;1.0;8.7;15.3;0;
TOUROUVRE_SAPC;20180429;26.8;7.6;9.7;0;
TOUROUVRE_SAPC;20180430;3.5;3.6;5.1;0;
TOUROUVRE_SAPC;20180501;0.0;0.3;13.4;0;
TOUROUVRE_SAPC;20180502;1.8;-0.3;12.9;64;
TOUROUVRE_SAPC;20180503;0.0;3.8;14.9;0;
TOUROUVRE_SAPC;20180504;0.0;5.0;18.0;0;
TOUROUVRE_SAPC;20180505;0.0;7.2;21.5;0;
TOUROUVRE_SAPC;20180506;0.0;10.7;25.1;0;
TOUROUVRE_SAPC;20180507;0.0;11.8;25.1;0;
TOUROUVRE_SAPC;20180508;0.0;7.4;25.8;0;
TOUROUVRE_SAPC;20180509;0.2;10.0;19.8;0;
TOUROUVRE_SAPC;20180510;0.0;8.0;16.4;0;
TOUROUVRE_SAPC;20180511;0.0;3.7;20.4;0;
TOUROUVRE_SAPC;20180512;6.5;7.8;14.2;0;
TOUROUVRE_SAPC;20180513;0.0;6.4;15.5;0;
TOUROUVRE_SAPC;20180514;0.0;7.0;16.0;0;
TOUROUVRE_SAPC;20180515;0.0;10.2;21.9;0;
TOUROUVRE_SAPC;20180516;0.0;10.3;21.8;0;
TOUROUVRE_SAPC;20180517;0.0;8.7;18.6;0;
TOUROUVRE_SAPC;20180518;0.0;4.5;18.3;0;
TOUROUVRE_SAPC;20180519;0.2;5.3;19.2;0;
TOUROUVRE_SAPC;20180520;0.0;6.3;21.2;0;
TOUROUVRE_SAPC;20180521;0.0;8.5;22.6;0;
TOUROUVRE_SAPC;20180522;0.0;11.7;23.8;0;
TOUROUVRE_SAPC;20180523;0.0;10.3;22.0;0;
TOUROUVRE_SAPC;20180524;0.0;10.4;23.8;0;
TOUROUVRE_SAPC;20180525;8.9;9.9;22.1;0;
TOUROUVRE_SAPC;20180526;7.6;14.0;27.0;0;
TOUROUVRE_SAPC;20180527;0.2;13.1;24.7;0;
TOUROUVRE_SAPC;20180528;53.1;12.9;26.2;0;
TOUROUVRE_SAPC;20180529;15.9;14.1;22.6;0;
TOUROUVRE_SAPC;20180530;7.3;14.7;23.5;0;
TOUROUVRE_SAPC;20180531;0.2;14.8;22.6;0;
TOUROUVRE_SAPC;20180601;0.2;14.6;20.8;0;
TOUROUVRE_SAPC;20180602;0.0;9.4;23.9;0;
TOUROUVRE_SAPC;20180603;1.2;12.9;24.8;0;
TOUROUVRE_SAPC;20180604;1.8;15.2;23.1;0;
TOUROUVRE_SAPC;20180605;9.0;15.1;16.5;0;
TOUROUVRE_SAPC;20180606;1.2;13.3;18.7;0;
TOUROUVRE_SAPC;20180607;0.0;15.3;23.9;0;
TOUROUVRE_SAPC;20180608;2.7;11.6;25.3;0;
TOUROUVRE_SAPC;20180609;4.2;15.9;24.0;0;
TOUROUVRE_SAPC;20180610;1.2;15.3;24.4;0;
TOUROUVRE_SAPC;20180611;50.9;16.4;19.6;0;
TOUROUVRE_SAPC;20180612;2.4;13.8;19.1;0;
TOUROUVRE_SAPC;20180613;0.0;9.6;19.7;0;
TOUROUVRE_SAPC;20180614;1.2;8.7;19.7;0;
TOUROUVRE_SAPC;20180615;0.0;8.4;23.1;0;
TOUROUVRE_SAPC;20180616;0.0;9.8;20.9;0;
TOUROUVRE_SAPC;20180617;0.4;9.2;20.6;0;
TOUROUVRE_SAPC;20180618;0.4;14.5;21.8;0;
TOUROUVRE_SAPC;20180619;0.2;13.3;25.6;0;
TOUROUVRE_SAPC;20180620;0.0;12.9;29.1;0;
TOUROUVRE_SAPC;20180621;0.0;14.3;20.2;0;
TOUROUVRE_SAPC;20180622;0.2;5.6;21.1;0;
TOUROUVRE_SAPC;20180623;0.0;8.1;22.0;0;
TOUROUVRE_SAPC;20180624;0.0;9.7;23.3;0;
TOUROUVRE_SAPC;20180625;0.0;10.5;25.3;0;
TOUROUVRE_SAPC;20180626;0.0;12.8;27.0;0;
TOUROUVRE_SAPC;20180627;0.0;12.5;28.4;0;
TOUROUVRE_SAPC;20180628;0.0;14.6;27.3;0;
TOUROUVRE_SAPC;20180629;0.0;14.9;28.2;0;
TOUROUVRE_SAPC;20180630;0.0;15.7;30.8;0;
TOUROUVRE_SAPC;20180701;1.8;18.4;33.1;0;
TOUROUVRE_SAPC;20180702;3.4;17.8;28.2;0;
TOUROUVRE_SAPC;20180703;0.2;15.8;27.2;0;
TOUROUVRE_SAPC;20180704;0.2;13.1;27.0;0;
TOUROUVRE_SAPC;20180705;0.0;16.2;24.6;0;
TOUROUVRE_SAPC;20180706;0.0;11.2;28.9;0;
TOUROUVRE_SAPC;20180707;0.0;15.9;31.2;0;
TOUROUVRE_SAPC;20180708;0.0;16.8;29.8;0;
TOUROUVRE_SAPC;20180709;0.0;14.4;28.4;0;
TOUROUVRE_SAPC;20180710;0.0;14.0;25.2;0;
TOUROUVRE_SAPC;20180711;0.0;10.6;24.8;0;
TOUROUVRE_SAPC;20180712;0.0;12.6;25.8;0;
TOUROUVRE_SAPC;20180713;0.0;16.4;26.9;0;
TOUROUVRE_SAPC;20180714;13.3;14.7;29.9;0;
TOUROUVRE_SAPC;20180715;1.1;15.0;30.4;0;
TOUROUVRE_SAPC;20180716;0.2;14.6;28.8;0;
TOUROUVRE_SAPC;20180717;0.0;15.3;24.5;0;
TOUROUVRE_SAPC;20180718;0.0;15.1;28.4;0;
TOUROUVRE_SAPC;20180719;30.0;16.1;29.6;0;
TOUROUVRE_SAPC;20180720;2.0;16.5;19.8;0;
TOUROUVRE_SAPC;20180721;0.0;12.1;23.3;0;
TOUROUVRE_SAPC;20180722;0.0;12.2;26.0;0;
TOUROUVRE_SAPC;20180723;0.0;13.1;29.3;0;
TOUROUVRE_SAPC;20180724;0.2;17.8;30.5;0;
TOUROUVRE_SAPC;20180725;0.2;16.1;31.6;0;
TOUROUVRE_SAPC;20180726;0.0;17.0;33.1;0;
TOUROUVRE_SAPC;20180727;0.2;17.8;29.7;0;
TOUROUVRE_SAPC;20180728;0.2;16.7;23.3;0;
TOUROUVRE_SAPC;20180729;0.0;14.8;23.5;0;
TOUROUVRE_SAPC;20180730;0.6;18.1;26.7;0;
TOUROUVRE_SAPC;20180731;0.0;15.1;25.8;0;
TOUROUVRE_SAPC;20180801;0.0;15.0;28.4;0;
TOUROUVRE_SAPC;20180802;0.0;15.2;31.8;0;
TOUROUVRE_SAPC;20180803;0.0;17.8;33.4;0;
TOUROUVRE_SAPC;20180804;0.0;17.3;30.8;0;
TOUROUVRE_SAPC;20180805;0.0;16.4;30.6;0;
TOUROUVRE_SAPC;20180806;0.0;12.5;33.3;0;
TOUROUVRE_SAPC;20180807;0.0;15.4;32.8;0;
TOUROUVRE_SAPC;20180808;3.6;15.6;24.5;0;
TOUROUVRE_SAPC;20180809;8.9;13.5;18.5;0;
TOUROUVRE_SAPC;20180810;0.8;8.2;20.8;0;
TOUROUVRE_SAPC;20180811;0.0;10.3;23.8;0;
TOUROUVRE_SAPC;20180812;4.0;11.0;26.4;0;
TOUROUVRE_SAPC;20180813;0.0;15.4;22.5;0;
TOUROUVRE_SAPC;20180814;0.0;12.1;23.0;0;
TOUROUVRE_SAPC;20180815;0.2;15.4;23.1;0;
TOUROUVRE_SAPC;20180816;3.4;10.4;28.0;0;
TOUROUVRE_SAPC;20180817;0.0;13.2;22.4;0;
TOUROUVRE_SAPC;20180818;0.2;8.5;22.7;0;
TOUROUVRE_SAPC;20180819;0.0;9.6;27.7;0;
TOUROUVRE_SAPC;20180820;0.2;17.2;26.7;0;
TOUROUVRE_SAPC;20180821;0.0;15.9;26.3;0;
TOUROUVRE_SAPC;20180822;0.0;14.9;28.8;0;
TOUROUVRE_SAPC;20180823;1.4;15.9;24.6;0;
TOUROUVRE_SAPC;20180824;0.4;11.1;20.1;0;
TOUROUVRE_SAPC;20180825;0.0;11.6;19.5;0;
TOUROUVRE_SAPC;20180826;0.8;5.4;22.4;0;
TOUROUVRE_SAPC;20180827;0.2;15.6;22.0;0;
TOUROUVRE_SAPC;20180828;20.4;8.3;27.5;0;
TOUROUVRE_SAPC;20180829;1.8;14.7;18.0;0;
TOUROUVRE_SAPC;20180830;0.0;10.2;19.1;0;
TOUROUVRE_SAPC;20180831;0.2;11.5;22.1;0;
TOUROUVRE_SAPC;20180901;0.0;8.5;23.0;0;
TOUROUVRE_SAPC;20180902;0.0;7.2;23.5;0;
TOUROUVRE_SAPC;20180903;0.0;11.1;24.0;0;
TOUROUVRE_SAPC;20180904;0.4;13.0;21.1;0;
TOUROUVRE_SAPC;20180905;0.8;16.0;21.4;0;
TOUROUVRE_SAPC;20180906;0.0;15.4;21.3;0;
TOUROUVRE_SAPC;20180907;0.0;9.2;20.6;0;
TOUROUVRE_SAPC;20180908;0.2;6.4;23.3;0;
TOUROUVRE_SAPC;20180909;0.2;7.5;28.0;0;
TOUROUVRE_SAPC;20180910;0.0;9.0;24.7;0;
TOUROUVRE_SAPC;20180911;0.2;8.0;27.1;0;
TOUROUVRE_SAPC;20180912;1.0;8.4;26.4;0;
TOUROUVRE_SAPC;20180913;0.4;13.8;18.0;0;
TOUROUVRE_SAPC;20180914;0.2;9.0;20.3;0;
TOUROUVRE_SAPC;20180915;0.2;4.0;21.6;0;
TOUROUVRE_SAPC;20180916;0.0;6.3;23.6;0;
TOUROUVRE_SAPC;20180917;0.0;5.5;28.2;0;
TOUROUVRE_SAPC;20180918;0.0;11.9;24.8;0;
TOUROUVRE_SAPC;20180919;0.0;13.3;24.1;0;
TOUROUVRE_SAPC;20180920;4.5;11.8;23.8;0;
TOUROUVRE_SAPC;20180921;0.0;12.7;17.4;0;
TOUROUVRE_SAPC;20180922;1.8;7.4;18.9;0;
TOUROUVRE_SAPC;20180923;4.9;10.9;19.2;0;
TOUROUVRE_SAPC;20180924;0.0;4.6;15.5;0;
TOUROUVRE_SAPC;20180925;0.0;5.4;16.4;0;
TOUROUVRE_SAPC;20180926;0.0;3.3;21.5;0;
TOUROUVRE_SAPC;20180927;0.2;4.1;25.8;0;
TOUROUVRE_SAPC;20180928;0.0;8.6;19.9;0;
TOUROUVRE_SAPC;20180929;0.0;6.4;17.4;0;
TOUROUVRE_SAPC;20180930;0.4;2.1;17.5;0;
TOUROUVRE_SAPC;20181001;0.0;7.4;15.0;0;
TOUROUVRE_SAPC;20181002;0.0;3.8;15.0;0;
TOUROUVRE_SAPC;20181003;0.8;13.1;19.8;0;
TOUROUVRE_SAPC;20181004;0.2;8.2;21.0;0;
TOUROUVRE_SAPC;20181005;0.0;4.6;24.2;0;
TOUROUVRE_SAPC;20181006;6.7;4.8;18.2;0;
TOUROUVRE_SAPC;20181007;1.0;10.7;12.3;0;
TOUROUVRE_SAPC;20181008;0.2;4.3;16.2;0;
TOUROUVRE_SAPC;20181009;0.2;5.4;22.1;0;
TOUROUVRE_SAPC;20181010;3.3;8.8;23.8;0;
TOUROUVRE_SAPC;20181011;1.7;11.8;21.5;0;
TOUROUVRE_SAPC;20181012;0.0;10.6;21.7;0;
TOUROUVRE_SAPC;20181013;0.2;13.4;24.3;0;
TOUROUVRE_SAPC;20181014;0.8;13.8;23.8;0;
TOUROUVRE_SAPC;20181015;0.0;14.1;22.7;0;
TOUROUVRE_SAPC;20181016;0.2;8.0;20.3;0;
TOUROUVRE_SAPC;20181017;0.0;6.2;21.5;0;
TOUROUVRE_SAPC;20181018;0.0;10.4;18.1;0;
TOUROUVRE_SAPC;20181019;0.2;8.3;14.4;0;
TOUROUVRE_SAPC;20181020;0.0;6.5;16.1;0;
TOUROUVRE_SAPC;20181021;0.2;5.1;18.2;0;
TOUROUVRE_SAPC;20181022;0.0;10.2;13.5;0;
TOUROUVRE_SAPC;20181023;0.0;1.4;16.4;0;
TOUROUVRE_SAPC;20181024;0.2;8.4;18.5;0;
TOUROUVRE_SAPC;20181025;0.0;8.0;15.3;0;
TOUROUVRE_SAPC;20181026;0.0;6.6;13.3;0;
TOUROUVRE_SAPC;20181027;0.4;0.9;9.7;0;
TOUROUVRE_SAPC;20181028;0.2;2.8;7.0;0;
TOUROUVRE_SAPC;20181029;1.6;2.0;6.0;0;
TOUROUVRE_SAPC;20181030;0.0;3.2;10.5;204;
TOUROUVRE_SAPC;20181031;5.6;-0.7;10.6;131;
TOUROUVRE_SAPC;20181101;2.0;8.2;11.4;0;
TOUROUVRE_SAPC;20181102;0.0;1.3;11.4;91;
TOUROUVRE_SAPC;20181103;0.2;-2.2;10.3;509;
TOUROUVRE_SAPC;20181104;0.0;2.1;13.0;0;
TOUROUVRE_SAPC;20181105;0.6;5.8;16.4;0;
TOUROUVRE_SAPC;20181106;7.5;7.4;13.3;0;
TOUROUVRE_SAPC;20181107;6.6;9.0;12.3;0;
TOUROUVRE_SAPC;20181108;0.2;4.9;12.1;0;
TOUROUVRE_SAPC;20181109;5.8;4.3;13.0;0;
TOUROUVRE_SAPC;20181110;10.8;10.2;12.9;0;
TOUROUVRE_SAPC;20181111;18.1;8.9;11.0;0;
TOUROUVRE_SAPC;20181112;2.0;9.1;11.5;0;
TOUROUVRE_SAPC;20181113;0.0;6.4;13.9;0;
TOUROUVRE_SAPC;20181114;0.0;2.3;14.7;0;
TOUROUVRE_SAPC;20181115;0.0;4.5;12.6;0;
TOUROUVRE_SAPC;20181116;0.0;7.2;9.7;0;
TOUROUVRE_SAPC;20181117;0.0;2.8;6.2;0;
TOUROUVRE_SAPC;20181118;0.0;0.2;6.1;0;
TOUROUVRE_SAPC;20181119;2.4;-1.2;3.6;338;
TOUROUVRE_SAPC;20181120;4.0;0.4;1.2;0;
TOUROUVRE_SAPC;20181121;0.0;-1.0;5.6;752;
TOUROUVRE_SAPC;20181122;0.2;-1.6;5.1;38;
TOUROUVRE_SAPC;20181123;1.6;1.7;11.5;0;
TOUROUVRE_SAPC;20181124;4.2;4.4;9.0;0;
TOUROUVRE_SAPC;20181125;0.8;3.2;6.9;0;
TOUROUVRE_SAPC;20181126;0.0;2.4;5.7;0;
TOUROUVRE_SAPC;20181127;11.9;-1.4;10.7;165;
TOUROUVRE_SAPC;20181128;0.2;7.2;10.9;0;
TOUROUVRE_SAPC;20181129;0.0;9.1;12.2;0;
TOUROUVRE_SAPC;20181130;0.0;6.2;11.7;0;
TOUROUVRE_SAPC;20181201;17.4;3.4;13.3;0;
TOUROUVRE_SAPC;20181202;0.8;10.8;14.5;0;
TOUROUVRE_SAPC;20181203;11.9;10.2;13.0;0;
TOUROUVRE_SAPC;20181204;0.0;8.3;11.7;0;
TOUROUVRE_SAPC;20181205;2.0;8.2;11.9;0;
TOUROUVRE_SAPC;20181206;0.0;10.2;12.4;0;
TOUROUVRE_SAPC;20181207;6.7;6.2;11.0;0;
TOUROUVRE_SAPC;20181208;4.8;5.2;11.6;0;
TOUROUVRE_SAPC;20181209;3.6;7.3;11.1;0;
TOUROUVRE_SAPC;20181210;0.0;5.2;10.3;0;
TOUROUVRE_SAPC;20181211;0.0;-1.8;9.1;444;
TOUROUVRE_SAPC;20181212;0.0;0.3;4.6;159;
TOUROUVRE_SAPC;20181213;0.0;-1.6;3.3;863;
TOUROUVRE_SAPC;20181214;0.0;-4.1;1.7;1205;
TOUROUVRE_SAPC;20181215;11.0;-5.2;2.0;895;
TOUROUVRE_SAPC;20181216;3.0;0.4;7.2;0;
TOUROUVRE_SAPC;20181217;0.0;1.7;7.7;0;
TOUROUVRE_SAPC;20181218;0.8;4.5;8.1;0;
TOUROUVRE_SAPC;20181219;0.6;6.3;8.7;0;
TOUROUVRE_SAPC;20181220;4.6;5.6;11.4;0;
TOUROUVRE_SAPC;20181221;4.6;6.8;13.7;0;
TOUROUVRE_SAPC;20181222;0.0;8.4;12.0;0;
TOUROUVRE_SAPC;20181223;2.4;6.7;12.5;0;
TOUROUVRE_SAPC;20181224;0.0;6.6;8.9;0;
TOUROUVRE_SAPC;20181225;0.2;-1.1;6.9;367;
TOUROUVRE_SAPC;20181226;0.2;-1.7;7.2;880;
TOUROUVRE_SAPC;20181227;0.0;-3.4;-0.8;1440;
TOUROUVRE_SAPC;20181228;0.2;-2.2;4.3;514;
TOUROUVRE_SAPC;20181229;0.0;3.4;6.9;0;
TOUROUVRE_SAPC;20181230;0.0;4.5;8.6;0;
TOUROUVRE_SAPC;20181231;0.0;6.8;8.3;0;
TOUROUVRE_SAPC;20190101;0.0;5.7;7.7;0;
TOUROUVRE_SAPC;20190102;0.0;3.4;5.5;0;
TOUROUVRE_SAPC;20190103;0.0;0.3;5.3;0;
TOUROUVRE_SAPC;20190104;0.0;0.6;3.6;0;
TOUROUVRE_SAPC;20190105;0.0;2.7;4.1;0;
TOUROUVRE_SAPC;20190106;0.0;2.9;6.4;0;
TOUROUVRE_SAPC;20190107;0.0;4.0;8.4;0;
TOUROUVRE_SAPC;20190108;0.0;5.0;8.4;0;
TOUROUVRE_SAPC;20190109;0.0;1.1;5.0;0;
TOUROUVRE_SAPC;20190110;0.2;1.1;4.6;0;
TOUROUVRE_SAPC;20190111;0.0;1.9;7.9;0;
TOUROUVRE_SAPC;20190112;0.0;5.0;8.7;0;
TOUROUVRE_SAPC;20190113;0.2;7.9;10.1;0;
TOUROUVRE_SAPC;20190114;0.0;5.5;7.7;0;
TOUROUVRE_SAPC;20190115;0.0;4.2;7.0;0;
TOUROUVRE_SAPC;20190116;1.4;-1.3;6.0;168;
TOUROUVRE_SAPC;20190117;0.2;0.9;7.9;284;
TOUROUVRE_SAPC;20190118;1.0;-3.3;4.6;903;
TOUROUVRE_SAPC;20190119;2.0;-1.9;2.7;428;
TOUROUVRE_SAPC;20190120;0.0;1.7;3.0;0;
TOUROUVRE_SAPC;20190121;1.5;-3.0;3.8;1051;
TOUROUVRE_SAPC;20190122;7.0;-4.4;2.7;517;
TOUROUVRE_SAPC;20190123;0.4;-0.3;3.3;16;
TOUROUVRE_SAPC;20190124;0.4;-2.6;4.3;404;
TOUROUVRE_SAPC;20190125;0.0;1.1;8.0;0;
TOUROUVRE_SAPC;20190126;4.0;5.9;7.9;0;
TOUROUVRE_SAPC;20190127;7.0;2.7;6.1;0;
TOUROUVRE_SAPC;20190128;0.0;-1.2;6.3;450;
TOUROUVRE_SAPC;20190129;17.0;-2.1;2.9;449;
TOUROUVRE_SAPC;20190130;3.0;-1.9;1.5;390;
TOUROUVRE_SAPC;20190131;2.0;-2.4;3.6;914;
TOUROUVRE_SAPC;20190201;0.8;1.3;5.8;0;
TOUROUVRE_SAPC;20190202;0.8;1.4;3.8;0;
TOUROUVRE_SAPC;20190203;0.0;0.3;5.9;350;
TOUROUVRE_SAPC;20190204;2.8;-3.4;2.2;240;
TOUROUVRE_SAPC;20190205;0.0;1.1;5.5;0;
TOUROUVRE_SAPC;20190206;4.0;4.2;9.6;0;
TOUROUVRE_SAPC;20190207;0.0;3.8;9.4;0;
TOUROUVRE_SAPC;20190208;6.0;5.2;9.0;0;
TOUROUVRE_SAPC;20190209;19.0;6.6;10.6;0;
TOUROUVRE_SAPC;20190210;8.0;4.6;9.6;0;
TOUROUVRE_SAPC;20190211;0.0;1.0;8.1;0;
TOUROUVRE_SAPC;20190212;0.0;-2.5;9.1;621;
TOUROUVRE_SAPC;20190213;0.0;-2.1;10.3;505;
TOUROUVRE_SAPC;20190214;0.0;-1.9;14.0;349;
TOUROUVRE_SAPC;20190215;0.0;-2.2;15.0;342;
TOUROUVRE_SAPC;20190216;0.0;-2.4;14.8;486;
TOUROUVRE_SAPC;20190217;0.0;0.7;14.5;0;
TOUROUVRE_SAPC;20190218;0.6;-1.7;11.7;297;
TOUROUVRE_SAPC;20190219;0.0;4.1;8.5;0;
TOUROUVRE_SAPC;20190220;0.0;-1.1;13.6;317;
TOUROUVRE_SAPC;20190221;0.0;0.6;14.1;100;
TOUROUVRE_SAPC;20190222;0.0;-2.6;17.9;466;
TOUROUVRE_SAPC;20190223;0.0;4.0;15.7;0;
TOUROUVRE_SAPC;20190224;0.0;1.5;14.0;0;
TOUROUVRE_SAPC;20190225;0.0;2.2;16.8;0;
TOUROUVRE_SAPC;20190226;0.0;0.8;17.9;0;
TOUROUVRE_SAPC;20190227;0.2;-1.2;19.7;219;
TOUROUVRE_SAPC;20190228;6.5;2.4;13.4;0;
TOUROUVRE_SAPC;20190301;3.4;7.8;10.5;0;
TOUROUVRE_SAPC;20190302;0.0;6.7;12.4;0;
TOUROUVRE_SAPC;20190303;5.4;9.1;13.2;0;
TOUROUVRE_SAPC;20190304;3.0;5.1;8.1;0;
TOUROUVRE_SAPC;20190305;0.2;3.0;11.6;0;
TOUROUVRE_SAPC;20190306;8.7;7.7;10.9;0;
TOUROUVRE_SAPC;20190307;0.6;5.3;11.1;0;
TOUROUVRE_SAPC;20190308;1.0;0.3;10.6;0;
TOUROUVRE_SAPC;20190309;3.4;7.2;14.1;0;
TOUROUVRE_SAPC;20190310;1.4;7.1;11.6;0;
TOUROUVRE_SAPC;20190311;0.2;2.7;9.9;0;
TOUROUVRE_SAPC;20190312;4.2;0.1;9.7;0;
TOUROUVRE_SAPC;20190313;1.2;2.9;9.9;0;
TOUROUVRE_SAPC;20190314;7.4;4.6;10.6;0;
TOUROUVRE_SAPC;20190315;0.0;9.9;12.2;0;
TOUROUVRE_SAPC;20190316;7.5;7.8;13.1;0;
TOUROUVRE_SAPC;20190317;5.6;3.4;7.4;0;
TOUROUVRE_SAPC;20190318;2.4;0.5;9.9;0;
TOUROUVRE_SAPC;20190319;0.0;2.8;9.9;0;
TOUROUVRE_SAPC;20190320;0.2;-1.0;13.5;245;
TOUROUVRE_SAPC;20190321;0.2;4.4;14.1;0;
TOUROUVRE_SAPC;20190322;0.0;4.7;16.5;0;
TOUROUVRE_SAPC;20190323;0.2;3.4;13.1;0;
TOUROUVRE_SAPC;20190324;0.0;4.3;11.8;0;
TOUROUVRE_SAPC;20190325;0.0;3.9;11.2;0;
TOUROUVRE_SAPC;20190326;0.0;0.0;11.9;12;
TOUROUVRE_SAPC;20190327;0.2;1.0;11.3;0;
TOUROUVRE_SAPC;20190328;0.0;5.5;11.1;0;
TOUROUVRE_SAPC;20190329;0.0;3.7;16.8;0;
TOUROUVRE_SAPC;20190330;0.2;3.1;18.3;0;
TOUROUVRE_SAPC;20190331;0.0;0.8;18.2;0;
TOUROUVRE_SAPC;20190401;0.4;5.2;18.2;0;
TOUROUVRE_SAPC;20190402;3.0;5.0;11.1;0;
TOUROUVRE_SAPC;20190403;1.6;2.1;7.8;218;
TOUROUVRE_SAPC;20190404;0.2;-3.4;10.5;456;
TOUROUVRE_SAPC;20190405;0.0;3.2;11.2;0;
TOUROUVRE_SAPC;20190406;0.0;2.1;15.0;0;
TOUROUVRE_SAPC;20190407;0.0;0.7;14.2;0;
TOUROUVRE_SAPC;20190408;0.2;-0.5;15.6;98;
TOUROUVRE_SAPC;20190409;6.5;2.8;15.0;0;
TOUROUVRE_SAPC;20190410;1.2;3.4;9.9;0;
TOUROUVRE_SAPC;20190411;0.0;1.5;12.8;0;
TOUROUVRE_SAPC;20190412;0.2;-0.5;11.7;74;
TOUROUVRE_SAPC;20190413;0.0;-1.3;9.1;320;
TOUROUVRE_SAPC;20190414;0.0;-1.5;9.8;349;
TOUROUVRE_SAPC;20190415;3.0;0.0;14.6;4;
TOUROUVRE_SAPC;20190416;0.6;6.8;12.8;0;
TOUROUVRE_SAPC;20190417;0.0;1.4;17.7;0;
TOUROUVRE_SAPC;20190418;0.0;7.6;21.2;0;
TOUROUVRE_SAPC;20190419;0.0;9.1;23.0;0;
TOUROUVRE_SAPC;20190420;0.0;9.7;23.5;0;
TOUROUVRE_SAPC;20190421;0.0;10.0;23.1;0;
TOUROUVRE_SAPC;20190422;0.0;6.3;21.1;0;
TOUROUVRE_SAPC;20190423;1.6;9.2;18.9;0;
TOUROUVRE_SAPC;20190424;15.9;9.7;12.3;0;
TOUROUVRE_SAPC;20190425;5.5;7.7;13.6;0;
TOUROUVRE_SAPC;20190426;1.4;2.5;15.0;0;
TOUROUVRE_SAPC;20190427;5.4;6.0;11.7;0;
TOUROUVRE_SAPC;20190428;0.2;3.2;13.1;0;
TOUROUVRE_SAPC;20190429;0.2;2.5;16.0;0;
TOUROUVRE_SAPC;20190430;0.0;4.4;17.2;0;
TOUROUVRE_SAPC;20190501;0.0;3.7;16.9;0;
TOUROUVRE_SAPC;20190502;0.2;7.9;14.4;0;
TOUROUVRE_SAPC;20190503;0.0;3.1;14.4;0;
TOUROUVRE_SAPC;20190504;5.8;2.2;9.2;0;
TOUROUVRE_SAPC;20190505;0.0;2.4;11.1;0;
TOUROUVRE_SAPC;20190506;0.0;-1.6;14.1;217;
TOUROUVRE_SAPC;20190507;1.8;1.8;14.8;0;
TOUROUVRE_SAPC;20190508;11.6;8.7;16.2;0;
TOUROUVRE_SAPC;20190509;1.2;8.3;13.4;0;
TOUROUVRE_SAPC;20190510;24.2;6.0;13.5;0;
TOUROUVRE_SAPC;20190511;2.0;7.9;15.7;0;
TOUROUVRE_SAPC;20190512;0.0;4.6;15.3;0;
TOUROUVRE_SAPC;20190513;0.0;3.7;15.8;0;
TOUROUVRE_SAPC;20190514;0.0;5.3;17.0;0;
TOUROUVRE_SAPC;20190515;0.0;5.2;17.2;0;
TOUROUVRE_SAPC;20190516;0.0;5.2;16.6;0;
TOUROUVRE_SAPC;20190517;2.6;7.3;17.7;0;
TOUROUVRE_SAPC;20190518;4.8;9.4;14.6;0;
TOUROUVRE_SAPC;20190519;0.2;10.3;16.3;0;
TOUROUVRE_SAPC;20190520;0.4;8.6;17.1;0;
TOUROUVRE_SAPC;20190521;5.0;8.0;19.3;0;
TOUROUVRE_SAPC;20190522;0.2;5.4;20.4;0;
TOUROUVRE_SAPC;20190523;2.0;6.2;22.4;0;
TOUROUVRE_SAPC;20190524;0.0;10.3;19.5;0;
TOUROUVRE_SAPC;20190525;0.0;9.4;21.1;0;
TOUROUVRE_SAPC;20190526;0.2;7.1;16.4;0;
TOUROUVRE_SAPC;20190527;0.0;12.8;19.0;0;
TOUROUVRE_SAPC;20190528;2.0;7.0;16.1;0;
TOUROUVRE_SAPC;20190529;0.0;3.2;16.5;0;
TOUROUVRE_SAPC;20190530;0.0;12.8;18.5;0;
TOUROUVRE_SAPC;20190531;0.0;8.9;24.4;0;
TOUROUVRE_SAPC;20190601;0.0;9.6;27.2;0;
TOUROUVRE_SAPC;20190602;0.0;11.0;27.4;0;
TOUROUVRE_SAPC;20190603;0.0;13.5;20.8;0;
TOUROUVRE_SAPC;20190604;4.0;9.3;23.5;0;
TOUROUVRE_SAPC;20190605;7.0;11.1;14.0;0;
TOUROUVRE_SAPC;20190606;2.5;9.3;18.5;0;
TOUROUVRE_SAPC;20190607;10.0;10.9;16.0;0;
TOUROUVRE_SAPC;20190608;0.0;9.9;17.8;0;
TOUROUVRE_SAPC;20190609;15.0;8.3;19.9;0;
TOUROUVRE_SAPC;20190610;1.5;10.3;14.8;0;
TOUROUVRE_SAPC;20190611;2.0;4.1;16.6;0;
TOUROUVRE_SAPC;20190612;7.0;7.5;15.2;;
TOUROUVRE_SAPC;20190613;1.2;9.7;18.8;0;
TOUROUVRE_SAPC;20190614;0.0;6.6;20.2;0;
TOUROUVRE_SAPC;20190615;0.4;7.4;18.8;0;
TOUROUVRE_SAPC;20190616;0.2;12.7;20.7;0;
TOUROUVRE_SAPC;20190617;0.2;7.0;25.9;0;
TOUROUVRE_SAPC;20190618;0.0;12.9;27.6;0;
TOUROUVRE_SAPC;20190619;5.4;14.1;22.3;0;
TOUROUVRE_SAPC;20190620;0.0;12.3;20.1;0;
TOUROUVRE_SAPC;20190621;0.0;9.2;21.7;0;
TOUROUVRE_SAPC;20190622;0.2;9.6;23.7;0;
TOUROUVRE_SAPC;20190623;0.0;12.8;27.2;0;
TOUROUVRE_SAPC;20190624;1.8;14.6;24.4;0;
TOUROUVRE_SAPC;20190625;0.0;15.2;29.5;0;
TOUROUVRE_SAPC;20190626;0.2;17.5;32.3;0;
TOUROUVRE_SAPC;20190627;0.0;17.2;31.9;0;
TOUROUVRE_SAPC;20190628;0.0;16.4;33.0;0;
TOUROUVRE_SAPC;20190629;0.0;14.8;36.5;0;
TOUROUVRE_SAPC;20190630;1.0;14.7;25.8;0;
TOUROUVRE_SAPC;20190701;0.2;12.1;22.1;0;
TOUROUVRE_SAPC;20190702;0.0;8.5;25.5;0;
TOUROUVRE_SAPC;20190703;0.0;11.4;25.6;0;
TOUROUVRE_SAPC;20190704;0.2;11.1;28.2;0;
TOUROUVRE_SAPC;20190705;0.0;11.2;31.6;0;
TOUROUVRE_SAPC;20190706;0.0;14.4;30.2;0;
TOUROUVRE_SAPC;20190707;0.0;10.6;27.5;0;
TOUROUVRE_SAPC;20190708;0.0;12.9;24.3;0;
TOUROUVRE_SAPC;20190709;0.0;9.8;25.6;0;
TOUROUVRE_SAPC;20190710;0.0;10.9;27.5;0;
TOUROUVRE_SAPC;20190711;0.0;15.8;28.8;0;
TOUROUVRE_SAPC;20190712;0.0;11.1;25.6;0;
TOUROUVRE_SAPC;20190713;0.2;11.2;26.8;0;
TOUROUVRE_SAPC;20190714;0.0;12.6;23.2;0;
TOUROUVRE_SAPC;20190715;0.0;10.2;25.0;0;
TOUROUVRE_SAPC;20190716;0.0;9.8;27.1;0;
TOUROUVRE_SAPC;20190717;0.0;10.1;27.5;0;
TOUROUVRE_SAPC;20190718;2.8;11.4;22.3;0;
TOUROUVRE_SAPC;20190719;0.0;13.3;26.1;0;
TOUROUVRE_SAPC;20190720;6.4;13.2;25.2;0;
TOUROUVRE_SAPC;20190721;0.0;10.2;25.9;0;
TOUROUVRE_SAPC;20190722;0.0;11.4;31.4;0;
TOUROUVRE_SAPC;20190723;0.0;16.9;37.6;0;
TOUROUVRE_SAPC;20190724;0.0;16.9;35.0;0;
TOUROUVRE_SAPC;20190725;1.4;18.8;39.1;0;
TOUROUVRE_SAPC;20190726;3.0;18.4;25.3;0;
TOUROUVRE_SAPC;20190727;0.0;15.0;24.2;0;
TOUROUVRE_SAPC;20190728;0.0;11.7;23.3;0;
TOUROUVRE_SAPC;20190729;0.0;7.9;27.4;0;
TOUROUVRE_SAPC;20190730;6.1;14.6;22.1;0;
TOUROUVRE_SAPC;20190731;0.0;12.8;23.3;0;
TOUROUVRE_SAPC;20190801;0.0;13.6;24.8;0;
TOUROUVRE_SAPC;20190802;0.0;13.7;26.8;0;
TOUROUVRE_SAPC;20190803;0.0;12.0;26.8;0;
TOUROUVRE_SAPC;20190804;0.0;12.3;30.5;0;
TOUROUVRE_SAPC;20190805;0.0;13.1;24.8;0;
TOUROUVRE_SAPC;20190806;7.5;15.5;21.5;0;
TOUROUVRE_SAPC;20190807;0.0;14.6;24.6;0;
TOUROUVRE_SAPC;20190808;1.6;10.7;28.6;0;
TOUROUVRE_SAPC;20190809;2.2;16.5;23.5;0;
TOUROUVRE_SAPC;20190810;0.0;15.9;24.3;0;
TOUROUVRE_SAPC;20190811;0.0;9.9;22.2;0;
TOUROUVRE_SAPC;20190812;3.6;7.9;19.7;0;
TOUROUVRE_SAPC;20190813;0.2;4.4;19.9;0;
TOUROUVRE_SAPC;20190814;1.8;8.9;22.4;0;
TOUROUVRE_SAPC;20190815;0.4;13.9;22.3;0;
TOUROUVRE_SAPC;20190816;0.2;9.3;21.1;0;
TOUROUVRE_SAPC;20190817;13.5;16.6;19.8;0;
TOUROUVRE_SAPC;20190818;3.3;13.8;21.5;0;
TOUROUVRE_SAPC;20190819;0.2;7.6;21.6;0;
TOUROUVRE_SAPC;20190820;0.0;9.6;21.9;0;
TOUROUVRE_SAPC;20190821;0.2;8.2;24.4;0;
TOUROUVRE_SAPC;20190822;0.0;11.3;27.0;0;
TOUROUVRE_SAPC;20190823;0.0;11.9;28.4;0;
TOUROUVRE_SAPC;20190824;0.0;12.4;31.0;0;
TOUROUVRE_SAPC;20190825;0.0;11.5;33.4;0;
TOUROUVRE_SAPC;20190826;0.0;14.0;33.2;0;
TOUROUVRE_SAPC;20190827;0.0;14.9;32.0;0;
TOUROUVRE_SAPC;20190828;0.2;13.1;24.0;0;
TOUROUVRE_SAPC;20190829;0.0;11.6;23.9;0;
TOUROUVRE_SAPC;20190830;0.0;8.5;27.3;0;
TOUROUVRE_SAPC;20190831;0.0;13.0;27.6;0;
TOUROUVRE_SAPC;20190901;0.0;11.3;21.6;0;
TOUROUVRE_SAPC;20190902;0.0;6.4;22.1;0;
TOUROUVRE_SAPC;20190903;0.2;5.8;22.8;0;
TOUROUVRE_SAPC;20190904;0.0;6.3;20.9;0;
TOUROUVRE_SAPC;20190905;0.2;7.1;19.2;0;
TOUROUVRE_SAPC;20190906;0.6;2.0;20.6;0;
TOUROUVRE_SAPC;20190907;0.0;10.5;18.7;0;
TOUROUVRE_SAPC;20190908;0.0;6.8;18.5;0;
TOUROUVRE_SAPC;20190909;1.6;4.4;18.5;0;
TOUROUVRE_SAPC;20190910;0.0;9.6;21.6;0;
TOUROUVRE_SAPC;20190911;0.0;8.3;22.9;0;
TOUROUVRE_SAPC;20190912;0.0;12.5;22.0;0;
TOUROUVRE_SAPC;20190913;0.0;9.0;24.3;0;
TOUROUVRE_SAPC;20190914;0.0;12.1;25.8;0;
TOUROUVRE_SAPC;20190915;0.2;8.4;28.5;0;
TOUROUVRE_SAPC;20190916;0.0;10.1;26.7;0;
TOUROUVRE_SAPC;20190917;0.0;14.5;22.5;0;
TOUROUVRE_SAPC;20190918;0.0;8.4;19.7;0;
TOUROUVRE_SAPC;20190919;0.0;8.1;19.7;0;
TOUROUVRE_SAPC;20190920;0.0;7.6;23.5;0;
TOUROUVRE_SAPC;20190921;0.0;9.2;28.1;0;
TOUROUVRE_SAPC;20190922;0.8;15.2;20.6;0;
TOUROUVRE_SAPC;20190923;1.2;10.3;20.3;0;
TOUROUVRE_SAPC;20190924;9.1;13.6;19.3;0;
TOUROUVRE_SAPC;20190925;2.2;12.4;18.3;0;
TOUROUVRE_SAPC;20190926;4.4;14.9;18.4;0;
TOUROUVRE_SAPC;20190927;0.8;12.9;18.3;0;
TOUROUVRE_SAPC;20190928;1.4;12.7;19.0;0;
TOUROUVRE_SAPC;20190929;1.6;12.9;19.5;0;
TOUROUVRE_SAPC;20190930;5.9;10.0;16.9;0;
TOUROUVRE_SAPC;20191001;12.0;12.4;18.8;0;
TOUROUVRE_SAPC;20191002;0.0;9.6;15.0;0;
TOUROUVRE_SAPC;20191003;1.0;0.9;13.6;0;
TOUROUVRE_SAPC;20191004;1.2;8.6;14.4;0;
TOUROUVRE_SAPC;20191005;1.2;12.0;17.8;0;
TOUROUVRE_SAPC;20191006;0.2;12.3;17.0;0;
TOUROUVRE_SAPC;20191007;3.6;7.8;14.7;0;
TOUROUVRE_SAPC;20191008;7.9;10.8;15.6;0;
TOUROUVRE_SAPC;20191009;2.2;9.5;15.2;0;
TOUROUVRE_SAPC;20191010;0.0;8.7;16.4;0;
TOUROUVRE_SAPC;20191011;0.0;8.0;18.7;0;
TOUROUVRE_SAPC;20191012;0.0;11.4;18.5;0;
TOUROUVRE_SAPC;20191013;0.6;11.0;20.0;0;
TOUROUVRE_SAPC;20191014;20.6;12.4;21.5;0;
TOUROUVRE_SAPC;20191015;9.1;11.1;14.4;;
TOUROUVRE_SAPC;20191016;4.2;9.2;14.4;0;
TOUROUVRE_SAPC;20191017;9.1;9.2;16.0;0;
TOUROUVRE_SAPC;20191018;2.2;8.7;14.6;0;
TOUROUVRE_SAPC;20191019;6.1;9.7;14.2;0;
TOUROUVRE_SAPC;20191020;11.7;9.9;11.2;0;
TOUROUVRE_SAPC;20191021;0.0;8.6;14.4;0;
TOUROUVRE_SAPC;20191022;0.0;2.4;13.8;0;
TOUROUVRE_SAPC;20191023;0.2;9.5;16.6;0;
TOUROUVRE_SAPC;20191024;0.4;9.8;13.8;0;
TOUROUVRE_SAPC;20191025;0.6;9.1;16.1;0;
TOUROUVRE_SAPC;20191026;4.4;10.0;19.7;0;
TOUROUVRE_SAPC;20191027;3.9;6.3;8.4;0;
TOUROUVRE_SAPC;20191028;1.4;7.2;10.2;0;
TOUROUVRE_SAPC;20191029;8.6;6.6;8.8;0;
TOUROUVRE_SAPC;20191030;10.5;7.1;9.8;0;
TOUROUVRE_SAPC;20191031;14.9;8.3;11.8;0;
TOUROUVRE_SAPC;20191101;14.2;9.1;16.3;0;
TOUROUVRE_SAPC;20191102;9.5;10.4;12.9;0;
TOUROUVRE_SAPC;20191103;8.4;8.9;12.2;0;
TOUROUVRE_SAPC;20191104;4.0;8.5;12.6;0;
TOUROUVRE_SAPC;20191105;2.0;6.5;12.3;0;
TOUROUVRE_SAPC;20191106;16.9;5.7;10.5;0;
TOUROUVRE_SAPC;20191107;3.4;4.6;9.7;0;
TOUROUVRE_SAPC;20191108;2.4;3.2;8.2;0;
TOUROUVRE_SAPC;20191109;16.7;1.7;7.8;0;
TOUROUVRE_SAPC;20191110;1.2;4.7;6.6;0;
TOUROUVRE_SAPC;20191111;5.4;4.6;10.2;0;
TOUROUVRE_SAPC;20191112;4.8;1.9;7.5;0;
TOUROUVRE_SAPC;20191113;4.0;1.0;8.9;0;
TOUROUVRE_SAPC;20191114;0.0;1.8;7.3;0;
TOUROUVRE_SAPC;20191115;9.5;1.5;4.2;0;
TOUROUVRE_SAPC;20191116;0.6;2.6;6.7;0;
TOUROUVRE_SAPC;20191117;0.0;2.0;6.3;0;
TOUROUVRE_SAPC;20191118;0.4;2.1;8.4;0;
TOUROUVRE_SAPC;20191119;0.2;-1.4;8.7;573;
TOUROUVRE_SAPC;20191120;0.4;-0.7;6.4;403;
TOUROUVRE_SAPC;20191121;0.6;-0.3;6.8;83;
TOUROUVRE_SAPC;20191122;5.0;4.5;11.4;0;
TOUROUVRE_SAPC;20191123;2.4;8.3;10.1;0;
TOUROUVRE_SAPC;20191124;0.0;5.8;10.1;0;
TOUROUVRE_SAPC;20191125;2.2;7.7;10.7;0;
TOUROUVRE_SAPC;20191126;14.7;9.2;12.2;0;
TOUROUVRE_SAPC;20191127;2.0;8.9;11.5;0;
TOUROUVRE_SAPC;20191128;0.4;8.8;10.9;0;
TOUROUVRE_SAPC;20191129;0.6;5.2;10.1;0;
TOUROUVRE_SAPC;20191130;2.0;3.4;7.0;0;
TOUROUVRE_SAPC;20191201;0.0;1.9;4.3;0;
TOUROUVRE_SAPC;20191202;0.0;0.7;6.4;;
TOUROUVRE_SAPC;20191203;0.2;-2.3;2.7;258;
TOUROUVRE_SAPC;20191204;0.2;-1.3;6.0;855;
TOUROUVRE_SAPC;20191205;0.2;-4.2;0.6;1351;
TOUROUVRE_SAPC;20191206;1.8;-2.1;9.2;499;
TOUROUVRE_SAPC;20191207;1.2;7.0;10.8;0;
TOUROUVRE_SAPC;20191208;10.6;7.4;11.5;0;
TOUROUVRE_SAPC;20191209;3.4;5.4;9.6;53;
TOUROUVRE_SAPC;20191210;1.8;-2.2;7.6;567;
TOUROUVRE_SAPC;20191211;3.0;5.1;7.7;0;
TOUROUVRE_SAPC;20191212;17.0;1.2;8.5;0;
TOUROUVRE_SAPC;20191213;3.8;5.2;11.1;0;
TOUROUVRE_SAPC;20191214;2.6;5.5;9.9;0;
TOUROUVRE_SAPC;20191215;3.4;5.7;8.7;0;
TOUROUVRE_SAPC;20191216;4.0;4.4;11.0;0;
TOUROUVRE_SAPC;20191217;1.8;5.4;12.1;0;
TOUROUVRE_SAPC;20191218;0.0;4.4;11.7;0;
TOUROUVRE_SAPC;20191219;18.0;9.6;13.5;0;
TOUROUVRE_SAPC;20191220;5.2;6.2;11.1;0;
TOUROUVRE_SAPC;20191221;9.6;6.4;9.3;0;
TOUROUVRE_SAPC;20191222;5.4;7.0;9.0;0;
TOUROUVRE_SAPC;20191223;9.7;5.6;11.6;0;
TOUROUVRE_SAPC;20191224;0.2;6.4;11.4;0;
TOUROUVRE_SAPC;20191225;0.0;2.1;9.7;0;
TOUROUVRE_SAPC;20191226;4.6;1.8;10.6;0;
TOUROUVRE_SAPC;20191227;0.6;5.8;10.3;0;
TOUROUVRE_SAPC;20191228;0.0;4.8;7.4;0;
TOUROUVRE_SAPC;20191229;0.2;-1.1;5.8;632;
TOUROUVRE_SAPC;20191230;0.2;-2.9;10.8;889;
TOUROUVRE_SAPC;20191231;0.2;-4.1;4.7;973;
TOUROUVRE_SAPC;20200101;2.2;-0.3;6.6;0;
TOUROUVRE_SAPC;20200102;0.8;5.6;8.8;0;
TOUROUVRE_SAPC;20200103;0.6;6.8;10.0;0;
TOUROUVRE_SAPC;20200104;0.2;-1.0;8.4;419;
TOUROUVRE_SAPC;20200105;0.0;4.7;7.5;0;
TOUROUVRE_SAPC;20200106;0.2;-2.5;6.8;467;
TOUROUVRE_SAPC;20200107;0.2;4.2;10.9;0;
TOUROUVRE_SAPC;20200108;1.0;9.6;11.3;0;
TOUROUVRE_SAPC;20200109;5.6;10.2;11.0;0;
TOUROUVRE_SAPC;20200110;0.2;4.9;6.9;0;
TOUROUVRE_SAPC;20200111;0.0;1.2;7.0;0;
TOUROUVRE_SAPC;20200112;0.2;2.9;8.2;0;
TOUROUVRE_SAPC;20200113;1.4;6.1;9.2;0;
TOUROUVRE_SAPC;20200114;1.4;7.9;10.2;0;
TOUROUVRE_SAPC;20200115;2.0;4.4;9.5;0;
TOUROUVRE_SAPC;20200116;1.4;-0.1;13.5;10;
TOUROUVRE_SAPC;20200117;0.6;4.2;9.4;0;
TOUROUVRE_SAPC;20200118;0.2;-1.2;9.7;283;
TOUROUVRE_SAPC;20200119;0.2;1.1;6.4;0;
TOUROUVRE_SAPC;20200120;0.0;0.8;5.2;0;
TOUROUVRE_SAPC;20200121;0.0;-0.4;3.7;333;
TOUROUVRE_SAPC;20200122;0.2;-1.6;3.4;791;
TOUROUVRE_SAPC;20200123;0.0;-1.7;-0.3;1440;
TOUROUVRE_SAPC;20200124;0.0;-1.3;2.3;717;
TOUROUVRE_SAPC;20200125;0.4;-1.5;9.2;609;
TOUROUVRE_SAPC;20200126;12.7;-1.1;8.7;234;
TOUROUVRE_SAPC;20200127;9.9;6.5;8.6;0;
TOUROUVRE_SAPC;20200128;3.6;3.1;6.1;0;
TOUROUVRE_SAPC;20200129;0.2;4.0;8.6;0;
TOUROUVRE_SAPC;20200130;3.2;2.1;12.1;0;
TOUROUVRE_SAPC;20200131;11.5;9.1;11.8;0;
TOUROUVRE_SAPC;20200201;7.4;9.9;13.4;0;
TOUROUVRE_SAPC;20200202;4.2;9.7;14.1;0;
TOUROUVRE_SAPC;20200203;6.1;10.2;12.5;0;
TOUROUVRE_SAPC;20200204;3.0;3.5;8.2;0;
TOUROUVRE_SAPC;20200205;0.0;1.4;7.2;0;
TOUROUVRE_SAPC;20200206;0.2;-0.9;9.5;218;
TOUROUVRE_SAPC;20200207;0.8;-1.4;9.2;254;
TOUROUVRE_SAPC;20200208;6.0;5.9;8.5;0;
TOUROUVRE_SAPC;20200209;6.4;6.0;12.4;0;
TOUROUVRE_SAPC;20200210;7.2;5.9;11.4;0;
TOUROUVRE_SAPC;20200211;3.0;3.4;8.0;0;
TOUROUVRE_SAPC;20200212;1.2;1.3;8.8;0;
TOUROUVRE_SAPC;20200213;7.4;4.2;10.0;0;
TOUROUVRE_SAPC;20200214;0.0;6.8;11.1;0;
TOUROUVRE_SAPC;20200215;2.6;6.9;12.7;0;
TOUROUVRE_SAPC;20200216;9.3;8.1;15.5;0;
TOUROUVRE_SAPC;20200217;1.4;5.9;10.4;0;
TOUROUVRE_SAPC;20200218;5.2;0.6;10.1;0;
TOUROUVRE_SAPC;20200219;1.4;3.9;8.3;0;
TOUROUVRE_SAPC;20200220;3.8;6.0;9.8;0;
TOUROUVRE_SAPC;20200221;0.2;-1.9;8.6;365;
TOUROUVRE_SAPC;20200222;0.0;3.0;11.1;0;
TOUROUVRE_SAPC;20200223;0.8;8.7;11.5;0;
TOUROUVRE_SAPC;20200224;8.3;9.2;11.6;0;
TOUROUVRE_SAPC;20200225;4.2;5.1;9.7;0;
TOUROUVRE_SAPC;20200226;5.8;0.4;8.4;0;
TOUROUVRE_SAPC;20200227;1.6;1.0;11.0;46;
TOUROUVRE_SAPC;20200228;1.6;-1.4;10.1;376;
TOUROUVRE_SAPC;20200229;4.8;3.4;9.9;0;
TOUROUVRE_SAPC;20200301;16.9;3.2;7.9;0;
TOUROUVRE_SAPC;20200302;5.7;3.5;8.9;0;
TOUROUVRE_SAPC;20200303;0.2;-1.1;8.9;192;
TOUROUVRE_SAPC;20200304;8.3;-0.1;8.4;18;
TOUROUVRE_SAPC;20200305;13.3;5.6;12.2;0;
TOUROUVRE_SAPC;20200306;0.2;0.8;9.2;0;
TOUROUVRE_SAPC;20200307;0.0;1.6;9.7;0;
TOUROUVRE_SAPC;20200308;3.8;6.7;11.9;0;
TOUROUVRE_SAPC;20200309;4.2;3.1;10.9;0;
TOUROUVRE_SAPC;20200310;1.0;5.9;12.8;0;
TOUROUVRE_SAPC;20200311;2.8;10.6;14.5;0;
TOUROUVRE_SAPC;20200312;0.0;7.3;11.9;0;
TOUROUVRE_SAPC;20200313;0.4;0.0;10.8;3;
TOUROUVRE_SAPC;20200314;1.2;5.2;11.7;0;
TOUROUVRE_SAPC;20200315;1.2;5.7;13.6;0;
TOUROUVRE_SAPC;20200316;0.8;3.9;9.6;0;
TOUROUVRE_SAPC;20200317;0.0;6.3;14.2;0;
TOUROUVRE_SAPC;20200318;0.2;2.5;17.1;0;
TOUROUVRE_SAPC;20200319;0.0;5.2;19.3;0;
TOUROUVRE_SAPC;20200320;0.0;8.9;14.8;0;
TOUROUVRE_SAPC;20200321;0.0;4.5;7.3;0;
TOUROUVRE_SAPC;20200322;0.2;4.6;8.6;0;
TOUROUVRE_SAPC;20200323;0.0;1.0;11.6;0;
TOUROUVRE_SAPC;20200324;0.0;-1.4;14.0;72;
TOUROUVRE_SAPC;20200325;0.0;-1.8;11.3;195;
TOUROUVRE_SAPC;20200326;0.0;0.1;9.7;0;
TOUROUVRE_SAPC;20200327;0.0;0.4;12.8;0;
TOUROUVRE_SAPC;20200328;0.0;2.9;15.2;0;
TOUROUVRE_SAPC;20200329;0.0;2.7;8.4;0;
TOUROUVRE_SAPC;20200330;0.0;-1.5;8.1;358;
TOUROUVRE_SAPC;20200331;0.0;1.1;10.2;0;
TOUROUVRE_SAPC;20200401;0.0;0.0;11.8;9;
TOUROUVRE_SAPC;20200402;0.0;-0.6;8.8;51;
TOUROUVRE_SAPC;20200403;0.0;2.1;12.7;0;
TOUROUVRE_SAPC;20200404;0.0;0.3;16.6;0;
TOUROUVRE_SAPC;20200405;0.0;0.6;20.6;0;
TOUROUVRE_SAPC;20200406;0.4;7.2;14.9;0;
TOUROUVRE_SAPC;20200407;0.0;7.6;20.3;0;
TOUROUVRE_SAPC;20200408;0.0;9.5;23.7;0;
TOUROUVRE_SAPC;20200409;0.0;4.7;24.1;0;
TOUROUVRE_SAPC;20200410;0.0;7.8;24.1;0;
TOUROUVRE_SAPC;20200411;0.0;10.0;24.5;0;
TOUROUVRE_SAPC;20200412;0.0;6.1;23.1;0;
TOUROUVRE_SAPC;20200413;0.0;7.9;16.2;0;
TOUROUVRE_SAPC;20200414;0.0;0.9;12.8;0;
TOUROUVRE_SAPC;20200415;0.0;2.2;18.9;0;
TOUROUVRE_SAPC;20200416;0.8;4.8;22.3;0;
TOUROUVRE_SAPC;20200417;8.8;12.5;21.7;0;
TOUROUVRE_SAPC;20200418;4.0;8.5;20.4;0;
TOUROUVRE_SAPC;20200419;0.2;8.8;17.9;0;
TOUROUVRE_SAPC;20200420;0.0;8.7;17.6;0;
TOUROUVRE_SAPC;20200421;0.0;8.4;17.0;0;
TOUROUVRE_SAPC;20200422;0.0;10.0;20.7;0;
TOUROUVRE_SAPC;20200423;0.0;5.8;24.2;0;
TOUROUVRE_SAPC;20200424;0.2;8.6;21.5;0;
TOUROUVRE_SAPC;20200425;0.0;10.4;19.6;0;
TOUROUVRE_SAPC;20200426;0.0;6.8;21.5;0;
TOUROUVRE_SAPC;20200427;9.9;6.1;23.6;0;
TOUROUVRE_SAPC;20200428;2.6;10.7;15.7;0;
TOUROUVRE_SAPC;20200429;6.0;9.4;13.2;0;
TOUROUVRE_SAPC;20200430;7.4;6.0;13.1;0;
TOUROUVRE_SAPC;20200501;0.8;7.3;16.3;0;
TOUROUVRE_SAPC;20200502;1.2;4.1;16.1;0;
TOUROUVRE_SAPC;20200503;0.6;9.8;20.1;0;
TOUROUVRE_SAPC;20200504;4.4;10.7;19.6;0;
TOUROUVRE_SAPC;20200505;2.2;9.3;10.9;0;
TOUROUVRE_SAPC;20200506;0.2;5.6;19.6;0;
TOUROUVRE_SAPC;20200507;0.2;4.6;20.7;0;
TOUROUVRE_SAPC;20200508;0.0;6.7;20.0;0;
TOUROUVRE_SAPC;20200509;3.4;12.8;21.5;0;
TOUROUVRE_SAPC;20200510;2.8;13.1;20.4;0;
TOUROUVRE_SAPC;20200511;0.0;6.2;12.2;0;
TOUROUVRE_SAPC;20200512;0.0;2.6;12.7;0;
TOUROUVRE_SAPC;20200513;0.0;3.5;13.9;0;
TOUROUVRE_SAPC;20200514;0.0;2.4;13.2;0;
TOUROUVRE_SAPC;20200515;0.0;2.4;16.7;0;
TOUROUVRE_SAPC;20200516;0.2;3.6;18.2;0;
TOUROUVRE_SAPC;20200517;0.0;4.9;20.5;0;
TOUROUVRE_SAPC;20200518;0.2;4.5;23.7;0;
TOUROUVRE_SAPC;20200519;0.0;2.2;23.1;0;
TOUROUVRE_SAPC;20200520;0.2;9.0;27.1;0;
TOUROUVRE_SAPC;20200521;0.0;10.4;28.5;0;
TOUROUVRE_SAPC;20200522;0.4;13.5;22.7;0;
TOUROUVRE_SAPC;20200523;0.2;9.7;19.6;0;
TOUROUVRE_SAPC;20200524;0.0;4.5;20.3;0;
TOUROUVRE_SAPC;20200525;0.2;7.9;23.0;0;
TOUROUVRE_SAPC;20200526;0.0;10.9;24.5;0;
TOUROUVRE_SAPC;20200527;0.0;11.8;25.4;0;
TOUROUVRE_SAPC;20200528;0.0;11.5;24.1;0;
TOUROUVRE_SAPC;20200529;0.0;9.1;24.4;0;
TOUROUVRE_SAPC;20200530;0.0;9.5;24.9;0;
TOUROUVRE_SAPC;20200531;0.0;10.4;23.6;0;
TOUROUVRE_SAPC;20200601;0.0;11.0;25.9;0;
TOUROUVRE_SAPC;20200602;0.0;11.6;29.3;0;
TOUROUVRE_SAPC;20200603;9.9;12.7;25.6;0;
TOUROUVRE_SAPC;20200604;0.6;10.8;14.0;0;
TOUROUVRE_SAPC;20200605;3.0;9.6;14.8;0;
TOUROUVRE_SAPC;20200606;0.0;9.7;16.7;0;
TOUROUVRE_SAPC;20200607;0.0;6.5;18.8;0;
TOUROUVRE_SAPC;20200608;0.2;10.5;19.5;0;
TOUROUVRE_SAPC;20200609;0.6;6.7;17.8;0;
TOUROUVRE_SAPC;20200610;1.0;3.8;17.1;0;
TOUROUVRE_SAPC;20200611;4.4;9.7;19.1;0;
TOUROUVRE_SAPC;20200612;1.2;12.2;19.8;0;
TOUROUVRE_SAPC;20200613;2.2;9.0;19.7;0;
TOUROUVRE_SAPC;20200614;0.8;12.2;21.7;0;
TOUROUVRE_SAPC;20200615;1.6;13.2;19.7;0;
TOUROUVRE_SAPC;20200616;12.0;12.4;20.2;0;
TOUROUVRE_SAPC;20200617;4.1;11.8;20.5;0;
TOUROUVRE_SAPC;20200618;1.0;9.5;18.5;0;
TOUROUVRE_SAPC;20200619;0.6;11.3;20.0;0;
TOUROUVRE_SAPC;20200620;0.0;9.5;21.7;0;
TOUROUVRE_SAPC;20200621;2.5;11.1;20.1;0;
TOUROUVRE_SAPC;20200622;0.2;6.2;25.3;0;
TOUROUVRE_SAPC;20200623;0.0;9.5;29.0;0;
TOUROUVRE_SAPC;20200624;0.0;14.9;32.3;0;
TOUROUVRE_SAPC;20200625;10.0;15.2;33.7;0;
TOUROUVRE_SAPC;20200626;0.0;16.1;27.9;0;
TOUROUVRE_SAPC;20200627;2.4;14.4;22.9;0;
TOUROUVRE_SAPC;20200628;0.0;13.3;22.1;0;
TOUROUVRE_SAPC;20200629;0.0;9.2;20.4;0;
TOUROUVRE_SAPC;20200630;0.2;12.6;21.2;0;
TOUROUVRE_SAPC;20200701;2.4;16.1;23.0;0;
TOUROUVRE_SAPC;20200702;0.0;12.1;21.0;0;
TOUROUVRE_SAPC;20200703;0.0;7.5;21.8;0;
TOUROUVRE_SAPC;20200704;0.8;12.5;19.3;0;
TOUROUVRE_SAPC;20200705;0.8;16.1;22.0;0;
TOUROUVRE_SAPC;20200706;0.0;6.8;21.9;0;
TOUROUVRE_SAPC;20200707;0.0;5.3;23.9;0;
TOUROUVRE_SAPC;20200708;0.2;7.8;26.1;0;
TOUROUVRE_SAPC;20200709;0.0;10.4;29.6;0;
TOUROUVRE_SAPC;20200710;1.2;14.3;21.8;0;
TOUROUVRE_SAPC;20200711;0.0;8.0;23.0;0;
TOUROUVRE_SAPC;20200712;0.0;9.7;24.8;0;
TOUROUVRE_SAPC;20200713;0.0;11.4;26.1;0;
TOUROUVRE_SAPC;20200714;8.6;8.9;21.5;0;
TOUROUVRE_SAPC;20200715;0.4;12.6;20.3;0;
TOUROUVRE_SAPC;20200716;0.0;13.7;22.8;0;
TOUROUVRE_SAPC;20200717;0.0;12.8;27.3;0;
TOUROUVRE_SAPC;20200718;0.0;11.8;27.7;0;
TOUROUVRE_SAPC;20200719;0.0;10.8;29.8;0;
TOUROUVRE_SAPC;20200720;0.0;13.8;25.7;0;
TOUROUVRE_SAPC;20200721;0.0;11.3;25.5;0;
TOUROUVRE_SAPC;20200722;0.0;10.9;26.0;0;
TOUROUVRE_SAPC;20200723;0.0;9.5;27.4;0;
TOUROUVRE_SAPC;20200724;0.0;11.7;23.2;0;
TOUROUVRE_SAPC;20200725;5.0;12.2;22.0;0;
TOUROUVRE_SAPC;20200726;0.0;13.6;24.2;0;
TOUROUVRE_SAPC;20200727;0.0;10.2;27.9;0;
TOUROUVRE_SAPC;20200728;0.2;14.7;23.4;0;
TOUROUVRE_SAPC;20200729;0.0;7.2;25.8;0;
TOUROUVRE_SAPC;20200730;0.0;13.0;32.3;0;
TOUROUVRE_SAPC;20200731;0.0;17.0;35.9;0;
TOUROUVRE_SAPC;20200801;0.0;16.5;26.8;0;
TOUROUVRE_SAPC;20200802;0.0;10.3;22.1;0;
TOUROUVRE_SAPC;20200803;0.2;11.2;22.3;0;
TOUROUVRE_SAPC;20200804;0.0;5.7;24.7;0;
TOUROUVRE_SAPC;20200805;0.0;7.9;29.1;0;
TOUROUVRE_SAPC;20200806;0.0;11.2;34.0;0;
TOUROUVRE_SAPC;20200807;0.0;15.1;37.0;0;
TOUROUVRE_SAPC;20200808;0.4;18.2;35.1;0;
TOUROUVRE_SAPC;20200809;0.0;17.9;35.4;0;
TOUROUVRE_SAPC;20200810;0.0;16.8;34.2;0;
TOUROUVRE_SAPC;20200811;1.0;19.0;36.0;0;
TOUROUVRE_SAPC;20200812;3.4;18.0;35.4;0;
TOUROUVRE_SAPC;20200813;0.2;16.4;27.3;0;
TOUROUVRE_SAPC;20200814;6.3;17.1;23.6;0;
TOUROUVRE_SAPC;20200815;0.0;15.5;26.7;0;
TOUROUVRE_SAPC;20200816;0.8;17.0;26.4;0;
TOUROUVRE_SAPC;20200817;7.5;13.2;22.5;0;
TOUROUVRE_SAPC;20200818;3.4;12.1;24.3;0;
TOUROUVRE_SAPC;20200819;2.0;13.6;22.3;0;
TOUROUVRE_SAPC;20200820;0.0;17.1;28.8;0;
TOUROUVRE_SAPC;20200821;0.0;18.5;26.7;0;
TOUROUVRE_SAPC;20200822;0.6;15.4;23.8;0;
TOUROUVRE_SAPC;20200823;0.0;12.1;22.7;0;
TOUROUVRE_SAPC;20200824;1.6;9.1;20.9;0;
TOUROUVRE_SAPC;20200825;0.0;13.3;25.3;0;
TOUROUVRE_SAPC;20200826;0.0;13.5;22.8;0;
TOUROUVRE_SAPC;20200827;2.4;8.8;23.8;0;
TOUROUVRE_SAPC;20200828;3.6;12.8;21.5;0;
TOUROUVRE_SAPC;20200829;1.0;10.9;16.2;0;
TOUROUVRE_SAPC;20200830;2.6;8.8;15.5;0;
TOUROUVRE_SAPC;20200831;0.0;6.2;18.7;0;
TOUROUVRE_SAPC;20200901;0.0;8.4;20.3;0;
TOUROUVRE_SAPC;20200902;0.2;6.8;22.4;0;
TOUROUVRE_SAPC;20200903;0.0;11.6;26.1;0;
TOUROUVRE_SAPC;20200904;2.4;12.4;27.3;0;
TOUROUVRE_SAPC;20200905;0.0;12.9;20.3;0;
TOUROUVRE_SAPC;20200906;0.2;6.3;17.8;0;
TOUROUVRE_SAPC;20200907;0.0;5.2;22.4;0;
TOUROUVRE_SAPC;20200908;0.0;11.8;23.6;0;
TOUROUVRE_SAPC;20200909;0.0;11.2;26.9;0;
TOUROUVRE_SAPC;20200910;0.2;15.4;24.7;0;
TOUROUVRE_SAPC;20200911;0.2;10.0;24.0;0;
TOUROUVRE_SAPC;20200912;0.0;8.2;22.5;0;
TOUROUVRE_SAPC;20200913;0.0;7.6;28.2;0;
TOUROUVRE_SAPC;20200914;0.0;11.3;33.3;0;
TOUROUVRE_SAPC;20200915;0.0;12.6;33.8;0;
TOUROUVRE_SAPC;20200916;0.0;16.7;28.9;0;
TOUROUVRE_SAPC;20200917;0.0;15.7;26.3;0;
TOUROUVRE_SAPC;20200918;0.0;11.1;27.1;0;
TOUROUVRE_SAPC;20200919;0.0;16.1;26.8;0;
TOUROUVRE_SAPC;20200920;0.0;12.3;26.9;0;
TOUROUVRE_SAPC;20200921;0.0;12.3;27.2;0;
TOUROUVRE_SAPC;20200922;0.0;5.2;24.4;0;
TOUROUVRE_SAPC;20200923;5.4;13.7;19.6;0;
TOUROUVRE_SAPC;20200924;12.1;7.9;16.0;0;
TOUROUVRE_SAPC;20200925;4.2;7.9;13.4;0;
TOUROUVRE_SAPC;20200926;2.0;6.6;13.0;0;
TOUROUVRE_SAPC;20200927;1.4;8.6;11.7;0;
TOUROUVRE_SAPC;20200928;0.2;10.5;16.7;0;
TOUROUVRE_SAPC;20200929;0.2;12.2;18.0;0;
TOUROUVRE_SAPC;20200930;8.5;12.4;18.7;0;
TOUROUVRE_SAPC;20201001;9.1;11.6;15.2;0;
TOUROUVRE_SAPC;20201002;0.2;10.0;15.0;0;
TOUROUVRE_SAPC;20201003;3.6;4.8;12.1;0;
TOUROUVRE_SAPC;20201004;10.3;7.4;14.0;0;
TOUROUVRE_SAPC;20201005;5.4;9.6;12.9;0;
TOUROUVRE_SAPC;20201006;1.2;10.5;14.6;0;
TOUROUVRE_SAPC;20201007;2.0;10.3;15.6;0;
TOUROUVRE_SAPC;20201008;3.0;12.3;16.6;0;
TOUROUVRE_SAPC;20201009;0.4;10.7;16.1;0;
TOUROUVRE_SAPC;20201010;0.8;5.9;13.8;0;
TOUROUVRE_SAPC;20201011;3.2;6.1;12.6;0;
TOUROUVRE_SAPC;20201012;4.4;2.6;11.9;0;
TOUROUVRE_SAPC;20201013;2.8;7.2;12.2;0;
TOUROUVRE_SAPC;20201014;0.0;1.7;13.0;0;
TOUROUVRE_SAPC;20201015;0.0;5.8;12.0;0;
TOUROUVRE_SAPC;20201016;0.0;3.4;11.8;0;
TOUROUVRE_SAPC;20201017;0.2;1.9;11.0;0;
TOUROUVRE_SAPC;20201018;0.2;-0.1;14.3;36;
TOUROUVRE_SAPC;20201019;0.2;2.4;14.2;0;
TOUROUVRE_SAPC;20201020;14.9;8.8;15.5;0;
TOUROUVRE_SAPC;20201021;2.2;12.4;18.6;0;
TOUROUVRE_SAPC;20201022;17.0;10.4;16.8;0;
TOUROUVRE_SAPC;20201023;0.0;8.8;16.6;0;
TOUROUVRE_SAPC;20201024;8.9;10.3;15.1;0;
TOUROUVRE_SAPC;20201025;2.8;8.9;12.2;0;
TOUROUVRE_SAPC;20201026;1.8;5.7;12.7;0;
TOUROUVRE_SAPC;20201027;4.4;6.4;13.6;0;
TOUROUVRE_SAPC;20201028;7.3;8.4;12.8;0;
TOUROUVRE_SAPC;20201029;0.0;9.3;13.7;0;
TOUROUVRE_SAPC;20201030;0.0;12.4;14.4;0;
TOUROUVRE_SAPC;20201031;4.6;10.1;15.9;0;
TOUROUVRE_SAPC;20201101;1.6;10.8;17.1;0;
TOUROUVRE_SAPC;20201102;3.2;10.2;16.9;0;
TOUROUVRE_SAPC;20201103;0.4;2.7;11.1;0;
TOUROUVRE_SAPC;20201104;0.2;-1.2;10.5;357;
TOUROUVRE_SAPC;20201105;0.0;2.6;10.1;0;
TOUROUVRE_SAPC;20201106;0.0;2.9;13.0;0;
TOUROUVRE_SAPC;20201107;0.2;4.7;16.1;0;
TOUROUVRE_SAPC;20201108;0.6;8.1;13.5;0;
TOUROUVRE_SAPC;20201109;0.0;6.1;17.1;0;
TOUROUVRE_SAPC;20201110;0.0;8.1;13.3;0;
TOUROUVRE_SAPC;20201111;0.0;9.0;12.0;0;
TOUROUVRE_SAPC;20201112;0.0;6.2;12.5;0;
TOUROUVRE_SAPC;20201113;0.6;4.2;14.6;0;
TOUROUVRE_SAPC;20201114;0.0;10.9;15.1;0;
TOUROUVRE_SAPC;20201115;10.5;10.0;13.0;0;
TOUROUVRE_SAPC;20201116;0.0;8.6;11.4;0;
TOUROUVRE_SAPC;20201117;0.0;8.0;12.8;0;
TOUROUVRE_SAPC;20201118;1.4;2.8;15.2;0;
TOUROUVRE_SAPC;20201119;0.0;4.5;11.2;0;
TOUROUVRE_SAPC;20201120;0.0;0.6;10.1;0;
TOUROUVRE_SAPC;20201121;0.2;1.4;9.4;0;
TOUROUVRE_SAPC;20201122;0.0;0.2;8.7;0;
TOUROUVRE_SAPC;20201123;0.0;3.8;11.4;0;
TOUROUVRE_SAPC;20201124;0.0;0.6;10.8;0;
TOUROUVRE_SAPC;20201125;0.0;2.8;13.8;0;
TOUROUVRE_SAPC;20201126;0.2;0.1;14.5;0;
TOUROUVRE_SAPC;20201127;0.0;5.2;12.8;0;
TOUROUVRE_SAPC;20201128;0.0;1.9;10.2;0;
TOUROUVRE_SAPC;20201129;0.0;2.5;7.7;0;
TOUROUVRE_SAPC;20201130;0.6;-1.1;9.2;450;
TOUROUVRE_SAPC;20201201;0.2;3.0;8.3;0;
TOUROUVRE_SAPC;20201202;0.4;3.9;6.7;0;
TOUROUVRE_SAPC;20201203;15.0;4.1;7.3;0;
TOUROUVRE_SAPC;20201204;0.4;1.8;5.6;0;
TOUROUVRE_SAPC;20201205;12.0;0.5;4.6;0;
TOUROUVRE_SAPC;20201206;5.6;3.8;4.6;0;
TOUROUVRE_SAPC;20201207;0.0;2.1;4.2;0;
TOUROUVRE_SAPC;20201208;0.0;1.9;6.5;138;
TOUROUVRE_SAPC;20201209;4.0;-1.9;3.5;559;
TOUROUVRE_SAPC;20201210;12.5;2.0;7.4;0;
TOUROUVRE_SAPC;20201211;7.3;4.9;10.3;0;
TOUROUVRE_SAPC;20201212;0.8;4.7;9.1;0;
TOUROUVRE_SAPC;20201213;2.0;1.0;10.3;0;
TOUROUVRE_SAPC;20201214;2.8;8.8;10.3;0;
TOUROUVRE_SAPC;20201215;0.0;6.6;10.9;0;
TOUROUVRE_SAPC;20201216;1.0;5.2;10.3;0;
TOUROUVRE_SAPC;20201217;0.6;7.0;9.5;0;
TOUROUVRE_SAPC;20201218;0.0;7.1;11.1;0;
TOUROUVRE_SAPC;20201219;0.6;7.6;11.5;0;
TOUROUVRE_SAPC;20201220;7.9;6.6;10.3;0;
TOUROUVRE_SAPC;20201221;5.6;6.8;13.0;0;
TOUROUVRE_SAPC;20201222;22.4;12.3;13.7;0;
TOUROUVRE_SAPC;20201223;10.9;8.9;12.9;0;
TOUROUVRE_SAPC;20201224;1.6;2.8;7.2;0;
TOUROUVRE_SAPC;20201225;0.0;1.7;5.7;38;
TOUROUVRE_SAPC;20201226;2.4;-1.2;6.9;329;
TOUROUVRE_SAPC;20201227;20.4;3.6;7.9;0;
TOUROUVRE_SAPC;20201228;10.0;0.6;4.0;0;
TOUROUVRE_SAPC;20201229;0.0;0.0;4.9;20;
TOUROUVRE_SAPC;20201230;4.0;0.8;5.6;0;
TOUROUVRE_SAPC;20201231;0.4;0.1;5.1;302;
TOUROUVRE_SAPC;20210101;0.2;-3.5;3.2;856;
TOUROUVRE_SAPC;20210102;0.2;-5.1;3.0;613;
TOUROUVRE_SAPC;20210103;0.6;0.5;3.4;0;
TOUROUVRE_SAPC;20210104;0.2;0.6;1.6;0;
TOUROUVRE_SAPC;20210105;0.6;0.9;1.5;0;
TOUROUVRE_SAPC;20210106;0.0;0.7;2.0;0;
TOUROUVRE_SAPC;20210107;0.0;-0.9;3.1;826;
TOUROUVRE_SAPC;20210108;0.2;-1.7;4.1;954;
TOUROUVRE_SAPC;20210109;0.0;-2.8;1.8;1084;
TOUROUVRE_SAPC;20210110;0.0;-2.3;3.0;787;
TOUROUVRE_SAPC;20210111;0.0;-1.7;5.5;268;
TOUROUVRE_SAPC;20210112;7.3;2.3;9.3;0;
TOUROUVRE_SAPC;20210113;0.0;6.4;9.0;0;
TOUROUVRE_SAPC;20210114;1.6;7.1;10.2;0;
TOUROUVRE_SAPC;20210115;0.0;0.1;2.7;352;
TOUROUVRE_SAPC;20210116;3.0;-4.0;4.7;800;
TOUROUVRE_SAPC;20210117;0.0;1.4;7.3;173;
TOUROUVRE_SAPC;20210118;0.2;-2.2;5.7;508;
TOUROUVRE_SAPC;20210119;2.4;3.8;6.2;0;
TOUROUVRE_SAPC;20210120;7.3;5.1;10.2;0;
TOUROUVRE_SAPC;20210121;8.7;3.7;8.7;0;
TOUROUVRE_SAPC;20210122;0.2;2.4;8.6;0;
TOUROUVRE_SAPC;20210123;3.0;1.1;4.9;285;
TOUROUVRE_SAPC;20210124;1.2;-3.8;2.3;532;
TOUROUVRE_SAPC;20210125;0.2;-1.2;4.6;510;
TOUROUVRE_SAPC;20210126;4.4;-3.9;2.4;645;
TOUROUVRE_SAPC;20210127;4.6;0.9;10.4;0;
TOUROUVRE_SAPC;20210128;5.4;7.5;13.3;0;
TOUROUVRE_SAPC;20210129;9.7;7.2;10.3;0;
TOUROUVRE_SAPC;20210130;3.6;3.1;10.6;0;
TOUROUVRE_SAPC;20210131;10.9;5.2;9.1;0;
TOUROUVRE_SAPC;20210201;2.8;7.8;10.6;0;
TOUROUVRE_SAPC;20210202;6.2;6.8;13.3;0;
TOUROUVRE_SAPC;20210203;2.3;7.3;10.9;0;
TOUROUVRE_SAPC;20210204;2.4;4.2;9.5;0;
TOUROUVRE_SAPC;20210205;0.2;6.3;9.8;0;
TOUROUVRE_SAPC;20210206;4.4;4.9;7.4;0;
TOUROUVRE_SAPC;20210207;0.4;0.3;3.5;150;
TOUROUVRE_SAPC;20210208;0.0;-1.2;0.3;1234;
TOUROUVRE_SAPC;20210209;6.0;-3.2;-1.5;1440;
TOUROUVRE_SAPC;20210210;0.0;-7.2;-2.4;1440;
TOUROUVRE_SAPC;20210211;0.0;-8.5;-1.7;1440;
TOUROUVRE_SAPC;20210212;0.0;-4.5;-0.8;1440;
TOUROUVRE_SAPC;20210213;0.0;-7.1;-2.0;1440;
TOUROUVRE_SAPC;20210214;0.0;-6.4;3.6;923;
TOUROUVRE_SAPC;20210215;0.2;-0.5;9.3;0;
TOUROUVRE_SAPC;20210216;1.6;3.8;10.1;0;
TOUROUVRE_SAPC;20210217;0.0;6.9;12.2;0;
TOUROUVRE_SAPC;20210218;9.7;5.4;10.8;0;
TOUROUVRE_SAPC;20210219;0.0;1.4;12.9;0;
TOUROUVRE_SAPC;20210220;0.0;8.5;16.3;0;
TOUROUVRE_SAPC;20210221;0.0;6.4;15.2;0;
TOUROUVRE_SAPC;20210222;2.0;7.9;13.5;0;
TOUROUVRE_SAPC;20210223;0.0;8.6;15.9;0;
TOUROUVRE_SAPC;20210224;0.0;4.5;17.6;0;
TOUROUVRE_SAPC;20210225;0.4;4.8;12.5;0;
TOUROUVRE_SAPC;20210226;0.0;3.9;11.4;0;
TOUROUVRE_SAPC;20210227;0.2;1.4;10.3;0;
TOUROUVRE_SAPC;20210228;0.0;1.2;9.4;0;
TOUROUVRE_SAPC;20210301;0.0;1.1;14.0;0;
TOUROUVRE_SAPC;20210302;0.0;0.4;15.3;0;
TOUROUVRE_SAPC;20210303;0.2;3.5;15.3;0;
TOUROUVRE_SAPC;20210304;0.2;2.4;10.9;0;
TOUROUVRE_SAPC;20210305;0.0;2.8;4.4;47;
TOUROUVRE_SAPC;20210306;0.0;-1.6;7.7;492;
TOUROUVRE_SAPC;20210307;0.0;-1.2;8.1;524;
TOUROUVRE_SAPC;20210308;0.0;-2.7;6.3;639;
TOUROUVRE_SAPC;20210309;0.0;-2.2;11.5;551;
TOUROUVRE_SAPC;20210310;3.6;-2.7;10.5;425;
TOUROUVRE_SAPC;20210311;4.8;5.9;12.4;0;
TOUROUVRE_SAPC;20210312;16.2;1.3;10.4;0;
TOUROUVRE_SAPC;20210313;3.0;3.7;10.1;0;
TOUROUVRE_SAPC;20210314;4.0;1.6;9.7;0;
TOUROUVRE_SAPC;20210315;1.2;4.6;11.0;0;
TOUROUVRE_SAPC;20210316;0.4;3.5;12.2;0;
TOUROUVRE_SAPC;20210317;1.8;4.4;9.0;0;
TOUROUVRE_SAPC;20210318;1.2;3.3;6.6;0;
TOUROUVRE_SAPC;20210319;0.0;3.7;8.3;0;
TOUROUVRE_SAPC;20210320;0.0;0.1;10.1;0;
TOUROUVRE_SAPC;20210321;0.0;1.1;11.1;0;
TOUROUVRE_SAPC;20210322;0.0;-0.6;7.9;96;
TOUROUVRE_SAPC;20210323;0.0;-1.9;13.4;349;
TOUROUVRE_SAPC;20210324;0.6;-1.7;14.7;317;
TOUROUVRE_SAPC;20210325;0.0;5.0;13.3;0;
TOUROUVRE_SAPC;20210326;5.4;1.6;12.2;0;
TOUROUVRE_SAPC;20210327;0.0;0.0;11.6;1;
TOUROUVRE_SAPC;20210328;0.2;-1.0;14.7;102;
TOUROUVRE_SAPC;20210329;0.0;0.0;21.0;27;
TOUROUVRE_SAPC;20210330;0.0;2.9;23.8;0;
TOUROUVRE_SAPC;20210331;0.0;3.9;23.3;0;
TOUROUVRE_SAPC;20210401;0.0;6.9;23.8;0;
TOUROUVRE_SAPC;20210402;0.0;5.5;13.5;0;
TOUROUVRE_SAPC;20210403;0.0;3.8;10.4;0;
TOUROUVRE_SAPC;20210404;0.2;1.0;13.0;0;
TOUROUVRE_SAPC;20210405;0.0;-0.8;9.0;187;
TOUROUVRE_SAPC;20210406;2.0;-5.5;7.0;552;
TOUROUVRE_SAPC;20210407;0.0;-5.1;9.6;469;
TOUROUVRE_SAPC;20210408;0.0;2.9;12.5;0;
TOUROUVRE_SAPC;20210409;17.7;-1.2;14.6;310;
TOUROUVRE_SAPC;20210410;8.7;6.4;10.9;0;
TOUROUVRE_SAPC;20210411;0.0;3.7;6.9;0;
TOUROUVRE_SAPC;20210412;0.0;-2.3;11.8;280;
TOUROUVRE_SAPC;20210413;0.0;-1.1;9.8;102;
TOUROUVRE_SAPC;20210414;0.0;0.0;10.5;1;
TOUROUVRE_SAPC;20210415;0.0;-0.2;9.8;104;
TOUROUVRE_SAPC;20210416;0.0;0.5;9.9;0;
TOUROUVRE_SAPC;20210417;0.0;2.7;13.0;0;
TOUROUVRE_SAPC;20210418;0.0;0.1;13.7;0;
TOUROUVRE_SAPC;20210419;0.0;0.3;16.7;0;
TOUROUVRE_SAPC;20210420;0.0;5.3;17.4;0;
TOUROUVRE_SAPC;20210421;0.0;3.7;18.0;0;
TOUROUVRE_SAPC;20210422;0.0;4.0;17.0;0;
TOUROUVRE_SAPC;20210423;0.0;2.8;19.2;0;
TOUROUVRE_SAPC;20210424;0.0;4.5;19.5;0;
TOUROUVRE_SAPC;20210425;0.0;4.8;15.8;0;
TOUROUVRE_SAPC;20210426;0.0;3.0;16.4;0;
TOUROUVRE_SAPC;20210427;0.0;3.1;18.7;0;
TOUROUVRE_SAPC;20210428;0.0;1.8;16.3;0;
TOUROUVRE_SAPC;20210429;0.4;2.0;12.6;0;
TOUROUVRE_SAPC;20210430;2.6;4.6;12.5;0;
TOUROUVRE_SAPC;20210501;1.2;2.3;12.1;0;
TOUROUVRE_SAPC;20210502;0.2;-1.4;13.4;206;
TOUROUVRE_SAPC;20210503;0.2;-1.5;15.9;260;
TOUROUVRE_SAPC;20210504;0.2;7.9;12.6;0;
TOUROUVRE_SAPC;20210505;2.4;-0.2;12.0;19;
TOUROUVRE_SAPC;20210506;5.2;4.8;12.9;0;
TOUROUVRE_SAPC;20210507;0.0;1.6;14.8;0;
TOUROUVRE_SAPC;20210508;0.0;7.1;20.4;0;
TOUROUVRE_SAPC;20210509;11.1;8.8;21.5;0;
TOUROUVRE_SAPC;20210510;1.2;10.3;16.6;0;
TOUROUVRE_SAPC;20210511;2.0;3.2;15.4;0;
TOUROUVRE_SAPC;20210512;9.9;3.9;14.2;0;
TOUROUVRE_SAPC;20210513;3.0;5.3;15.5;0;
TOUROUVRE_SAPC;20210514;4.0;7.5;14.2;0;
TOUROUVRE_SAPC;20210515;11.4;7.6;15.6;0;
TOUROUVRE_SAPC;20210516;9.5;8.2;15.3;0;
TOUROUVRE_SAPC;20210517;1.4;8.4;15.9;0;
TOUROUVRE_SAPC;20210518;0.2;5.8;16.6;0;
TOUROUVRE_SAPC;20210519;2.4;8.3;14.7;0;
TOUROUVRE_SAPC;20210520;0.0;2.2;16.5;0;
TOUROUVRE_SAPC;20210521;3.0;8.7;15.6;0;
TOUROUVRE_SAPC;20210522;5.9;8.1;14.5;0;
TOUROUVRE_SAPC;20210523;2.8;5.8;15.9;0;
TOUROUVRE_SAPC;20210524;4.0;7.2;13.2;0;
TOUROUVRE_SAPC;20210525;6.7;4.4;14.5;0;
TOUROUVRE_SAPC;20210526;0.4;8.6;12.4;0;
TOUROUVRE_SAPC;20210527;0.0;6.4;20.1;0;
TOUROUVRE_SAPC;20210528;0.0;7.0;20.7;0;
TOUROUVRE_SAPC;20210529;0.0;10.3;20.8;0;
TOUROUVRE_SAPC;20210530;0.0;10.9;21.5;0;
TOUROUVRE_SAPC;20210531;0.0;10.2;23.4;0;
TOUROUVRE_SAPC;20210601;4.1;9.5;26.8;0;
TOUROUVRE_SAPC;20210602;1.0;13.7;23.1;0;
TOUROUVRE_SAPC;20210603;15.8;12.5;23.9;0;
TOUROUVRE_SAPC;20210604;0.6;11.5;15.1;0;
TOUROUVRE_SAPC;20210605;0.0;9.3;21.0;0;
TOUROUVRE_SAPC;20210606;0.2;7.9;21.8;0;
TOUROUVRE_SAPC;20210607;0.0;10.3;22.9;0;
TOUROUVRE_SAPC;20210608;0.0;11.4;24.7;0;
TOUROUVRE_SAPC;20210609;0.0;11.6;27.5;0;
TOUROUVRE_SAPC;20210610;0.0;12.3;25.5;0;
TOUROUVRE_SAPC;20210611;0.0;13.6;26.7;0;
TOUROUVRE_SAPC;20210612;0.2;13.2;24.0;0;
TOUROUVRE_SAPC;20210613;0.0;12.0;25.9;0;
TOUROUVRE_SAPC;20210614;0.0;11.0;29.5;0;
TOUROUVRE_SAPC;20210615;0.0;10.9;28.0;0;
TOUROUVRE_SAPC;20210616;10.0;14.8;30.6;0;
TOUROUVRE_SAPC;20210617;10.0;16.9;23.9;0;
TOUROUVRE_SAPC;20210618;0.8;17.2;20.6;0;
TOUROUVRE_SAPC;20210619;17.0;14.8;19.9;0;
TOUROUVRE_SAPC;20210620;0.0;11.7;23.8;0;
TOUROUVRE_SAPC;20210621;6.2;13.5;22.7;0;
TOUROUVRE_SAPC;20210622;2.1;14.0;19.2;0;
TOUROUVRE_SAPC;20210623;0.2;11.1;16.2;0;
TOUROUVRE_SAPC;20210624;0.0;9.4;20.7;0;
TOUROUVRE_SAPC;20210625;6.4;9.3;19.1;0;
TOUROUVRE_SAPC;20210626;0.2;13.9;22.0;0;
TOUROUVRE_SAPC;20210627;6.6;15.7;18.6;0;
TOUROUVRE_SAPC;20210628;0.4;12.6;21.2;0;
TOUROUVRE_SAPC;20210629;3.8;10.9;19.4;0;
TOUROUVRE_SAPC;20210630;0.2;13.1;19.9;0;
TOUROUVRE_SAPC;20210701;7.7;7.8;22.5;0;
TOUROUVRE_SAPC;20210702;0.4;12.0;26.2;0;
TOUROUVRE_SAPC;20210703;1.0;13.0;22.5;0;
TOUROUVRE_SAPC;20210704;9.9;13.1;19.8;0;
TOUROUVRE_SAPC;20210705;1.0;13.6;19.1;0;
TOUROUVRE_SAPC;20210706;1.2;13.3;20.2;0;
TOUROUVRE_SAPC;20210707;0.2;13.2;21.4;0;
TOUROUVRE_SAPC;20210708;0.0;9.5;20.3;0;
TOUROUVRE_SAPC;20210709;0.0;11.4;21.0;0;
TOUROUVRE_SAPC;20210710;5.4;10.7;18.5;0;
TOUROUVRE_SAPC;20210711;0.2;12.4;23.7;0;
TOUROUVRE_SAPC;20210712;24.0;13.5;22.6;0;
TOUROUVRE_SAPC;20210713;2.0;14.1;19.4;0;
TOUROUVRE_SAPC;20210714;0.0;14.0;22.4;0;
TOUROUVRE_SAPC;20210715;0.2;14.1;23.4;0;
TOUROUVRE_SAPC;20210716;0.2;13.6;22.1;0;
TOUROUVRE_SAPC;20210717;0.2;11.0;23.2;0;
TOUROUVRE_SAPC;20210718;0.2;13.9;28.6;0;
TOUROUVRE_SAPC;20210719;0.0;15.3;29.1;0;
TOUROUVRE_SAPC;20210720;0.2;15.1;28.5;0;
TOUROUVRE_SAPC;20210721;0.0;13.1;29.4;0;
TOUROUVRE_SAPC;20210722;0.2;14.5;27.9;0;
TOUROUVRE_SAPC;20210723;0.0;14.6;27.6;0;
TOUROUVRE_SAPC;20210724;18.4;14.3;24.0;0;
TOUROUVRE_SAPC;20210725;9.7;15.7;20.2;0;
TOUROUVRE_SAPC;20210726;1.6;14.8;23.2;0;
TOUROUVRE_SAPC;20210727;9.1;14.6;20.4;0;
TOUROUVRE_SAPC;20210728;0.0;12.7;22.2;0;
TOUROUVRE_SAPC;20210729;0.2;9.4;22.5;0;
TOUROUVRE_SAPC;20210730;0.6;10.6;21.1;0;
TOUROUVRE_SAPC;20210731;0.6;9.8;21.2;0;
TOUROUVRE_SAPC;20210801;0.0;9.5;21.4;0;
TOUROUVRE_SAPC;20210802;5.4;10.8;20.7;0;
TOUROUVRE_SAPC;20210803;0.0;12.8;18.7;0;
TOUROUVRE_SAPC;20210804;6.0;8.9;17.6;0;
TOUROUVRE_SAPC;20210805;1.2;11.4;19.4;0;
TOUROUVRE_SAPC;20210806;0.4;14.3;21.6;0;
TOUROUVRE_SAPC;20210807;6.9;10.5;21.2;0;
TOUROUVRE_SAPC;20210808;1.6;11.5;20.5;0;
TOUROUVRE_SAPC;20210809;1.8;10.9;20.5;0;
TOUROUVRE_SAPC;20210810;3.3;13.2;22.1;;
TOUROUVRE_SAPC;20210811;0.2;9.1;25.7;0;
TOUROUVRE_SAPC;20210812;0.0;13.3;27.7;0;
TOUROUVRE_SAPC;20210813;0.2;11.8;27.0;0;
TOUROUVRE_SAPC;20210814;0.2;11.0;29.5;0;
TOUROUVRE_SAPC;20210815;0.4;11.6;27.7;0;
TOUROUVRE_SAPC;20210816;1.6;14.2;21.5;0;
TOUROUVRE_SAPC;20210817;0.2;8.5;19.1;;
TOUROUVRE_SAPC;20210818;0.0;13.1;20.5;0;
TOUROUVRE_SAPC;20210819;0.6;13.7;21.7;0;
TOUROUVRE_SAPC;20210820;0.0;11.5;24.5;0;
TOUROUVRE_SAPC;20210821;1.4;11.4;22.7;0;
TOUROUVRE_SAPC;20210822;0.8;12.8;22.0;0;
TOUROUVRE_SAPC;20210823;0.0;10.7;21.1;0;
TOUROUVRE_SAPC;20210824;0.0;14.0;23.9;0;
TOUROUVRE_SAPC;20210825;0.2;11.2;24.1;0;
TOUROUVRE_SAPC;20210826;0.0;11.8;18.9;0;
TOUROUVRE_SAPC;20210827;0.2;9.6;22.0;0;
TOUROUVRE_SAPC;20210828;0.2;10.0;21.6;0;
TOUROUVRE_SAPC;20210829;0.0;11.6;21.5;0;
TOUROUVRE_SAPC;20210830;0.2;12.3;21.5;0;
TOUROUVRE_SAPC;20210831;0.0;13.5;23.1;0;
TOUROUVRE_SAPC;20210901;0.0;12.9;22.6;0;
TOUROUVRE_SAPC;20210902;0.0;10.3;24.5;0;
TOUROUVRE_SAPC;20210903;0.2;12.2;28.0;0;
TOUROUVRE_SAPC;20210904;1.2;14.3;26.4;0;
TOUROUVRE_SAPC;20210905;0.2;13.3;28.8;0;
TOUROUVRE_SAPC;20210906;0.2;13.7;29.1;0;
TOUROUVRE_SAPC;20210907;0.0;12.5;28.7;0;
TOUROUVRE_SAPC;20210908;0.4;13.8;27.7;0;
TOUROUVRE_SAPC;20210909;2.2;16.8;24.5;0;
TOUROUVRE_SAPC;20210910;0.2;16.1;22.1;0;
TOUROUVRE_SAPC;20210911;0.0;9.6;21.6;0;
TOUROUVRE_SAPC;20210912;0.2;5.8;23.5;0;
TOUROUVRE_SAPC;20210913;4.3;10.7;26.0;0;
TOUROUVRE_SAPC;20210914;5.8;16.2;23.0;0;
TOUROUVRE_SAPC;20210915;0.6;17.4;21.8;0;
TOUROUVRE_SAPC;20210916;0.0;10.9;22.9;0;
TOUROUVRE_SAPC;20210917;0.2;10.4;22.9;0;
TOUROUVRE_SAPC;20210918;4.4;12.9;22.9;0;
TOUROUVRE_SAPC;20210919;0.2;14.0;17.9;0;
TOUROUVRE_SAPC;20210920;0.4;10.7;18.3;0;
TOUROUVRE_SAPC;20210921;0.2;9.7;19.1;0;
TOUROUVRE_SAPC;20210922;0.2;6.6;21.6;0;
TOUROUVRE_SAPC;20210923;0.2;5.0;22.7;0;
TOUROUVRE_SAPC;20210924;0.4;7.5;21.1;0;
TOUROUVRE_SAPC;20210925;2.4;6.8;24.1;0;
TOUROUVRE_SAPC;20210926;2.2;13.9;20.7;0;
TOUROUVRE_SAPC;20210927;3.4;13.7;18.9;0;
TOUROUVRE_SAPC;20210928;2.4;4.9;18.7;0;
TOUROUVRE_SAPC;20210929;0.2;9.6;16.5;0;
TOUROUVRE_SAPC;20210930;0.2;0.7;16.9;0;
TOUROUVRE_SAPC;20211001;4.2;5.6;13.7;0;
TOUROUVRE_SAPC;20211002;53.2;10.8;16.1;0;
TOUROUVRE_SAPC;20211003;4.1;10.1;15.9;0;
TOUROUVRE_SAPC;20211004;9.9;5.4;18.1;0;
TOUROUVRE_SAPC;20211005;9.0;10.2;15.8;0;
TOUROUVRE_SAPC;20211006;0.2;5.1;17.1;0;
TOUROUVRE_SAPC;20211007;0.0;3.3;17.5;0;
TOUROUVRE_SAPC;20211008;0.2;6.2;18.5;0;
TOUROUVRE_SAPC;20211009;0.4;7.5;18.4;0;
TOUROUVRE_SAPC;20211010;0.2;6.3;17.8;0;
TOUROUVRE_SAPC;20211011;0.2;8.5;17.2;0;
TOUROUVRE_SAPC;20211012;0.4;2.6;16.2;0;
TOUROUVRE_SAPC;20211013;0.0;7.5;16.3;0;
TOUROUVRE_SAPC;20211014;0.4;0.7;17.6;0;
TOUROUVRE_SAPC;20211015;0.2;2.6;16.8;0;
TOUROUVRE_SAPC;20211016;0.2;7.7;16.7;0;
TOUROUVRE_SAPC;20211017;0.2;4.0;16.6;0;
TOUROUVRE_SAPC;20211018;2.2;3.3;15.9;0;
TOUROUVRE_SAPC;20211019;2.4;14.4;21.6;0;
TOUROUVRE_SAPC;20211020;2.8;13.3;18.4;0;
TOUROUVRE_SAPC;20211021;4.9;6.8;12.9;0;
TOUROUVRE_SAPC;20211022;0.2;-0.5;13.3;157;
TOUROUVRE_SAPC;20211023;0.2;6.6;15.3;0;
TOUROUVRE_SAPC;20211024;0.2;-0.2;14.3;27;
TOUROUVRE_SAPC;20211025;1.6;7.4;15.8;0;
TOUROUVRE_SAPC;20211026;0.2;5.8;14.6;0;
TOUROUVRE_SAPC;20211027;0.2;6.1;15.7;0;
TOUROUVRE_SAPC;20211028;0.2;2.5;16.4;0;
TOUROUVRE_SAPC;20211029;6.6;9.6;14.3;0;
TOUROUVRE_SAPC;20211030;1.0;10.7;13.7;0;
TOUROUVRE_SAPC;20211031;2.4;6.7;13.8;0;
TOUROUVRE_SAPC;20211101;2.4;6.8;12.1;0;
TOUROUVRE_SAPC;20211102;0.0;5.8;8.7;0;
TOUROUVRE_SAPC;20211103;0.4;4.9;11.8;0;
TOUROUVRE_SAPC;20211104;1.4;1.5;9.9;0;
TOUROUVRE_SAPC;20211105;0.0;1.8;10.2;140;
TOUROUVRE_SAPC;20211106;0.4;-2.8;10.4;477;
TOUROUVRE_SAPC;20211107;0.6;2.4;12.5;0;
TOUROUVRE_SAPC;20211108;0.2;0.0;11.6;11;
TOUROUVRE_SAPC;20211109;0.2;-0.7;13.7;276;
TOUROUVRE_SAPC;20211110;0.2;-1.9;11.9;293;
TOUROUVRE_SAPC;20211111;0.2;-2.0;12.8;465;
TOUROUVRE_SAPC;20211112;0.4;-1.1;11.7;338;
TOUROUVRE_SAPC;20211113;0.4;9.3;12.2;0;
TOUROUVRE_SAPC;20211114;0.6;8.6;11.7;0;
TOUROUVRE_SAPC;20211115;0.0;5.4;6.6;0;
TOUROUVRE_SAPC;20211116;0.2;5.9;8.1;0;
TOUROUVRE_SAPC;20211117;0.2;5.6;12.5;0;
TOUROUVRE_SAPC;20211118;0.0;-0.8;12.2;278;
TOUROUVRE_SAPC;20211119;0.2;-0.8;12.3;217;
TOUROUVRE_SAPC;20211120;0.2;3.4;6.0;0;
TOUROUVRE_SAPC;20211121;3.8;4.2;8.2;0;
TOUROUVRE_SAPC;20211122;0.0;2.9;6.4;0;
TOUROUVRE_SAPC;20211123;0.0;0.6;7.2;0;
TOUROUVRE_SAPC;20211124;0.0;2.6;5.9;0;
TOUROUVRE_SAPC;20211125;0.8;-0.2;6.4;47;
TOUROUVRE_SAPC;20211126;5.4;0.4;6.2;0;
TOUROUVRE_SAPC;20211127;10.7;0.5;4.2;0;
TOUROUVRE_SAPC;20211128;0.2;0.5;5.1;306;
TOUROUVRE_SAPC;20211129;0.4;-2.8;4.8;715;
TOUROUVRE_SAPC;20211130;3.2;-0.8;8.8;0;
TOUROUVRE_SAPC;20211201;2.0;5.1;9.3;0;
TOUROUVRE_SAPC;20211202;0.0;1.3;5.7;280;
TOUROUVRE_SAPC;20211203;11.1;-2.6;11.5;333;
TOUROUVRE_SAPC;20211204;5.2;4.1;10.8;0;
TOUROUVRE_SAPC;20211205;7.3;1.4;6.1;0;
TOUROUVRE_SAPC;20211206;2.8;1.4;6.2;0;
TOUROUVRE_SAPC;20211207;4.6;1.8;7.7;0;
TOUROUVRE_SAPC;20211208;0.6;1.4;5.7;110;
TOUROUVRE_SAPC;20211209;15.3;-1.7;8.4;602;
TOUROUVRE_SAPC;20211210;3.8;3.9;6.7;0;
TOUROUVRE_SAPC;20211211;1.4;0.1;8.0;0;
TOUROUVRE_SAPC;20211212;1.0;4.9;10.0;0;
TOUROUVRE_SAPC;20211213;0.0;5.7;8.0;0;
TOUROUVRE_SAPC;20211214;0.2;4.1;7.9;0;
TOUROUVRE_SAPC;20211215;0.0;5.3;7.1;0;
TOUROUVRE_SAPC;20211216;0.0;6.1;9.3;0;
TOUROUVRE_SAPC;20211217;0.2;4.1;6.8;0;
TOUROUVRE_SAPC;20211218;0.0;2.5;8.1;0;
TOUROUVRE_SAPC;20211219;0.0;3.4;4.6;0;
TOUROUVRE_SAPC;20211220;0.0;2.9;3.6;0;
TOUROUVRE_SAPC;20211221;0.0;-0.8;3.5;553;
TOUROUVRE_SAPC;20211222;0.0;-3.2;0.7;1440;
TOUROUVRE_SAPC;20211223;0.8;-2.8;7.6;325;
TOUROUVRE_SAPC;20211224;1.6;3.3;8.7;0;
TOUROUVRE_SAPC;20211225;1.2;7.9;9.4;0;
TOUROUVRE_SAPC;20211226;6.6;8.3;10.5;0;
TOUROUVRE_SAPC;20211227;9.7;8.3;12.0;0;
TOUROUVRE_SAPC;20211228;4.8;9.1;11.4;0;
TOUROUVRE_SAPC;20211229;4.9;8.0;14.1;0;
TOUROUVRE_SAPC;20211230;0.0;10.1;13.1;0;
TOUROUVRE_SAPC;20211231;0.0;3.6;11.4;0;
TOUROUVRE_SAPC;20220101;0.2;5.6;13.7;;
TOUROUVRE_SAPC;20220102;0.0;7.6;12.4;0;
TOUROUVRE_SAPC;20220103;27.4;9.4;11.1;0;
TOUROUVRE_SAPC;20220104;0.6;5.8;8.6;0;
TOUROUVRE_SAPC;20220105;0.2;-0.7;5.8;351;
TOUROUVRE_SAPC;20220106;0.4;-2.6;4.1;686;
TOUROUVRE_SAPC;20220107;4.4;2.7;7.4;0;
TOUROUVRE_SAPC;20220108;14.7;3.0;8.5;0;
TOUROUVRE_SAPC;20220109;0.4;3.3;7.9;0;
TOUROUVRE_SAPC;20220110;0.0;4.4;6.8;0;
TOUROUVRE_SAPC;20220111;0.0;-0.2;8.0;249;
TOUROUVRE_SAPC;20220112;0.2;-2.0;5.3;371;
TOUROUVRE_SAPC;20220113;0.0;1.3;3.5;0;
TOUROUVRE_SAPC;20220114;0.2;-0.7;6.5;450;
TOUROUVRE_SAPC;20220115;0.0;-3.8;-0.2;1440;
TOUROUVRE_SAPC;20220116;0.4;-2.2;5.5;490;
TOUROUVRE_SAPC;20220117;0.2;3.0;8.0;105;
TOUROUVRE_SAPC;20220118;0.0;-0.3;6.7;67;
TOUROUVRE_SAPC;20220119;0.6;3.3;5.8;0;
TOUROUVRE_SAPC;20220120;0.2;-0.7;6.4;120;
TOUROUVRE_SAPC;20220121;0.0;-0.5;5.5;211;
TOUROUVRE_SAPC;20220122;0.0;-0.8;4.4;0;
TOUROUVRE_SAPC;20220123;0.0;1.6;2.8;0;
TOUROUVRE_SAPC;20220124;0.2;-2.1;6.0;772;
TOUROUVRE_SAPC;20220125;0.0;-2.2;-0.1;1440;
TOUROUVRE_SAPC;20220126;0.2;-1.7;3.2;498;
TOUROUVRE_SAPC;20220127;0.0;1.8;6.6;0;
TOUROUVRE_SAPC;20220128;0.2;2.6;6.3;0;
TOUROUVRE_SAPC;20220129;1.0;4.6;9.1;0;
TOUROUVRE_SAPC;20220130;0.2;3.8;10.8;0;
TOUROUVRE_SAPC;20220131;0.0;4.2;8.0;0;
TOUROUVRE_SAPC;20220201;0.4;0.6;9.2;0;
TOUROUVRE_SAPC;20220202;0.2;7.1;8.6;0;
TOUROUVRE_SAPC;20220203;0.0;4.6;6.8;0;
TOUROUVRE_SAPC;20220204;1.4;4.4;9.9;11;
TOUROUVRE_SAPC;20220205;0.2;-0.6;9.0;94;
TOUROUVRE_SAPC;20220206;4.2;5.4;10.4;;
TOUROUVRE_SAPC;20220207;0.0;0.1;10.0;0;
TOUROUVRE_SAPC;20220208;0.2;0.7;8.6;0;
TOUROUVRE_SAPC;20220209;0.0;-0.7;11.9;114;
TOUROUVRE_SAPC;20220210;0.8;3.6;10.2;0;
TOUROUVRE_SAPC;20220211;0.2;-2.3;8.1;557;
TOUROUVRE_SAPC;20220212;0.2;-2.8;9.2;698;
TOUROUVRE_SAPC;20220213;0.6;-2.8;11.1;491;
TOUROUVRE_SAPC;20220214;1.6;5.6;9.6;0;
TOUROUVRE_SAPC;20220215;7.3;0.7;10.9;0;
TOUROUVRE_SAPC;20220216;1.4;7.9;13.2;0;
TOUROUVRE_SAPC;20220217;0.4;8.6;12.7;0;
TOUROUVRE_SAPC;20220218;1.8;4.8;10.8;0;
TOUROUVRE_SAPC;20220219;0.0;-0.4;8.6;152;
TOUROUVRE_SAPC;20220220;2.8;6.8;12.0;0;
TOUROUVRE_SAPC;20220221;0.6;3.8;9.0;0;
TOUROUVRE_SAPC;20220222;0.8;0.8;11.9;0;
TOUROUVRE_SAPC;20220223;0.0;0.5;10.0;0;
TOUROUVRE_SAPC;20220224;1.4;2.7;8.7;0;
TOUROUVRE_SAPC;20220225;0.2;-1.8;10.1;325;
TOUROUVRE_SAPC;20220226;0.2;-2.3;9.0;446;
TOUROUVRE_SAPC;20220227;0.0;-0.6;9.4;217;
TOUROUVRE_SAPC;20220228;0.2;-2.6;13.5;451;
TOUROUVRE_SAPC;20220301;0.0;2.7;13.9;0;
TOUROUVRE_SAPC;20220302;0.0;5.6;14.1;0;
TOUROUVRE_SAPC;20220303;0.2;5.9;11.8;0;
TOUROUVRE_SAPC;20220304;0.0;6.2;8.3;0;
TOUROUVRE_SAPC;20220305;0.6;5.2;6.5;0;
TOUROUVRE_SAPC;20220306;0.0;2.5;7.4;0;
TOUROUVRE_SAPC;20220307;0.0;-1.8;5.8;442;
TOUROUVRE_SAPC;20220308;0.0;-2.2;14.1;286;
TOUROUVRE_SAPC;20220309;0.0;3.3;14.2;0;
TOUROUVRE_SAPC;20220310;0.0;5.8;14.8;0;
TOUROUVRE_SAPC;20220311;3.4;7.2;11.1;0;
TOUROUVRE_SAPC;20220312;0.2;5.9;11.4;0;
TOUROUVRE_SAPC;20220313;2.6;6.3;9.2;0;
TOUROUVRE_SAPC;20220314;2.8;1.7;14.1;0;
TOUROUVRE_SAPC;20220315;2.4;6.7;11.3;0;
TOUROUVRE_SAPC;20220316;0.0;7.2;13.0;0;
TOUROUVRE_SAPC;20220317;0.0;5.0;8.1;0;
TOUROUVRE_SAPC;20220318;0.0;2.6;13.8;0;
TOUROUVRE_SAPC;20220319;0.0;4.5;14.0;0;
TOUROUVRE_SAPC;20220320;0.0;0.6;13.0;0;
TOUROUVRE_SAPC;20220321;0.0;2.2;16.9;0;
TOUROUVRE_SAPC;20220322;0.0;1.6;15.7;0;
TOUROUVRE_SAPC;20220323;0.0;-0.8;16.3;116;
TOUROUVRE_SAPC;20220324;0.0;3.7;19.0;0;
TOUROUVRE_SAPC;20220325;0.0;6.0;18.0;0;
TOUROUVRE_SAPC;20220326;0.0;4.8;17.9;0;
TOUROUVRE_SAPC;20220327;0.0;6.0;19.5;0;
TOUROUVRE_SAPC;20220328;0.0;3.1;20.8;0;
TOUROUVRE_SAPC;20220329;6.4;8.6;14.6;0;
TOUROUVRE_SAPC;20220330;10.2;5.3;11.2;0;
TOUROUVRE_SAPC;20220331;1.4;2.0;6.8;0;
TOUROUVRE_SAPC;20220401;2.2;0.3;3.1;0;
TOUROUVRE_SAPC;20220402;0.2;-0.4;6.5;420;
TOUROUVRE_SAPC;20220403;0.0;-2.0;7.5;605;
TOUROUVRE_SAPC;20220404;0.4;-4.4;8.1;434;
TOUROUVRE_SAPC;20220405;0.2;6.0;12.0;0;
TOUROUVRE_SAPC;20220406;3.0;4.2;11.5;0;
TOUROUVRE_SAPC;20220407;8.6;8.8;13.6;0;
TOUROUVRE_SAPC;20220408;32.1;1.8;12.6;0;
TOUROUVRE_SAPC;20220409;0.0;0.5;11.8;74;
TOUROUVRE_SAPC;20220410;0.2;-2.7;13.5;380;
TOUROUVRE_SAPC;20220411;0.0;3.6;19.2;0;
TOUROUVRE_SAPC;20220412;0.0;6.9;17.5;0;
TOUROUVRE_SAPC;20220413;0.2;8.6;18.6;0;
TOUROUVRE_SAPC;20220414;0.0;4.5;20.9;0;
TOUROUVRE_SAPC;20220415;0.2;5.9;21.0;0;
TOUROUVRE_SAPC;20220416;0.0;8.0;18.6;0;
TOUROUVRE_SAPC;20220417;0.2;4.1;19.2;0;
TOUROUVRE_SAPC;20220418;0.0;3.8;16.5;0;
TOUROUVRE_SAPC;20220419;0.0;5.7;14.1;0;
TOUROUVRE_SAPC;20220420;0.0;6.4;16.2;0;
TOUROUVRE_SAPC;20220421;0.0;4.9;18.2;0;
TOUROUVRE_SAPC;20220422;0.0;6.5;17.9;0;
TOUROUVRE_SAPC;20220423;0.8;7.6;18.4;0;
TOUROUVRE_SAPC;20220424;0.0;8.4;18.2;0;
TOUROUVRE_SAPC;20220425;0.2;7.3;15.9;0;
TOUROUVRE_SAPC;20220426;0.0;4.4;15.0;0;
TOUROUVRE_SAPC;20220427;0.0;3.5;16.7;0;
TOUROUVRE_SAPC;20220428;0.0;5.5;17.1;0;
TOUROUVRE_SAPC;20220429;0.0;8.9;19.0;0;
TOUROUVRE_SAPC;20220430;0.0;4.3;16.3;0;
TOUROUVRE_SAPC;20220501;0.0;5.1;16.6;0;
TOUROUVRE_SAPC;20220502;0.0;7.0;17.0;0;
TOUROUVRE_SAPC;20220503;0.0;9.5;18.0;0;
TOUROUVRE_SAPC;20220504;2.6;7.6;16.7;0;
TOUROUVRE_SAPC;20220505;0.2;3.0;18.8;0;
TOUROUVRE_SAPC;20220506;0.0;5.8;20.9;0;
TOUROUVRE_SAPC;20220507;0.2;8.3;19.7;0;
TOUROUVRE_SAPC;20220508;0.2;9.5;19.5;0;
TOUROUVRE_SAPC;20220509;0.0;6.6;24.2;0;
TOUROUVRE_SAPC;20220510;0.0;9.5;24.8;0;
TOUROUVRE_SAPC;20220511;0.0;5.7;19.8;0;
TOUROUVRE_SAPC;20220512;0.0;7.6;19.8;0;
TOUROUVRE_SAPC;20220513;0.2;2.5;20.3;0;
TOUROUVRE_SAPC;20220514;0.2;6.0;23.1;0;
TOUROUVRE_SAPC;20220515;0.2;13.4;28.6;0;
TOUROUVRE_SAPC;20220516;0.2;11.2;24.2;0;
TOUROUVRE_SAPC;20220517;1.2;9.3;28.7;0;
TOUROUVRE_SAPC;20220518;0.0;12.0;26.5;0;
TOUROUVRE_SAPC;20220519;1.4;14.7;23.2;0;
TOUROUVRE_SAPC;20220520;21.4;12.0;18.9;0;
TOUROUVRE_SAPC;20220521;0.0;6.6;23.7;0;
TOUROUVRE_SAPC;20220522;3.4;11.8;22.6;0;
TOUROUVRE_SAPC;20220523;4.5;12.9;16.4;0;
TOUROUVRE_SAPC;20220524;2.0;8.0;17.8;0;
TOUROUVRE_SAPC;20220525;0.2;4.8;17.9;0;
TOUROUVRE_SAPC;20220526;0.2;11.2;18.0;0;
TOUROUVRE_SAPC;20220527;0.2;8.7;20.9;0;
TOUROUVRE_SAPC;20220528;0.0;6.7;19.1;0;
TOUROUVRE_SAPC;20220529;0.2;5.1;15.6;0;
TOUROUVRE_SAPC;20220530;0.0;5.3;18.4;0;
TOUROUVRE_SAPC;20220531;0.0;6.9;19.6;0;
TOUROUVRE_SAPC;20220601;0.0;2.7;21.3;0;
TOUROUVRE_SAPC;20220602;0.2;8.0;22.6;0;
TOUROUVRE_SAPC;20220603;1.2;12.1;21.8;0;
TOUROUVRE_SAPC;20220604;0.0;14.4;25.9;0;
TOUROUVRE_SAPC;20220605;0.6;12.6;22.0;0;
TOUROUVRE_SAPC;20220606;1.0;6.6;20.8;0;
TOUROUVRE_SAPC;20220607;13.7;12.6;20.8;0;
TOUROUVRE_SAPC;20220608;0.0;13.3;20.2;0;
TOUROUVRE_SAPC;20220609;0.0;7.4;19.2;0;
TOUROUVRE_SAPC;20220610;0.0;8.1;21.1;0;
TOUROUVRE_SAPC;20220611;0.2;10.0;24.8;0;
TOUROUVRE_SAPC;20220612;0.2;8.5;22.7;0;
TOUROUVRE_SAPC;20220613;0.0;7.5;22.7;0;
TOUROUVRE_SAPC;20220614;0.0;9.4;25.5;0;
TOUROUVRE_SAPC;20220615;0.0;13.7;30.7;0;
TOUROUVRE_SAPC;20220616;0.0;12.5;29.6;0;
TOUROUVRE_SAPC;20220617;0.0;12.2;33.6;0;
TOUROUVRE_SAPC;20220618;2.0;14.7;36.7;0;
TOUROUVRE_SAPC;20220619;0.0;13.3;23.5;0;
TOUROUVRE_SAPC;20220620;0.4;13.3;22.4;0;
TOUROUVRE_SAPC;20220621;0.0;12.7;26.2;0;
TOUROUVRE_SAPC;20220622;16.8;14.4;27.0;0;
TOUROUVRE_SAPC;20220623;1.4;16.0;25.7;0;
TOUROUVRE_SAPC;20220624;1.6;14.4;21.7;0;
TOUROUVRE_SAPC;20220625;3.0;12.2;18.8;0;
TOUROUVRE_SAPC;20220626;0.0;6.3;22.7;0;
TOUROUVRE_SAPC;20220627;0.2;9.4;22.0;0;
TOUROUVRE_SAPC;20220628;0.0;7.0;22.7;0;
TOUROUVRE_SAPC;20220629;5.6;7.2;20.0;0;
TOUROUVRE_SAPC;20220630;1.0;11.8;20.2;0;
TOUROUVRE_SAPC;20220701;0.0;4.9;20.9;0;
TOUROUVRE_SAPC;20220702;0.2;6.2;25.0;0;
TOUROUVRE_SAPC;20220703;0.0;9.1;22.7;0;
TOUROUVRE_SAPC;20220704;0.2;7.7;24.8;0;
TOUROUVRE_SAPC;20220705;0.2;10.0;23.9;0;
TOUROUVRE_SAPC;20220706;0.0;8.9;25.3;0;
TOUROUVRE_SAPC;20220707;0.2;11.3;22.7;0;
TOUROUVRE_SAPC;20220708;0.0;11.5;27.8;0;
TOUROUVRE_SAPC;20220709;0.0;13.0;29.4;0;
TOUROUVRE_SAPC;20220710;0.0;12.0;27.8;0;
TOUROUVRE_SAPC;20220711;0.0;14.0;30.8;0;
TOUROUVRE_SAPC;20220712;0.0;13.5;33.2;0;
TOUROUVRE_SAPC;20220713;0.0;16.5;35.0;0;
TOUROUVRE_SAPC;20220714;0.0;15.3;28.5;0;
TOUROUVRE_SAPC;20220715;0.0;12.9;27.3;0;
TOUROUVRE_SAPC;20220716;0.0;13.1;29.5;0;
TOUROUVRE_SAPC;20220717;0.0;12.0;31.5;0;
TOUROUVRE_SAPC;20220718;0.0;14.4;39.2;0;
TOUROUVRE_SAPC;20220719;0.2;18.4;37.5;0;
TOUROUVRE_SAPC;20220720;18.7;16.8;24.1;0;
TOUROUVRE_SAPC;20220721;0.0;15.5;27.4;0;
TOUROUVRE_SAPC;20220722;4.6;16.1;26.3;0;
TOUROUVRE_SAPC;20220723;0.2;15.6;26.0;0;
TOUROUVRE_SAPC;20220724;0.0;12.9;32.0;0;
TOUROUVRE_SAPC;20220725;0.0;13.8;26.2;0;
TOUROUVRE_SAPC;20220726;0.0;12.8;22.8;0;
TOUROUVRE_SAPC;20220727;0.0;9.2;25.4;0;
TOUROUVRE_SAPC;20220728;0.0;11.9;26.8;0;
TOUROUVRE_SAPC;20220729;0.0;12.4;29.4;0;
TOUROUVRE_SAPC;20220730;0.0;14.2;29.3;0;
TOUROUVRE_SAPC;20220731;0.0;12.6;28.1;0;
TOUROUVRE_SAPC;20220801;0.0;15.8;27.3;0;
TOUROUVRE_SAPC;20220802;0.0;11.6;30.9;0;
TOUROUVRE_SAPC;20220803;0.8;15.9;34.0;0;
TOUROUVRE_SAPC;20220804;2.8;17.2;26.4;0;
TOUROUVRE_SAPC;20220805;0.0;13.5;24.7;0;
TOUROUVRE_SAPC;20220806;0.0;10.7;24.8;0;
TOUROUVRE_SAPC;20220807;0.0;11.7;26.6;0;
TOUROUVRE_SAPC;20220808;0.0;12.9;28.7;0;
TOUROUVRE_SAPC;20220809;0.0;14.3;30.4;0;
TOUROUVRE_SAPC;20220810;0.0;16.6;32.0;0;
TOUROUVRE_SAPC;20220811;0.0;16.9;32.5;0;
TOUROUVRE_SAPC;20220812;0.0;16.8;33.6;0;
TOUROUVRE_SAPC;20220813;0.0;14.0;33.5;0;
TOUROUVRE_SAPC;20220814;1.0;17.7;24.6;0;
TOUROUVRE_SAPC;20220815;0.0;11.9;24.8;0;
TOUROUVRE_SAPC;20220816;30.0;15.5;25.8;0;
TOUROUVRE_SAPC;20220817;0.6;15.4;25.5;0;
TOUROUVRE_SAPC;20220818;0.0;11.9;25.7;0;
TOUROUVRE_SAPC;20220819;1.0;14.1;24.6;0;
TOUROUVRE_SAPC;20220820;0.0;8.8;23.7;0;
TOUROUVRE_SAPC;20220821;0.0;10.5;24.4;0;
TOUROUVRE_SAPC;20220822;0.2;13.9;24.0;0;
TOUROUVRE_SAPC;20220823;0.4;17.6;26.0;0;
TOUROUVRE_SAPC;20220824;0.0;14.3;31.1;0;
TOUROUVRE_SAPC;20220825;0.0;17.0;25.8;0;
TOUROUVRE_SAPC;20220826;0.0;15.0;25.0;0;
TOUROUVRE_SAPC;20220827;0.0;12.8;25.6;0;
TOUROUVRE_SAPC;20220828;0.0;12.7;25.2;0;
TOUROUVRE_SAPC;20220829;0.0;14.9;28.5;0;
TOUROUVRE_SAPC;20220830;0.0;14.8;28.1;0;
TOUROUVRE_SAPC;20220831;0.0;13.9;27.1;0;
TOUROUVRE_SAPC;20220901;16.9;14.5;26.4;0;
TOUROUVRE_SAPC;20220902;30.1;15.7;23.4;0;
TOUROUVRE_SAPC;20220903;0.2;15.5;23.0;0;
TOUROUVRE_SAPC;20220904;0.2;9.2;27.6;0;
TOUROUVRE_SAPC;20220905;1.0;14.5;26.9;0;
TOUROUVRE_SAPC;20220906;1.2;12.4;25.0;0;
TOUROUVRE_SAPC;20220907;4.2;13.1;20.9;0;
TOUROUVRE_SAPC;20220908;1.0;14.2;19.9;0;
TOUROUVRE_SAPC;20220909;6.1;14.1;18.5;0;
TOUROUVRE_SAPC;20220910;2.0;12.4;17.9;0;
TOUROUVRE_SAPC;20220911;0.0;8.5;22.8;0;
TOUROUVRE_SAPC;20220912;0.8;11.3;27.5;0;
TOUROUVRE_SAPC;20220913;0.0;17.3;25.7;0;
TOUROUVRE_SAPC;20220914;0.4;17.1;24.8;0;
TOUROUVRE_SAPC;20220915;0.2;13.3;20.9;0;
TOUROUVRE_SAPC;20220916;0.0;7.7;17.8;0;
TOUROUVRE_SAPC;20220917;0.0;2.9;16.6;0;
TOUROUVRE_SAPC;20220918;0.2;2.3;19.5;0;
TOUROUVRE_SAPC;20220919;0.0;4.9;17.9;0;
TOUROUVRE_SAPC;20220920;0.2;4.8;18.0;0;
TOUROUVRE_SAPC;20220921;0.0;7.0;19.3;0;
TOUROUVRE_SAPC;20220922;0.0;3.7;21.2;0;
TOUROUVRE_SAPC;20220923;3.6;6.4;18.8;0;
TOUROUVRE_SAPC;20220924;30.9;11.0;13.2;0;
TOUROUVRE_SAPC;20220925;0.0;9.9;17.2;0;
TOUROUVRE_SAPC;20220926;11.3;9.0;13.4;0;
TOUROUVRE_SAPC;20220927;14.9;8.5;15.2;0;
TOUROUVRE_SAPC;20220928;2.0;10.2;14.8;0;
TOUROUVRE_SAPC;20220929;0.2;7.5;14.7;0;
TOUROUVRE_SAPC;20220930;2.8;3.0;15.8;0;
TOUROUVRE_SAPC;20221001;0.0;11.4;19.6;0;
TOUROUVRE_SAPC;20221002;1.2;10.5;19.6;0;
TOUROUVRE_SAPC;20221003;0.2;10.6;16.5;0;
TOUROUVRE_SAPC;20221004;0.0;5.1;18.3;0;
TOUROUVRE_SAPC;20221005;1.0;10.9;19.9;0;
TOUROUVRE_SAPC;20221006;0.2;4.0;17.9;0;
TOUROUVRE_SAPC;20221007;0.2;1.7;17.4;0;
TOUROUVRE_SAPC;20221008;0.4;4.0;17.4;0;
TOUROUVRE_SAPC;20221009;0.0;3.2;18.7;0;
TOUROUVRE_SAPC;20221010;0.0;6.7;19.4;0;
TOUROUVRE_SAPC;20221011;0.0;7.6;17.2;0;
TOUROUVRE_SAPC;20221012;0.2;2.8;18.7;0;
TOUROUVRE_SAPC;20221013;4.4;9.7;14.0;0;
TOUROUVRE_SAPC;20221014;11.9;12.7;17.3;0;
TOUROUVRE_SAPC;20221015;1.0;12.9;16.5;0;
TOUROUVRE_SAPC;20221016;3.2;11.1;19.3;0;
TOUROUVRE_SAPC;20221017;1.0;12.1;17.8;0;
TOUROUVRE_SAPC;20221018;0.2;14.4;17.8;0;
TOUROUVRE_SAPC;20221019;1.6;13.7;21.5;0;
TOUROUVRE_SAPC;20221020;2.8;13.2;20.8;0;
TOUROUVRE_SAPC;20221021;0.2;13.0;18.8;0;
TOUROUVRE_SAPC;20221022;4.6;12.2;20.2;0;
TOUROUVRE_SAPC;20221023;0.6;13.5;21.1;0;
TOUROUVRE_SAPC;20221024;8.7;13.7;16.9;0;
TOUROUVRE_SAPC;20221025;0.4;12.3;17.4;0;
TOUROUVRE_SAPC;20221026;0.2;13.1;19.9;0;
TOUROUVRE_SAPC;20221027;0.2;11.3;22.5;0;
TOUROUVRE_SAPC;20221028;0.0;11.5;20.1;;
TOUROUVRE_SAPC;20221029;0.2;13.0;22.2;0;
TOUROUVRE_SAPC;20221030;0.6;10.0;14.6;0;
TOUROUVRE_SAPC;20221031;9.1;6.9;18.8;0;
TOUROUVRE_SAPC;20221101;0.8;8.7;15.9;0;
TOUROUVRE_SAPC;20221102;0.0;6.4;14.5;0;
TOUROUVRE_SAPC;20221103;6.2;7.1;13.1;0;
TOUROUVRE_SAPC;20221104;0.2;6.9;12.2;0;
TOUROUVRE_SAPC;20221105;0.0;2.3;10.6;0;
TOUROUVRE_SAPC;20221106;9.7;8.9;11.5;0;
TOUROUVRE_SAPC;20221107;0.2;10.1;15.7;0;
TOUROUVRE_SAPC;20221108;7.8;10.2;15.0;0;
TOUROUVRE_SAPC;20221109;0.0;7.1;14.4;0;
TOUROUVRE_SAPC;20221110;0.0;2.6;12.7;0;
TOUROUVRE_SAPC;20221111;0.0;6.6;13.2;0;
TOUROUVRE_SAPC;20221112;0.0;4.3;18.9;0;
TOUROUVRE_SAPC;20221113;0.0;4.2;18.6;0;
TOUROUVRE_SAPC;20221114;0.0;4.6;13.1;0;
TOUROUVRE_SAPC;20221115;2.2;6.8;12.8;0;
TOUROUVRE_SAPC;20221116;13.3;6.7;12.3;0;
TOUROUVRE_SAPC;20221117;0.4;8.1;11.9;0;
TOUROUVRE_SAPC;20221118;1.0;6.4;11.7;0;
TOUROUVRE_SAPC;20221119;0.0;1.2;10.9;116;
TOUROUVRE_SAPC;20221120;3.2;-1.0;11.2;130;
TOUROUVRE_SAPC;20221121;10.0;4.8;9.9;0;
TOUROUVRE_SAPC;20221122;1.7;3.2;9.8;0;
TOUROUVRE_SAPC;20221123;4.4;3.3;12.3;0;
TOUROUVRE_SAPC;20221124;4.2;5.1;11.1;0;
TOUROUVRE_SAPC;20221125;0.0;4.6;11.4;0;
TOUROUVRE_SAPC;20221126;1.2;1.1;9.3;0;
TOUROUVRE_SAPC;20221127;7.6;6.7;9.6;0;
TOUROUVRE_SAPC;20221128;0.2;6.7;10.3;0;
TOUROUVRE_SAPC;20221129;0.0;1.3;10.3;0;
TOUROUVRE_SAPC;20221130;0.0;0.4;5.6;0;
TOUROUVRE_SAPC;20221201;0.0;2.9;5.6;0;
TOUROUVRE_SAPC;20221202;0.4;1.9;4.4;0;
TOUROUVRE_SAPC;20221203;0.0;1.5;2.4;0;
TOUROUVRE_SAPC;20221204;0.0;0.5;2.2;0;
TOUROUVRE_SAPC;20221205;0.0;1.5;3.4;0;
TOUROUVRE_SAPC;20221206;0.0;-1.3;4.1;152;
TOUROUVRE_SAPC;20221207;0.0;-1.3;6.6;429;
TOUROUVRE_SAPC;20221208;0.2;-0.9;1.4;528;
TOUROUVRE_SAPC;20221209;0.0;-1.6;3.2;844;
TOUROUVRE_SAPC;20221210;0.2;-2.5;-0.2;1367;
TOUROUVRE_SAPC;20221211;0.0;-3.2;1.2;1252;
TOUROUVRE_SAPC;20221212;0.0;-4.4;-2.1;1440;
TOUROUVRE_SAPC;20221213;2.0;-5.1;0.9;1303;
TOUROUVRE_SAPC;20221214;2.0;-1.9;0.0;1440;
TOUROUVRE_SAPC;20221215;0.0;-3.2;1.9;1070;
TOUROUVRE_SAPC;20221216;0.0;-1.9;3.8;867;
TOUROUVRE_SAPC;20221217;0.0;-5.1;-1.8;1440;
TOUROUVRE_SAPC;20221218;3.0;-5.9;8.3;760;
TOUROUVRE_SAPC;20221219;0.2;4.0;11.5;0;
TOUROUVRE_SAPC;20221220;10.7;9.8;11.1;0;
TOUROUVRE_SAPC;20221221;9.3;6.3;11.8;0;
TOUROUVRE_SAPC;20221222;5.2;10.4;13.5;0;
TOUROUVRE_SAPC;20221223;1.8;11.6;13.7;0;
TOUROUVRE_SAPC;20221224;3.2;9.2;10.5;0;
TOUROUVRE_SAPC;20221225;0.4;9.2;12.3;0;
TOUROUVRE_SAPC;20221226;0.8;3.3;10.1;0;
TOUROUVRE_SAPC;20221227;0.2;-0.1;8.5;31;
TOUROUVRE_SAPC;20221228;2.4;7.1;10.8;0;
TOUROUVRE_SAPC;20221229;0.0;5.5;10.1;0;
TOUROUVRE_SAPC;20221230;6.0;4.4;14.6;0;
TOUROUVRE_SAPC;20221231;0.0;13.0;14.1;0;
TOUROUVRE_SAPC;20230101;4.4;10.1;12.7;0;
TOUROUVRE_SAPC;20230102;0.0;4.0;11.0;0;
TOUROUVRE_SAPC;20230103;3.0;2.3;10.7;0;
TOUROUVRE_SAPC;20230104;0.8;9.0;12.7;0;
TOUROUVRE_SAPC;20230105;0.6;10.3;12.2;0;
TOUROUVRE_SAPC;20230106;0.0;9.1;11.0;0;
TOUROUVRE_SAPC;20230107;4.2;6.5;9.9;0;
TOUROUVRE_SAPC;20230108;2.4;6.3;9.3;0;
TOUROUVRE_SAPC;20230109;1.6;4.6;7.2;0;
TOUROUVRE_SAPC;20230110;4.8;0.2;11.5;0;
TOUROUVRE_SAPC;20230111;0.0;7.5;10.5;0;
TOUROUVRE_SAPC;20230112;3.0;7.5;10.4;0;
TOUROUVRE_SAPC;20230113;3.0;5.4;9.3;0;
TOUROUVRE_SAPC;20230114;10.3;3.4;11.9;0;
TOUROUVRE_SAPC;20230115;8.3;3.2;7.8;0;
TOUROUVRE_SAPC;20230116;9.1;1.5;7.3;239;
TOUROUVRE_SAPC;20230117;0.8;-1.8;2.2;226;
TOUROUVRE_SAPC;20230118;0.2;-3.8;3.4;625;
TOUROUVRE_SAPC;20230119;0.0;-3.0;1.0;658;
TOUROUVRE_SAPC;20230120;0.0;-3.6;5.6;725;
TOUROUVRE_SAPC;20230121;0.0;-2.0;3.3;506;
TOUROUVRE_SAPC;20230122;0.0;-2.4;2.1;748;
TOUROUVRE_SAPC;20230123;0.0;-0.4;1.9;515;
TOUROUVRE_SAPC;20230124;0.0;-0.4;0.6;310;
TOUROUVRE_SAPC;20230125;1.6;-1.2;3.9;788;
TOUROUVRE_SAPC;20230126;1.4;-0.2;5.8;0;
TOUROUVRE_SAPC;20230127;0.0;2.6;4.9;0;
TOUROUVRE_SAPC;20230128;0.0;-0.2;2.5;368;
TOUROUVRE_SAPC;20230129;0.2;-5.4;2.8;627;
TOUROUVRE_SAPC;20230130;0.2;0.7;7.6;62;
TOUROUVRE_SAPC;20230131;0.2;-2.6;7.8;574;
TOUROUVRE_SAPC;20230201;0.0;4.6;9.1;0;
TOUROUVRE_SAPC;20230202;0.0;0.5;8.6;0;
TOUROUVRE_SAPC;20230203;0.0;5.6;8.8;0;
TOUROUVRE_SAPC;20230204;0.0;6.4;9.0;0;
TOUROUVRE_SAPC;20230205;0.2;3.9;8.7;0;
TOUROUVRE_SAPC;20230206;0.0;1.5;6.6;0;
TOUROUVRE_SAPC;20230207;0.0;-1.1;5.8;669;
TOUROUVRE_SAPC;20230208;0.0;-3.2;6.3;909;
TOUROUVRE_SAPC;20230209;0.0;-6.6;6.3;580;
TOUROUVRE_SAPC;20230210;0.0;2.7;10.4;50;
TOUROUVRE_SAPC;20230211;0.2;-2.7;9.3;503;
TOUROUVRE_SAPC;20230212;0.0;3.3;9.0;0;
TOUROUVRE_SAPC;20230213;0.2;-2.3;14.9;486;
TOUROUVRE_SAPC;20230214;0.2;-3.5;15.3;585;
TOUROUVRE_SAPC;20230215;0.0;-2.8;13.4;533;
TOUROUVRE_SAPC;20230216;0.0;0.2;12.2;0;
TOUROUVRE_SAPC;20230217;0.0;9.4;14.8;0;
TOUROUVRE_SAPC;20230218;0.2;8.3;10.6;0;
TOUROUVRE_SAPC;20230219;0.0;7.7;12.9;0;
TOUROUVRE_SAPC;20230220;0.4;-0.9;12.0;361;
TOUROUVRE_SAPC;20230221;0.4;-2.0;13.4;;
TOUROUVRE_SAPC;20230222;0.6;4.5;7.9;0;
TOUROUVRE_SAPC;20230223;0.0;0.5;9.2;0;
TOUROUVRE_SAPC;20230224;0.0;4.6;9.6;0;
TOUROUVRE_SAPC;20230225;0.0;3.1;7.0;0;
TOUROUVRE_SAPC;20230226;0.0;-1.4;4.7;475;
TOUROUVRE_SAPC;20230227;0.0;-1.6;5.7;580;
TOUROUVRE_SAPC;20230228;0.0;-2.6;5.6;791;
TOUROUVRE_SAPC;20230301;0.0;-2.2;6.8;681;
TOUROUVRE_SAPC;20230302;0.0;-2.8;9.2;478;
TOUROUVRE_SAPC;20230303;0.0;-0.8;9.9;191;
TOUROUVRE_SAPC;20230304;0.0;-0.4;4.8;141;
TOUROUVRE_SAPC;20230305;0.0;2.9;6.1;0;
TOUROUVRE_SAPC;20230306;0.0;1.3;7.4;0;
TOUROUVRE_SAPC;20230307;11.1;2.3;8.7;0;
TOUROUVRE_SAPC;20230308;9.0;5.0;13.3;0;
TOUROUVRE_SAPC;20230309;7.9;7.9;13.9;0;
TOUROUVRE_SAPC;20230310;3.8;4.6;8.2;0;
TOUROUVRE_SAPC;20230311;0.0;0.8;8.5;0;
TOUROUVRE_SAPC;20230312;2.4;5.5;12.5;0;
TOUROUVRE_SAPC;20230313;3.0;10.7;15.4;0;
TOUROUVRE_SAPC;20230314;2.4;5.5;9.7;122;
TOUROUVRE_SAPC;20230315;0.0;-1.6;11.1;451;
TOUROUVRE_SAPC;20230316;0.0;3.6;16.6;0;
TOUROUVRE_SAPC;20230317;3.2;5.9;15.5;0;
TOUROUVRE_SAPC;20230318;3.0;6.4;12.0;0;
TOUROUVRE_SAPC;20230319;0.6;6.6;11.5;0;
TOUROUVRE_SAPC;20230320;0.0;0.1;12.7;0;
TOUROUVRE_SAPC;20230321;0.4;6.0;14.5;0;
TOUROUVRE_SAPC;20230322;2.6;7.6;12.9;0;
TOUROUVRE_SAPC;20230323;2.0;9.9;14.7;0;
TOUROUVRE_SAPC;20230324;8.2;8.0;14.2;0;
TOUROUVRE_SAPC;20230325;4.2;6.9;12.9;0;
TOUROUVRE_SAPC;20230326;3.0;6.3;11.6;0;
TOUROUVRE_SAPC;20230327;0.0;1.4;11.2;0;
TOUROUVRE_SAPC;20230328;0.2;1.3;11.0;0;
TOUROUVRE_SAPC;20230329;0.2;7.8;18.9;0;
TOUROUVRE_SAPC;20230330;20.3;10.1;15.1;0;
TOUROUVRE_SAPC;20230331;3.8;9.4;13.2;0;
TOUROUVRE_SAPC;20230401;4.8;7.9;13.2;0;
TOUROUVRE_SAPC;20230402;0.0;6.4;9.0;0;
TOUROUVRE_SAPC;20230403;0.0;3.6;10.7;0;
TOUROUVRE_SAPC;20230404;0.0;-0.6;11.5;126;
TOUROUVRE_SAPC;20230405;0.4;-3.0;14.2;372;
TOUROUVRE_SAPC;20230406;0.2;6.4;14.1;0;
TOUROUVRE_SAPC;20230407;0.0;5.1;13.6;0;
TOUROUVRE_SAPC;20230408;0.2;1.7;14.6;0;
TOUROUVRE_SAPC;20230409;0.0;1.3;17.4;0;
TOUROUVRE_SAPC;20230410;7.1;5.3;13.8;0;
TOUROUVRE_SAPC;20230411;14.5;5.8;11.0;0;
TOUROUVRE_SAPC;20230412;1.2;5.9;11.7;0;
TOUROUVRE_SAPC;20230413;0.0;4.2;12.3;0;
TOUROUVRE_SAPC;20230414;5.2;0.8;11.7;0;
TOUROUVRE_SAPC;20230415;0.0;6.2;10.2;0;
TOUROUVRE_SAPC;20230416;0.0;1.4;14.8;0;
TOUROUVRE_SAPC;20230417;0.0;2.9;15.6;0;
TOUROUVRE_SAPC;20230418;0.4;6.3;14.3;0;
TOUROUVRE_SAPC;20230419;0.0;7.0;18.4;0;
TOUROUVRE_SAPC;20230420;0.2;4.3;13.1;0;
TOUROUVRE_SAPC;20230421;1.0;0.9;13.4;0;
TOUROUVRE_SAPC;20230422;2.0;3.7;16.7;0;
TOUROUVRE_SAPC;20230423;4.8;8.8;14.4;0;
TOUROUVRE_SAPC;20230424;0.8;5.5;13.9;0;
TOUROUVRE_SAPC;20230425;0.0;5.3;11.7;0;
TOUROUVRE_SAPC;20230426;0.4;5.7;13.3;0;
TOUROUVRE_SAPC;20230427;6.6;5.1;18.1;0;
TOUROUVRE_SAPC;20230428;0.0;13.8;20.6;0;
TOUROUVRE_SAPC;20230429;0.0;9.8;17.2;0;
TOUROUVRE_SAPC;20230430;0.0;4.8;18.2;0;
TOUROUVRE_SAPC;20230501;0.2;8.5;17.7;0;
TOUROUVRE_SAPC;20230502;0.0;4.1;19.3;0;
TOUROUVRE_SAPC;20230503;0.2;6.1;19.9;0;
TOUROUVRE_SAPC;20230504;0.0;11.3;21.9;0;
TOUROUVRE_SAPC;20230505;6.4;10.7;18.5;0;
TOUROUVRE_SAPC;20230506;1.4;7.7;18.5;0;
TOUROUVRE_SAPC;20230507;0.4;12.6;19.5;0;
TOUROUVRE_SAPC;20230508;5.4;6.0;18.2;0;
TOUROUVRE_SAPC;20230509;18.2;12.2;17.5;0;
TOUROUVRE_SAPC;20230510;4.0;8.4;16.1;0;
TOUROUVRE_SAPC;20230511;0.0;7.4;16.8;0;
TOUROUVRE_SAPC;20230512;0.4;7.1;15.2;0;
TOUROUVRE_SAPC;20230513;0.0;10.2;19.0;0;
TOUROUVRE_SAPC;20230514;0.0;8.0;20.0;0;
TOUROUVRE_SAPC;20230515;0.2;8.2;16.9;0;
TOUROUVRE_SAPC;20230516;0.2;4.4;16.3;0;
TOUROUVRE_SAPC;20230517;0.0;4.4;17.0;0;
TOUROUVRE_SAPC;20230518;0.2;6.7;17.2;0;
TOUROUVRE_SAPC;20230519;0.0;5.5;18.6;0;
TOUROUVRE_SAPC;20230520;0.0;7.6;20.0;0;
TOUROUVRE_SAPC;20230521;0.0;9.2;20.3;0;
TOUROUVRE_SAPC;20230522;0.0;9.0;19.9;0;
TOUROUVRE_SAPC;20230523;0.0;10.3;19.5;0;
TOUROUVRE_SAPC;20230524;0.0;6.0;19.3;0;
TOUROUVRE_SAPC;20230525;0.2;8.1;20.1;0;
TOUROUVRE_SAPC;20230526;0.0;8.4;21.2;0;
TOUROUVRE_SAPC;20230527;0.0;9.0;23.1;0;
TOUROUVRE_SAPC;20230528;0.0;11.3;24.4;0;
TOUROUVRE_SAPC;20230529;0.0;10.6;23.2;0;
TOUROUVRE_SAPC;20230530;0.0;8.9;21.8;0;
TOUROUVRE_SAPC;20230531;0.2;10.2;24.6;0;
TOUROUVRE_SAPC;20230601;0.0;11.3;26.1;0;
TOUROUVRE_SAPC;20230602;0.0;9.5;20.6;0;
TOUROUVRE_SAPC;20230603;0.0;8.7;23.8;0;
TOUROUVRE_SAPC;20230604;0.0;10.7;25.1;0;
TOUROUVRE_SAPC;20230605;0.0;10.6;25.7;0;
TOUROUVRE_SAPC;20230606;0.2;9.8;25.4;0;
TOUROUVRE_SAPC;20230607;0.0;12.3;27.3;0;
TOUROUVRE_SAPC;20230608;0.0;12.2;26.9;0;
TOUROUVRE_SAPC;20230609;0.0;15.3;29.4;0;
TOUROUVRE_SAPC;20230610;1.6;16.0;27.2;0;
TOUROUVRE_SAPC;20230611;1.6;15.9;22.5;0;
TOUROUVRE_SAPC;20230612;0.0;9.9;28.1;0;
TOUROUVRE_SAPC;20230613;0.0;14.4;28.9;0;
TOUROUVRE_SAPC;20230614;0.0;13.6;29.1;0;
TOUROUVRE_SAPC;20230615;0.0;11.7;29.6;0;
TOUROUVRE_SAPC;20230616;0.0;12.8;29.6;0;
TOUROUVRE_SAPC;20230617;2.6;13.1;31.0;0;
TOUROUVRE_SAPC;20230618;21.7;17.0;27.5;;
TOUROUVRE_SAPC;20230619;0.2;13.8;24.1;0;
TOUROUVRE_SAPC;20230620;10.3;16.9;23.5;0;
TOUROUVRE_SAPC;20230621;0.8;12.3;26.6;0;
TOUROUVRE_SAPC;20230622;0.2;15.8;25.1;0;
TOUROUVRE_SAPC;20230623;0.2;9.6;27.4;0;
TOUROUVRE_SAPC;20230624;0.2;12.7;29.9;0;
TOUROUVRE_SAPC;20230625;0.0;13.5;31.8;0;
TOUROUVRE_SAPC;20230626;0.0;11.7;22.8;0;
TOUROUVRE_SAPC;20230627;0.0;9.3;23.9;0;
TOUROUVRE_SAPC;20230628;0.0;10.7;25.0;0;
TOUROUVRE_SAPC;20230629;0.2;16.3;23.6;0;
TOUROUVRE_SAPC;20230630;2.4;9.3;21.2;0;
TOUROUVRE_SAPC;20230701;0.2;14.7;21.6;0;
TOUROUVRE_SAPC;20230702;0.4;11.1;22.3;0;
TOUROUVRE_SAPC;20230703;0.0;13.9;22.0;0;
TOUROUVRE_SAPC;20230704;15.0;9.1;19.7;0;
TOUROUVRE_SAPC;20230705;0.2;10.2;20.6;0;
TOUROUVRE_SAPC;20230706;0.0;7.9;26.7;0;
TOUROUVRE_SAPC;20230707;0.0;10.4;31.7;0;
TOUROUVRE_SAPC;20230708;0.2;16.8;30.4;0;
TOUROUVRE_SAPC;20230709;3.7;15.7;24.4;0;
TOUROUVRE_SAPC;20230710;0.2;10.1;25.8;0;
TOUROUVRE_SAPC;20230711;0.0;11.9;27.2;0;
TOUROUVRE_SAPC;20230712;0.0;12.9;23.1;0;
TOUROUVRE_SAPC;20230713;0.0;10.3;22.0;0;
TOUROUVRE_SAPC;20230714;0.0;12.7;29.0;0;
TOUROUVRE_SAPC;20230715;1.0;15.6;24.2;0;
TOUROUVRE_SAPC;20230716;0.0;12.5;23.3;0;
TOUROUVRE_SAPC;20230717;0.0;7.6;23.9;0;
TOUROUVRE_SAPC;20230718;0.0;10.7;30.2;0;
TOUROUVRE_SAPC;20230719;0.2;10.6;22.7;0;
TOUROUVRE_SAPC;20230720;1.4;6.4;23.5;0;
TOUROUVRE_SAPC;20230721;0.2;12.4;23.1;0;
TOUROUVRE_SAPC;20230722;0.0;5.9;24.2;0;
TOUROUVRE_SAPC;20230723;14.7;15.5;21.9;0;
TOUROUVRE_SAPC;20230724;14.9;14.6;21.6;0;
TOUROUVRE_SAPC;20230725;0.6;13.4;19.7;;
TOUROUVRE_SAPC;20230726;0.0;6.9;22.0;0;
TOUROUVRE_SAPC;20230727;8.4;15.7;19.1;0;
TOUROUVRE_SAPC;20230728;1.0;16.8;24.9;0;
TOUROUVRE_SAPC;20230729;0.2;16.1;24.6;0;
TOUROUVRE_SAPC;20230730;0.2;12.5;20.7;0;
TOUROUVRE_SAPC;20230731;18.6;14.9;18.6;0;
TOUROUVRE_SAPC;20230801;27.9;13.8;20.9;0;
TOUROUVRE_SAPC;20230802;7.0;15.5;20.3;0;
TOUROUVRE_SAPC;20230803;7.1;14.2;18.5;0;
TOUROUVRE_SAPC;20230804;0.0;13.5;20.7;0;
TOUROUVRE_SAPC;20230805;0.4;9.0;20.0;0;
TOUROUVRE_SAPC;20230806;0.4;12.2;19.4;0;
TOUROUVRE_SAPC;20230807;0.0;9.5;21.1;0;
TOUROUVRE_SAPC;20230808;0.0;12.4;22.6;0;
TOUROUVRE_SAPC;20230809;0.0;13.0;24.3;;
TOUROUVRE_SAPC;20230810;0.2;12.2;29.3;0;
TOUROUVRE_SAPC;20230811;6.0;15.3;22.1;0;
TOUROUVRE_SAPC;20230812;0.0;18.1;23.1;0;
TOUROUVRE_SAPC;20230813;0.2;12.5;22.5;0;
TOUROUVRE_SAPC;20230814;0.0;10.8;24.2;0;
TOUROUVRE_SAPC;20230815;0.2;11.9;21.7;0;
TOUROUVRE_SAPC;20230816;0.0;15.0;26.9;0;
TOUROUVRE_SAPC;20230817;0.0;17.0;28.7;0;
TOUROUVRE_SAPC;20230818;0.0;18.5;30.3;0;
TOUROUVRE_SAPC;20230819;0.0;18.4;26.6;0;
TOUROUVRE_SAPC;20230820;0.0;12.2;27.2;0;
TOUROUVRE_SAPC;20230821;0.0;13.9;28.5;0;
TOUROUVRE_SAPC;20230822;0.0;15.8;30.7;0;
TOUROUVRE_SAPC;20230823;0.0;15.7;30.8;0;
TOUROUVRE_SAPC;20230824;2.2;18.5;26.8;0;
TOUROUVRE_SAPC;20230825;0.0;16.6;20.9;0;
TOUROUVRE_SAPC;20230826;2.6;9.9;21.6;0;
TOUROUVRE_SAPC;20230827;7.1;8.7;18.6;0;
TOUROUVRE_SAPC;20230828;0.2;11.6;19.9;0;
TOUROUVRE_SAPC;20230829;0.6;7.2;19.8;0;
TOUROUVRE_SAPC;20230830;0.0;12.3;19.3;0;
TOUROUVRE_SAPC;20230831;1.4;11.4;20.7;0;
TOUROUVRE_SAPC;20230901;1.6;15.8;21.7;0;
TOUROUVRE_SAPC;20230902;2.8;13.3;25.8;0;
TOUROUVRE_SAPC;20230903;0.0;17.2;31.1;0;
TOUROUVRE_SAPC;20230904;0.0;16.9;32.0;0;
TOUROUVRE_SAPC;20230905;0.0;16.6;31.5;0;
TOUROUVRE_SAPC;20230906;0.0;16.0;32.7;0;
TOUROUVRE_SAPC;20230907;0.0;15.1;32.7;0;
TOUROUVRE_SAPC;20230908;0.0;17.1;31.7;0;
TOUROUVRE_SAPC;20230909;0.0;14.3;33.2;0;
TOUROUVRE_SAPC;20230910;0.0;16.9;29.8;0;
TOUROUVRE_SAPC;20230911;7.3;16.6;22.8;0;
TOUROUVRE_SAPC;20230912;10.9;15.4;22.5;0;
TOUROUVRE_SAPC;20230913;0.2;14.0;22.7;0;
TOUROUVRE_SAPC;20230914;0.4;9.1;23.6;0;
TOUROUVRE_SAPC;20230915;0.0;8.4;27.2;0;
TOUROUVRE_SAPC;20230916;0.0;13.8;26.4;0;
TOUROUVRE_SAPC;20230917;8.4;14.5;25.8;0;
TOUROUVRE_SAPC;20230918;6.1;14.5;21.3;0;
TOUROUVRE_SAPC;20230919;0.0;9.7;20.9;0;
TOUROUVRE_SAPC;20230920;20.7;14.9;22.2;0;
TOUROUVRE_SAPC;20230921;8.8;12.6;17.0;0;
TOUROUVRE_SAPC;20230922;1.6;10.0;17.8;0;
TOUROUVRE_SAPC;20230923;0.4;7.0;17.3;0;
TOUROUVRE_SAPC;20230924;0.0;5.0;20.0;0;
TOUROUVRE_SAPC;20230925;0.2;7.7;23.6;0;
TOUROUVRE_SAPC;20230926;0.2;11.7;24.7;0;
TOUROUVRE_SAPC;20230927;0.0;11.2;23.7;0;
TOUROUVRE_SAPC;20230928;0.0;9.2;20.3;0;
TOUROUVRE_SAPC;20230929;1.0;13.7;20.6;0;
TOUROUVRE_SAPC;20230930;0.0;8.7;22.2;0;
TOUROUVRE_SAPC;20231001;0.2;8.2;26.2;0;
TOUROUVRE_SAPC;20231002;0.6;10.3;28.6;0;
TOUROUVRE_SAPC;20231003;0.6;13.6;18.7;0;
TOUROUVRE_SAPC;20231004;0.0;3.9;17.8;0;
TOUROUVRE_SAPC;20231005;0.2;6.0;19.1;0;
TOUROUVRE_SAPC;20231006;0.2;3.1;20.9;0;
TOUROUVRE_SAPC;20231007;0.2;5.4;24.6;;
TOUROUVRE_SAPC;20231008;0.0;7.4;27.7;0;
TOUROUVRE_SAPC;20231009;0.2;7.9;26.0;0;
TOUROUVRE_SAPC;20231010;0.2;7.2;25.6;0;
TOUROUVRE_SAPC;20231011;4.9;5.5;21.8;0;
TOUROUVRE_SAPC;20231012;0.2;13.2;20.9;0;
TOUROUVRE_SAPC;20231013;0.8;14.4;22.3;0;
TOUROUVRE_SAPC;20231014;0.2;7.5;15.5;0;
TOUROUVRE_SAPC;20231015;0.0;4.7;12.7;0;
TOUROUVRE_SAPC;20231016;0.0;2.8;13.4;0;
TOUROUVRE_SAPC;20231017;0.0;3.4;15.8;0;
TOUROUVRE_SAPC;20231018;9.7;12.0;18.1;0;
TOUROUVRE_SAPC;20231019;19.7;14.1;19.2;0;
TOUROUVRE_SAPC;20231020;3.6;12.6;16.9;0;
TOUROUVRE_SAPC;20231021;13.1;10.1;12.3;0;
TOUROUVRE_SAPC;20231022;0.2;8.7;15.8;0;
TOUROUVRE_SAPC;20231023;3.8;6.3;11.5;0;
TOUROUVRE_SAPC;20231024;16.7;9.0;15.4;0;
TOUROUVRE_SAPC;20231025;4.8;9.8;14.2;0;
TOUROUVRE_SAPC;20231026;7.9;8.3;14.1;0;
TOUROUVRE_SAPC;20231027;9.8;8.7;12.9;0;
TOUROUVRE_SAPC;20231028;11.1;9.4;14.3;0;
TOUROUVRE_SAPC;20231029;3.0;9.8;14.9;0;
TOUROUVRE_SAPC;20231030;2.2;8.9;11.7;;
TOUROUVRE_SAPC;20231031;0.8;6.8;14.1;0;
TOUROUVRE_SAPC;20231101;12.1;10.3;13.6;0;
TOUROUVRE_SAPC;20231102;2.6;7.4;11.6;0;
TOUROUVRE_SAPC;20231103;6.4;3.7;10.2;0;
TOUROUVRE_SAPC;20231104;16.2;7.3;12.8;0;
TOUROUVRE_SAPC;20231105;1.4;8.8;12.7;0;
TOUROUVRE_SAPC;20231106;2.0;7.1;12.2;0;
TOUROUVRE_SAPC;20231107;0.0;5.1;12.0;0;
TOUROUVRE_SAPC;20231108;4.8;5.1;11.4;0;
TOUROUVRE_SAPC;20231109;6.3;5.0;10.5;0;
TOUROUVRE_SAPC;20231110;3.0;4.8;10.3;0;
TOUROUVRE_SAPC;20231111;12.3;1.8;9.8;0;
TOUROUVRE_SAPC;20231112;5.6;6.4;14.2;0;
TOUROUVRE_SAPC;20231113;3.6;11.1;16.1;0;
TOUROUVRE_SAPC;20231114;3.4;10.4;13.5;0;
TOUROUVRE_SAPC;20231115;4.2;7.5;12.1;0;
TOUROUVRE_SAPC;20231116;10.7;6.7;13.1;0;
TOUROUVRE_SAPC;20231117;3.8;5.5;12.2;0;
TOUROUVRE_SAPC;20231118;10.7;8.2;14.3;0;
TOUROUVRE_SAPC;20231119;0.2;10.7;13.9;0;
TOUROUVRE_SAPC;20231120;1.8;8.5;10.6;0;
TOUROUVRE_SAPC;20231121;0.8;7.8;12.1;0;
TOUROUVRE_SAPC;20231122;0.4;4.1;9.8;0;
TOUROUVRE_SAPC;20231123;0.6;2.1;11.3;0;
TOUROUVRE_SAPC;20231124;0.2;6.5;10.6;0;
TOUROUVRE_SAPC;20231125;0.0;-1.8;7.7;409;
TOUROUVRE_SAPC;20231126;2.2;-2.6;5.6;572;
TOUROUVRE_SAPC;20231127;7.8;3.0;8.9;0;
TOUROUVRE_SAPC;20231128;0.4;3.9;8.0;0;
TOUROUVRE_SAPC;20231129;0.2;-0.3;7.5;153;
TOUROUVRE_SAPC;20231130;1.2;0.3;6.7;0;
TOUROUVRE_SAPC;20231201;0.0;-0.5;4.0;408;
TOUROUVRE_SAPC;20231202;0.0;-4.2;4.8;1061;
TOUROUVRE_SAPC;20231203;3.8;-4.3;4.7;544;
TOUROUVRE_SAPC;20231204;5.8;2.6;8.9;0;
TOUROUVRE_SAPC;20231205;0.8;4.0;7.2;0;
TOUROUVRE_SAPC;20231206;0.0;-1.3;4.1;308;
TOUROUVRE_SAPC;20231207;9.3;2.1;6.9;0;
TOUROUVRE_SAPC;20231208;3.2;4.1;10.2;0;
TOUROUVRE_SAPC;20231209;21.6;5.8;13.7;0;
TOUROUVRE_SAPC;20231210;3.4;7.3;13.2;0;
TOUROUVRE_SAPC;20231211;0.8;9.1;11.4;0;
TOUROUVRE_SAPC;20231212;1.8;9.4;12.0;0;
TOUROUVRE_SAPC;20231213;1.2;6.4;9.1;0;
TOUROUVRE_SAPC;20231214;1.0;5.8;7.6;0;
TOUROUVRE_SAPC;20231215;0.2;4.8;9.1;0;
TOUROUVRE_SAPC;20231216;0.2;-1.7;9.7;603;
TOUROUVRE_SAPC;20231217;0.2;-1.6;8.2;664;
TOUROUVRE_SAPC;20231218;0.2;-2.3;3.9;575;
TOUROUVRE_SAPC;20231219;1.6;3.1;9.3;0;
TOUROUVRE_SAPC;20231220;1.2;1.5;9.0;0;
TOUROUVRE_SAPC;20231221;2.0;7.9;11.2;0;
TOUROUVRE_SAPC;20231222;1.0;8.6;10.6;0;
TOUROUVRE_SAPC;20231223;0.0;7.5;10.2;0;
TOUROUVRE_SAPC;20231224;0.0;7.7;12.0;0;
TOUROUVRE_SAPC;20231225;0.4;9.3;10.3;0;
TOUROUVRE_SAPC;20231226;2.0;8.5;9.8;0;
TOUROUVRE_SAPC;20231227;0.0;7.1;10.0;0;
TOUROUVRE_SAPC;20231228;0.2;7.7;10.9;0;
TOUROUVRE_SAPC;20231229;1.0;7.3;10.4;0;
TOUROUVRE_SAPC;20231230;8.1;7.1;10.4;0;
TOUROUVRE_SAPC;20231231;0.0;6.2;8.9;0;
TOUROUVRE_SAPC;20240101;13.1;2.3;10.6;0;
TOUROUVRE_SAPC;20240102;14.1;8.1;12.5;0;
TOUROUVRE_SAPC;20240103;1.8;8.8;10.6;0;
TOUROUVRE_SAPC;20240104;0.6;6.0;10.5;0;
TOUROUVRE_SAPC;20240105;0.2;3.2;9.0;0;
TOUROUVRE_SAPC;20240106;0.0;1.7;6.0;0;
TOUROUVRE_SAPC;20240107;0.0;1.6;4.5;0;
TOUROUVRE_SAPC;20240108;3.0;-3.0;-2.3;1398;
TOUROUVRE_SAPC;20240109;2.0;-4.5;-3.5;1440;
TOUROUVRE_SAPC;20240110;0.0;-6.0;-2.4;1440;
TOUROUVRE_SAPC;20240111;0.0;-5.8;1.9;1105;
TOUROUVRE_SAPC;20240112;0.0;-2.1;2.3;222;
TOUROUVRE_SAPC;20240113;0.0;-3.0;-1.8;1440;
TOUROUVRE_SAPC;20240114;0.0;-4.7;-0.8;1440;
TOUROUVRE_SAPC;20240115;0.0;-2.0;4.4;892;
TOUROUVRE_SAPC;20240116;10.0;-5.7;2.2;;
TOUROUVRE_SAPC;20240117;25.0;-0.7;3.8;294;
TOUROUVRE_SAPC;20240118;0.0;-2.3;2.2;971;
TOUROUVRE_SAPC;20240119;0.2;-6.4;5.0;1035;
TOUROUVRE_SAPC;20240120;1.0;-5.1;3.0;1198;
TOUROUVRE_SAPC;20240121;1.2;-2.2;10.9;323;
TOUROUVRE_SAPC;20240122;1.2;7.5;12.1;0;
TOUROUVRE_SAPC;20240123;1.0;4.3;12.3;0;
TOUROUVRE_SAPC;20240124;0.8;10.7;14.0;0;
TOUROUVRE_SAPC;20240125;0.8;9.9;11.0;0;
TOUROUVRE_SAPC;20240126;2.8;2.9;11.0;160;
TOUROUVRE_SAPC;20240127;0.2;-2.3;9.4;512;
TOUROUVRE_SAPC;20240128;0.0;-0.8;11.8;238;
TOUROUVRE_SAPC;20240129;0.0;2.0;12.5;0;
TOUROUVRE_SAPC;20240130;0.0;4.6;11.8;0;
TOUROUVRE_SAPC;20240131;0.2;0.4;11.1;0;
TOUROUVRE_SAPC;20240201;0.4;4.9;12.1;0;
TOUROUVRE_SAPC;20240202;0.2;2.2;7.8;0;
TOUROUVRE_SAPC;20240203;0.0;6.9;9.6;0;
TOUROUVRE_SAPC;20240204;0.0;7.5;8.6;0;
TOUROUVRE_SAPC;20240205;0.2;6.5;7.4;0;
TOUROUVRE_SAPC;20240206;0.8;6.5;10.7;0;
TOUROUVRE_SAPC;20240207;8.4;9.9;12.2;0;
TOUROUVRE_SAPC;20240208;8.2;10.2;11.6;0;
TOUROUVRE_SAPC;20240209;3.6;9.5;11.9;0;
TOUROUVRE_SAPC;20240210;6.5;5.6;8.9;0;
TOUROUVRE_SAPC;20240211;3.4;4.9;10.0;0;
TOUROUVRE_SAPC;20240212;0.0;1.5;11.0;5;
TOUROUVRE_SAPC;20240213;0.6;-0.1;10.8;66;
TOUROUVRE_SAPC;20240214;1.4;7.8;13.9;0;
TOUROUVRE_SAPC;20240215;0.2;8.2;18.1;0;
TOUROUVRE_SAPC;20240216;1.0;9.4;12.8;0;
TOUROUVRE_SAPC;20240217;0.0;4.9;13.8;0;
TOUROUVRE_SAPC;20240218;3.6;4.7;11.8;0;
TOUROUVRE_SAPC;20240219;0.2;8.5;10.4;0;
TOUROUVRE_SAPC;20240220;0.2;5.0;10.1;0;
TOUROUVRE_SAPC;20240221;10.7;7.3;11.6;0;
TOUROUVRE_SAPC;20240222;10.1;6.4;13.5;0;
TOUROUVRE_SAPC;20240223;0.4;3.2;8.3;0;
TOUROUVRE_SAPC;20240224;4.6;1.7;7.2;0;
TOUROUVRE_SAPC;20240225;14.3;3.2;8.0;0;
TOUROUVRE_SAPC;20240226;6.4;4.7;7.2;0;
TOUROUVRE_SAPC;20240227;0.0;4.0;9.0;0;
TOUROUVRE_SAPC;20240228;1.0;-1.3;9.5;260;
TOUROUVRE_SAPC;20240229;4.8;8.4;11.1;0;
TOUROUVRE_SAPC;20240301;7.6;2.9;9.5;0;
TOUROUVRE_SAPC;20240302;0.8;3.1;6.5;0;
TOUROUVRE_SAPC;20240303;0.0;0.4;10.2;102;
TOUROUVRE_SAPC;20240304;0.6;-2.8;8.9;476;
TOUROUVRE_SAPC;20240305;2.6;4.5;9.3;0;
TOUROUVRE_SAPC;20240306;0.4;2.7;10.2;0;
TOUROUVRE_SAPC;20240307;0.0;-0.1;11.6;5;
TOUROUVRE_SAPC;20240308;0.4;1.9;12.2;0;
TOUROUVRE_SAPC;20240309;0.4;4.5;10.9;0;
TOUROUVRE_SAPC;20240310;0.0;5.5;11.0;0;
TOUROUVRE_SAPC;20240311;1.2;-0.6;10.7;241;
TOUROUVRE_SAPC;20240312;2.8;5.8;11.9;;
TOUROUVRE_SAPC;20240313;0.4;9.0;14.6;0;
TOUROUVRE_SAPC;20240314;0.8;1.6;16.7;0;
TOUROUVRE_SAPC;20240315;1.6;10.3;15.5;0;
TOUROUVRE_SAPC;20240316;1.0;7.8;13.5;0;
TOUROUVRE_SAPC;20240317;5.8;10.1;15.8;0;
TOUROUVRE_SAPC;20240318;0.0;7.1;15.8;;
TOUROUVRE_SAPC;20240319;0.2;4.4;15.1;0;
TOUROUVRE_SAPC;20240320;0.0;3.8;21.0;0;
TOUROUVRE_SAPC;20240321;0.2;6.1;18.2;0;
TOUROUVRE_SAPC;20240322;1.6;2.8;15.9;0;
TOUROUVRE_SAPC;20240323;5.2;3.1;10.7;0;
TOUROUVRE_SAPC;20240324;0.0;0.7;12.1;0;
TOUROUVRE_SAPC;20240325;0.4;0.0;11.6;2;
TOUROUVRE_SAPC;20240326;15.3;4.6;10.7;0;
TOUROUVRE_SAPC;20240327;8.6;4.0;9.6;0;
TOUROUVRE_SAPC;20240328;9.6;2.1;10.5;0;
TOUROUVRE_SAPC;20240329;1.8;5.8;12.3;0;
TOUROUVRE_SAPC;20240330;0.0;5.7;12.7;0;
TOUROUVRE_SAPC;20240331;2.2;4.2;14.6;0;
TOUROUVRE_SAPC;20240401;0.6;2.8;13.5;0;
TOUROUVRE_SAPC;20240402;3.8;6.6;12.0;0;
TOUROUVRE_SAPC;20240403;11.3;9.1;15.3;0;
TOUROUVRE_SAPC;20240404;8.1;10.1;17.5;0;
TOUROUVRE_SAPC;20240405;1.2;11.6;16.1;0;
TOUROUVRE_SAPC;20240406;1.0;10.8;19.6;0;
TOUROUVRE_SAPC;20240407;6.0;10.8;15.4;0;
TOUROUVRE_SAPC;20240408;0.0;6.8;19.6;0;
TOUROUVRE_SAPC;20240409;2.2;5.4;12.2;0;
TOUROUVRE_SAPC;20240410;0.0;0.7;15.0;0;
TOUROUVRE_SAPC;20240411;0.2;10.1;19.4;0;
TOUROUVRE_SAPC;20240412;0.0;5.8;21.7;0;
TOUROUVRE_SAPC;20240413;0.2;6.3;22.9;0;
TOUROUVRE_SAPC;20240414;0.4;8.5;18.4;0;
TOUROUVRE_SAPC;20240415;3.8;4.3;12.5;0;
TOUROUVRE_SAPC;20240416;0.8;3.7;13.2;0;
TOUROUVRE_SAPC;20240417;0.8;1.1;11.7;0;
TOUROUVRE_SAPC;20240418;0.2;2.4;13.3;0;
TOUROUVRE_SAPC;20240419;1.2;4.6;11.8;0;
TOUROUVRE_SAPC;20240420;0.2;1.6;10.5;0;
TOUROUVRE_SAPC;20240421;0.0;-0.3;11.0;65;
TOUROUVRE_SAPC;20240422;0.0;0.9;11.1;0;
TOUROUVRE_SAPC;20240423;0.0;0.4;12.2;0;
TOUROUVRE_SAPC;20240424;0.0;5.0;11.0;0;
TOUROUVRE_SAPC;20240425;0.2;-1.7;13.7;182;
TOUROUVRE_SAPC;20240426;4.2;0.6;14.1;0;
TOUROUVRE_SAPC;20240427;20.2;7.8;12.4;0;
TOUROUVRE_SAPC;20240428;2.6;7.7;14.4;0;
TOUROUVRE_SAPC;20240429;0.0;2.4;17.2;0;
TOUROUVRE_SAPC;20240430;0.2;5.4;17.4;0;
TOUROUVRE_SAPC;20240501;23.8;8.1;13.0;0;
TOUROUVRE_SAPC;20240502;0.0;8.5;12.5;0;
TOUROUVRE_SAPC;20240503;0.6;4.0;15.7;0;
TOUROUVRE_SAPC;20240504;0.2;4.5;16.2;0;
TOUROUVRE_SAPC;20240505;8.0;9.2;15.9;0;
TOUROUVRE_SAPC;20240506;3.0;7.8;16.2;0;
TOUROUVRE_SAPC;20240507;0.0;8.3;18.5;0;
TOUROUVRE_SAPC;20240508;0.4;8.1;17.2;0;
TOUROUVRE_SAPC;20240509;0.0;5.0;20.2;0;
TOUROUVRE_SAPC;20240510;0.0;10.0;22.4;0;
TOUROUVRE_SAPC;20240511;0.2;11.5;25.3;0;
TOUROUVRE_SAPC;20240512;1.6;9.4;23.7;0;
TOUROUVRE_SAPC;20240513;5.8;11.7;20.7;0;
TOUROUVRE_SAPC;20240514;1.8;11.5;19.2;0;
TOUROUVRE_SAPC;20240515;0.8;8.1;19.1;0;
TOUROUVRE_SAPC;20240516;0.4;8.2;16.9;0;
TOUROUVRE_SAPC;20240517;2.0;5.0;20.3;0;
TOUROUVRE_SAPC;20240518;7.8;6.4;19.7;0;
TOUROUVRE_SAPC;20240519;0.4;8.4;21.5;0;
TOUROUVRE_SAPC;20240520;22.6;9.7;19.8;0;
TOUROUVRE_SAPC;20240521;2.4;11.6;17.2;0;
TOUROUVRE_SAPC;20240522;3.2;10.3;19.5;0;
TOUROUVRE_SAPC;20240523;0.4;9.4;19.9;0;
TOUROUVRE_SAPC;20240524;0.2;9.9;18.4;0;
TOUROUVRE_SAPC;20240525;0.2;6.9;22.2;0;
TOUROUVRE_SAPC;20240526;0.2;12.8;19.9;0;
TOUROUVRE_SAPC;20240527;1.6;10.4;16.3;0;
TOUROUVRE_SAPC;20240528;4.0;9.2;17.2;0;
TOUROUVRE_SAPC;20240529;11.7;12.5;18.2;0;
TOUROUVRE_SAPC;20240530;4.6;9.6;16.3;0;
TOUROUVRE_SAPC;20240531;1.4;10.9;15.7;0;
TOUROUVRE_SAPC;20240601;1.2;10.8;13.3;0;
TOUROUVRE_SAPC;20240602;0.0;10.7;17.9;0;
TOUROUVRE_SAPC;20240603;0.2;7.9;23.0;0;
TOUROUVRE_SAPC;20240604;0.0;10.3;22.0;0;
TOUROUVRE_SAPC;20240605;0.0;10.1;20.4;0;
TOUROUVRE_SAPC;20240606;0.0;7.8;20.5;0;
TOUROUVRE_SAPC;20240607;0.0;4.7;21.6;0;
TOUROUVRE_SAPC;20240608;0.2;6.9;21.3;0;
TOUROUVRE_SAPC;20240609;0.0;6.9;20.7;0;
TOUROUVRE_SAPC;20240610;3.4;4.9;17.7;0;
TOUROUVRE_SAPC;20240611;0.2;3.8;17.8;0;
TOUROUVRE_SAPC;20240612;0.0;3.1;18.4;0;
TOUROUVRE_SAPC;20240613;1.4;2.8;19.6;0;
TOUROUVRE_SAPC;20240614;5.3;10.0;17.6;0;
TOUROUVRE_SAPC;20240615;3.6;9.1;15.3;0;
TOUROUVRE_SAPC;20240616;0.8;11.5;17.6;0;
TOUROUVRE_SAPC;20240617;2.4;12.5;22.1;0;
TOUROUVRE_SAPC;20240618;9.9;13.0;22.1;0;
TOUROUVRE_SAPC;20240619;0.0;14.1;20.0;0;
TOUROUVRE_SAPC;20240620;0.4;13.0;22.5;0;
TOUROUVRE_SAPC;20240621;1.6;15.2;23.8;0;
TOUROUVRE_SAPC;20240622;0.0;12.3;19.8;0;
TOUROUVRE_SAPC;20240623;0.2;8.5;23.9;0;
TOUROUVRE_SAPC;20240624;0.0;11.5;27.3;0;
TOUROUVRE_SAPC;20240625;0.0;15.0;29.5;0;
TOUROUVRE_SAPC;20240626;0.2;16.5;29.7;0;
TOUROUVRE_SAPC;20240627;0.0;14.9;25.5;0;
TOUROUVRE_SAPC;20240628;0.0;8.4;23.3;0;
TOUROUVRE_SAPC;20240629;1.8;11.3;20.7;0;
TOUROUVRE_SAPC;20240630;0.0;10.9;22.5;0;
TOUROUVRE_SAPC;20240701;0.0;9.5;19.7;0;
TOUROUVRE_SAPC;20240702;0.8;12.5;21.5;0;
TOUROUVRE_SAPC;20240703;1.2;8.5;20.4;0;
TOUROUVRE_SAPC;20240704;0.2;12.4;21.3;0;
TOUROUVRE_SAPC;20240705;0.6;8.4;23.8;0;
TOUROUVRE_SAPC;20240706;0.0;12.6;20.5;0;
TOUROUVRE_SAPC;20240707;0.2;5.2;18.6;;
TOUROUVRE_SAPC;20240708;0.8;7.0;23.6;0;
TOUROUVRE_SAPC;20240709;15.8;13.5;21.9;0;
TOUROUVRE_SAPC;20240710;0.0;14.7;23.9;0;
TOUROUVRE_SAPC;20240711;8.1;13.6;23.2;0;
TOUROUVRE_SAPC;20240712;6.0;10.6;21.3;0;
TOUROUVRE_SAPC;20240713;0.2;9.4;21.7;0;
TOUROUVRE_SAPC;20240714;0.2;8.5;22.4;0;
TOUROUVRE_SAPC;20240715;2.4;9.8;23.2;0;
TOUROUVRE_SAPC;20240716;0.2;13.9;21.8;0;
TOUROUVRE_SAPC;20240717;0.0;9.3;25.7;0;
TOUROUVRE_SAPC;20240718;0.0;12.6;30.1;0;
TOUROUVRE_SAPC;20240719;0.0;15.2;31.3;0;
TOUROUVRE_SAPC;20240720;0.2;13.6;27.5;0;
TOUROUVRE_SAPC;20240721;0.0;15.3;24.5;0;
TOUROUVRE_SAPC;20240722;1.8;11.7;21.4;0;
TOUROUVRE_SAPC;20240723;0.6;17.0;21.9;0;
TOUROUVRE_SAPC;20240724;0.0;10.1;26.0;0;
TOUROUVRE_SAPC;20240725;1.4;13.7;25.8;0;
TOUROUVRE_SAPC;20240726;4.2;16.4;20.8;0;
TOUROUVRE_SAPC;20240727;0.2;15.3;20.2;0;
TOUROUVRE_SAPC;20240728;0.0;7.9;25.1;0;
TOUROUVRE_SAPC;20240729;0.0;14.2;31.7;0;
TOUROUVRE_SAPC;20240730;0.0;18.8;35.5;;
TOUROUVRE_SAPC;20240731;20.5;19.7;32.5;0;
TOUROUVRE_SAPC;20240801;0.0;17.3;30.3;0;
TOUROUVRE_SAPC;20240802;0.2;16.2;26.8;0;
TOUROUVRE_SAPC;20240803;1.0;11.6;22.3;0;
TOUROUVRE_SAPC;20240804;0.2;13.9;23.7;0;
TOUROUVRE_SAPC;20240805;0.0;10.7;26.8;0;
TOUROUVRE_SAPC;20240806;5.3;11.4;23.3;0;
TOUROUVRE_SAPC;20240807;0.0;12.5;22.9;0;
TOUROUVRE_SAPC;20240808;0.0;11.7;25.7;0;
TOUROUVRE_SAPC;20240809;0.0;14.7;25.3;0;
TOUROUVRE_SAPC;20240810;0.0;12.0;28.9;0;
TOUROUVRE_SAPC;20240811;0.0;15.7;31.3;0;
TOUROUVRE_SAPC;20240812;0.2;17.0;32.8;0;
TOUROUVRE_SAPC;20240813;0.0;17.0;24.4;0;
TOUROUVRE_SAPC;20240814;1.4;12.9;24.3;0;
TOUROUVRE_SAPC;20240815;0.0;11.2;25.5;0;
TOUROUVRE_SAPC;20240816;0.6;14.7;24.2;0;
TOUROUVRE_SAPC;20240817;6.6;16.3;19.0;0;
TOUROUVRE_SAPC;20240818;0.2;9.0;20.7;0;
TOUROUVRE_SAPC;20240819;0.2;7.6;22.1;0;
TOUROUVRE_SAPC;20240820;15.8;10.6;19.8;0;
TOUROUVRE_SAPC;20240821;0.2;5.9;20.6;0;
TOUROUVRE_SAPC;20240822;0.2;7.1;23.1;0;
TOUROUVRE_SAPC;20240823;0.0;15.5;22.5;0;
TOUROUVRE_SAPC;20240824;3.2;15.8;24.8;0;
TOUROUVRE_SAPC;20240825;0.2;7.5;20.5;0;
TOUROUVRE_SAPC;20240826;0.2;6.2;22.8;0;
TOUROUVRE_SAPC;20240827;0.0;9.1;26.2;0;
TOUROUVRE_SAPC;20240828;0.0;10.7;29.2;0;
TOUROUVRE_SAPC;20240829;0.6;14.6;22.3;0;
TOUROUVRE_SAPC;20240830;10.5;13.9;17.0;0;
TOUROUVRE_SAPC;20240831;2.6;14.6;21.6;0;
TOUROUVRE_SAPC;20240901;0.0;17.2;25.5;0;
TOUROUVRE_SAPC;20240902;0.6;16.9;23.0;0;
TOUROUVRE_SAPC;20240903;0.2;14.9;23.8;0;
TOUROUVRE_SAPC;20240904;0.2;10.7;20.9;0;
TOUROUVRE_SAPC;20240905;3.8;13.0;18.3;0;
TOUROUVRE_SAPC;20240906;2.0;10.1;22.5;0;
TOUROUVRE_SAPC;20240907;3.4;14.7;20.0;0;
TOUROUVRE_SAPC;20240908;6.4;12.7;19.3;0;
TOUROUVRE_SAPC;20240909;0.0;13.8;16.5;0;
TOUROUVRE_SAPC;20240910;2.2;8.0;15.1;0;
TOUROUVRE_SAPC;20240911;0.2;10.0;16.5;0;
TOUROUVRE_SAPC;20240912;4.0;4.0;16.9;0;
TOUROUVRE_SAPC;20240913;0.2;5.1;16.7;0;
TOUROUVRE_SAPC;20240914;0.0;4.4;17.4;0;
TOUROUVRE_SAPC;20240915;0.0;2.7;19.4;0;
TOUROUVRE_SAPC;20240916;0.2;7.7;18.5;0;
TOUROUVRE_SAPC;20240917;0.0;10.7;19.5;0;
TOUROUVRE_SAPC;20240918;0.0;12.7;21.9;0;
TOUROUVRE_SAPC;20240919;0.0;13.5;24.2;0;
TOUROUVRE_SAPC;20240920;16.8;12.6;22.7;0;
TOUROUVRE_SAPC;20240921;1.6;12.1;22.2;0;
TOUROUVRE_SAPC;20240922;16.4;15.0;18.6;0;
TOUROUVRE_SAPC;20240923;5.5;13.2;17.9;0;
TOUROUVRE_SAPC;20240924;2.2;12.6;15.6;0;
TOUROUVRE_SAPC;20240925;17.5;11.0;15.2;0;
TOUROUVRE_SAPC;20240926;1.2;13.4;17.8;0;
TOUROUVRE_SAPC;20240927;3.6;9.3;14.2;0;
TOUROUVRE_SAPC;20240928;0.4;5.7;14.6;0;
TOUROUVRE_SAPC;20240929;0.6;3.7;13.3;0;
TOUROUVRE_SAPC;20240930;0.6;10.5;16.6;0;
TOUROUVRE_SAPC;20241001;0.2;10.2;16.9;0;
TOUROUVRE_SAPC;20241002;0.0;9.3;16.4;0;
TOUROUVRE_SAPC;20241003;0.2;9.4;14.4;0;
TOUROUVRE_SAPC;20241004;0.2;4.4;15.8;0;
TOUROUVRE_SAPC;20241005;0.4;1.4;16.7;0;
TOUROUVRE_SAPC;20241006;1.8;9.8;16.9;0;
TOUROUVRE_SAPC;20241007;2.4;11.8;15.8;0;
TOUROUVRE_SAPC;20241008;2.8;12.3;16.9;0;
TOUROUVRE_SAPC;20241009;51.0;11.6;12.6;0;
TOUROUVRE_SAPC;20241010;0.2;11.0;15.9;0;
TOUROUVRE_SAPC;20241011;0.2;6.8;14.1;0;
TOUROUVRE_SAPC;20241012;0.4;8.5;15.1;0;
TOUROUVRE_SAPC;20241013;0.0;6.6;16.3;0;
TOUROUVRE_SAPC;20241014;0.2;8.5;19.4;0;
TOUROUVRE_SAPC;20241015;0.2;10.8;18.4;0;
TOUROUVRE_SAPC;20241016;7.1;14.5;23.3;0;
TOUROUVRE_SAPC;20241017;0.8;13.5;15.9;0;
TOUROUVRE_SAPC;20241018;0.8;11.5;17.5;0;
TOUROUVRE_SAPC;20241019;7.5;7.8;15.3;0;
TOUROUVRE_SAPC;20241020;0.8;8.5;17.4;0;
TOUROUVRE_SAPC;20241021;18.4;11.8;13.1;0;
TOUROUVRE_SAPC;20241022;0.2;7.8;14.0;0;
TOUROUVRE_SAPC;20241023;0.4;3.4;16.1;0;
TOUROUVRE_SAPC;20241024;0.2;4.5;19.4;0;
TOUROUVRE_SAPC;20241025;4.2;11.1;15.2;0;
TOUROUVRE_SAPC;20241026;0.2;10.9;13.7;0;
TOUROUVRE_SAPC;20241027;1.2;12.5;14.8;0;
TOUROUVRE_SAPC;20241028;0.0;10.5;15.0;0;
TOUROUVRE_SAPC;20241029;0.0;9.8;15.2;0;
TOUROUVRE_SAPC;20241030;0.0;9.5;15.4;0;
TOUROUVRE_SAPC;20241031;0.2;9.8;15.8;0;
TOUROUVRE_SAPC;20241101;0.0;6.7;11.3;0;
TOUROUVRE_SAPC;20241102;0.0;8.3;10.3;0;
TOUROUVRE_SAPC;20241103;0.2;7.6;8.8;0;
TOUROUVRE_SAPC;20241104;0.0;5.5;13.8;0;
TOUROUVRE_SAPC;20241105;0.4;6.5;11.6;0;
TOUROUVRE_SAPC;20241106;0.2;6.1;9.0;0;
TOUROUVRE_SAPC;20241107;0.0;7.8;11.7;0;
TOUROUVRE_SAPC;20241108;0.2;8.1;9.3;0;
TOUROUVRE_SAPC;20241109;0.8;7.9;11.8;0;
TOUROUVRE_SAPC;20241110;0.0;9.6;11.0;0;
TOUROUVRE_SAPC;20241111;0.6;4.4;14.5;0;
TOUROUVRE_SAPC;20241112;0.2;5.5;9.7;0;
TOUROUVRE_SAPC;20241113;0.0;5.7;8.1;0;
TOUROUVRE_SAPC;20241114;0.0;3.0;11.7;0;
TOUROUVRE_SAPC;20241115;0.2;7.3;8.9;0;
TOUROUVRE_SAPC;20241116;0.0;3.8;9.4;0;
TOUROUVRE_SAPC;20241117;0.4;0.2;8.5;0;
TOUROUVRE_SAPC;20241118;7.5;1.3;10.5;0;
TOUROUVRE_SAPC;20241119;22.8;7.4;11.7;0;
TOUROUVRE_SAPC;20241120;1.2;-0.6;6.8;433;
TOUROUVRE_SAPC;20241121;15.0;-1.8;0.9;1135;
TOUROUVRE_SAPC;20241122;0.0;-5.0;2.1;1026;
TOUROUVRE_SAPC;20241123;0.2;-4.4;11.7;298;
TOUROUVRE_SAPC;20241124;3.4;6.9;16.3;0;
TOUROUVRE_SAPC;20241125;10.7;6.7;12.7;0;
TOUROUVRE_SAPC;20241126;1.4;5.7;10.6;0;
TOUROUVRE_SAPC;20241127;0.8;5.4;13.9;0;
TOUROUVRE_SAPC;20241128;0.0;4.0;8.4;0;
TOUROUVRE_SAPC;20241129;0.0;1.7;9.1;0;
TOUROUVRE_SAPC;20241130;0.2;-0.6;12.3;170;
TOUROUVRE_SAPC;20241201;1.6;3.4;11.8;0;
TOUROUVRE_SAPC;20241202;1.6;6.8;11.1;0;
TOUROUVRE_SAPC;20241203;0.6;2.4;8.2;0;
TOUROUVRE_SAPC;20241204;1.6;1.7;5.2;0;
TOUROUVRE_SAPC;20241205;4.6;3.7;13.5;0;
TOUROUVRE_SAPC;20241206;7.1;4.9;11.6;0;
TOUROUVRE_SAPC;20241207;20.6;6.1;9.1;0;
TOUROUVRE_SAPC;20241208;3.2;5.7;7.2;0;
TOUROUVRE_SAPC;20241209;0.6;4.4;5.6;0;
TOUROUVRE_SAPC;20241210;2.0;2.9;4.8;0;
TOUROUVRE_SAPC;20241211;0.2;3.1;4.1;0;
TOUROUVRE_SAPC;20241212;0.0;2.2;2.7;0;
TOUROUVRE_SAPC;20241213;0.0;0.5;4.1;0;
TOUROUVRE_SAPC;20241214;0.6;-0.7;3.8;189;
TOUROUVRE_SAPC;20241215;0.8;-0.6;8.7;93;
TOUROUVRE_SAPC;20241216;0.2;7.2;8.2;0;
TOUROUVRE_SAPC;20241217;0.6;5.3;8.3;0;
TOUROUVRE_SAPC;20241218;3.4;6.6;13.0;0;
TOUROUVRE_SAPC;20241219;4.2;3.6;11.0;0;
TOUROUVRE_SAPC;20241220;0.2;-0.6;7.4;77;
TOUROUVRE_SAPC;20241221;5.3;5.8;11.0;0;
TOUROUVRE_SAPC;20241222;2.2;4.4;6.9;0;
TOUROUVRE_SAPC;20241223;0.4;4.8;7.2;0;
TOUROUVRE_SAPC;20241224;0.0;4.7;9.0;0;
TOUROUVRE_SAPC;20241225;0.0;6.9;8.0;0;
TOUROUVRE_SAPC;20241226;0.0;4.9;7.3;0;
TOUROUVRE_SAPC;20241227;0.0;-0.2;8.5;24;
TOUROUVRE_SAPC;20241228;0.0;-0.9;1.1;638;
TOUROUVRE_SAPC;20241229;0.0;-0.3;3.4;0;
TOUROUVRE_SAPC;20241230;0.0;0.2;2.7;0;
TOUROUVRE_SAPC;20241231;0.0;0.8;5.7;0;
